empresa_cif;empresa_denominacion;plazas_ofertadas_inicio_numero;plazas_ofertadas_ampliacion_numero;destino_clasificacion;destino_denominacion;destino_precio;destino_año;plazas_vendidas_numero
B07012107;B the travel Brand;500;;Destinos Peninsulares e islas;ALMERIA: ESCENARIOS DE PELICULA, PAISAJE E HISTORIA;425.00;2019;97
B07012107;B the travel Brand;616;;Destinos Peninsulares e islas;COSTA DE CADIZ Y LOS PUEBLOS BLANCOS (EN TREN);425.00;2019;340
B07012107;B the travel Brand;112;;Destinos Peninsulares e islas;COSTA DE CADIZ Y LOS PUEBLOS BLANCOS (BUS);350.00;2019;62
B07012107;B the travel Brand;378;;Destinos Peninsulares e islas;ESENCIA DE ANDALUCIA: Granada, Córdoba, Málaga , Sevilla y Jaén;425.00;2019;129
B07012107;B the travel Brand;448;;Destinos Peninsulares e islas;ENCANTOS DE HUELVA;425.00;2019;147
B07012107;B the travel Brand;392;;Destinos Peninsulares e islas;ALGARVE, EL SUR DE PORTUGAL;425.00;2019;192
B07012107;B the travel Brand;500;;Destinos Peninsulares e islas;COSTA LISBOA;350.00;2019;230
B07012107;B the travel Brand;500;;Destinos Peninsulares e islas;NORTE DE PORTUGAL;350.00;2019;218
B07012107;B the travel Brand;500;;Destinos Peninsulares e islas;NORTE DE GALICIA, LOS ACANTILADOS MAS ALTOS DE EUROPA;400.00;2019;151
B07012107;B the travel Brand;224;;Destinos Peninsulares e islas;ASTURIAS EN VERDE Y NEGRO (TREN);400.00;2019;135
B07012107;B the travel Brand;112;;Destinos Peninsulares e islas;ASTURIAS EN VERDE Y NEGRO (BUS);335.00;2019;26
B07012107;B the travel Brand;350;;Destinos Peninsulares e islas;CANTABRIA Y LOS PICOS DE EUROPA;335.00;2019;159
B07012107;B the travel Brand;784;;Destinos Peninsulares e islas;EUSKADI, TRADICION Y VANGUARDIA;425.00;2019;301
B07012107;B the travel Brand;616;;Destinos Peninsulares e islas;TRILOGIA DEL BAZTAN (NORTE DE NAVARRA, GUIPUZCOA Y PAIS VASCO FRANCES);425.00;2019;289
B07012107;B the travel Brand;280;;Destinos Peninsulares e islas;REINO DE NAVARRA, CASTILLOS Y MONASTERIOS;425.00;2019;129
B07012107;B the travel Brand;312;;Destinos Peninsulares e islas;LOURDES, ANDORRA Y SABORES DEL PIRINEO ARAGONES;425.00;2019;120
B07012107;B the travel Brand;168;;Destinos Peninsulares e islas;LA ALBERCA, CANDELARIO , LA VERA Y LAS HURDES (TREN);375.00;2019;64
B07012107;B the travel Brand;112;;Destinos Peninsulares e islas;LA ALBERCA, CANDELARIO , LA VERA Y LAS HURDES (BUS);335.00;2019;18
B07012107;B the travel Brand;448;;Destinos Peninsulares e islas;TERUEL Y LOS PUEBLOS MAS BONITOS DE ESPAÑA;350.00;2019;221
B07012107;B the travel Brand;400;;Destinos Peninsulares e islas;ANTEQUERA;426.00;2019;214
B07012107;B the travel Brand;210;;Destinos Peninsulares e islas;PANTICOSA;425.00;2019;94
B07012107;B the travel Brand;350;;Destinos Peninsulares e islas;SAN SEBASTIAN - LOURDES - VALLE DE ARAN;425.00;2019;133
B07012107;B the travel Brand;400;;Destinos Peninsulares e islas;CORDOBA Y GRANADA;425.00;2019;203
B07012107;B the travel Brand;200;;Destinos Peninsulares e islas;RUTE;350.00;2019;11
B07012107;B the travel Brand;400;;Destinos Peninsulares e islas;GALICIA RIAS BAIXAS;390.00;2019;95
B07012107;B the travel Brand;423;;Destinos Internacionales;POLONIA;970.00;2019;303
B07012107;B the travel Brand;750;;Destinos Internacionales;ESCANDINAVIA;1200.00;2019;462
B07012107;B the travel Brand;405;;Destinos Internacionales;RUMANIA;950.00;2019;320
B07012107;B the travel Brand;300;;Destinos Internacionales;SERBIA;950.00;2019;142
B07012107;B the travel Brand;120;;Destinos Internacionales;CIUDADES HANSEATICAS;1090.00;2019;118
B07012107;B the travel Brand;700;;Destinos Internacionales;NORUEGA;1200.00;2019;692
B07012107;B the travel Brand;410;;Destinos Internacionales;MARRUECOS ;890.00;2019;260
B07012107;B the travel Brand;280;;Destinos Internacionales;COSTA DEL SOL, CEUTA Y MELILLA;775.00;2019;142
B07012107;B the travel Brand;210;;Destinos Internacionales;TURQUIA;950.00;2019;210
B07012107;B the travel Brand;500;;Destinos Internacionales;PORTUGAL DE NORTE A SUR;830.00;2019;80
B07012107;B the travel Brand;200;;Destinos Internacionales;ISRAEL TIERRA SANTA ;1200.00;2019;200
B07012107;B the travel Brand;240;;Destinos Internacionales;ALBANIA MONTENEGRO Y MACEDONIA;950.00;2019;134
B07012107;B the travel Brand;300;;Destinos Internacionales;CORFÚ: ANTIGUO REINO VENECIANO;895.00;2019;123
B07012107;B the travel Brand;450;;Destinos Internacionales;CORCEGA Y CERDEÑA;930.00;2019;344
B07012107;B the travel Brand;384;;Destinos Internacionales;MALTA;935.00;2019;195
B07012107;B the travel Brand;200;;Destinos Internacionales;CIUDADES IMPERIALES (PRG/VIE);950.00;2019;130
B07012107;B the travel Brand;600;;Destinos Internacionales;CIUDADES IMPERIALES (PRG/BUD);950.00;2019;426
B07012107;B the travel Brand;646;;Destinos Internacionales;ITALIA CLÁSICA;950.00;2019;391
B07012107;B the travel Brand;150;;Destinos Internacionales;ITALIA SUR;950.00;2019;150
B07012107;B the travel Brand;192;;Destinos Internacionales;ITALIA NORTE;950.00;2019;117
B07012107;B the travel Brand;400;;Destinos Internacionales;SICILIA;1040.00;2019;400
B07012107;B the travel Brand;400;;Destinos Internacionales;GRECIA;1095.00;2019;359
B07012107;B the travel Brand;384;;Destinos Internacionales;CROACIA (ZAG-DBV);1135.00;2019;345
B07012107;B the travel Brand;336;;Destinos Internacionales;CROACIA (DBV-ZAZ);1135.00;2019;338
B07012107;B the travel Brand;270;;Destinos Internacionales;IRLANDA;1175.00;2019;267
B07012107;B the travel Brand;560;;Destinos Internacionales;ESCOCIA;1200.00;2019;560
B07012107;B the travel Brand;270;;Destinos Internacionales;RUTA DE CARLOMAGNO;950.00;2019;249
B07012107;B the travel Brand;770;;Destinos Internacionales;PARIS - CASTILLOS DEL LOIRA;995.00;2019;477
B07012107;B the travel Brand;240;;Destinos Internacionales;BULGARIA;950.00;2019;230
B07012107;B the travel Brand;350;;Destinos Internacionales;SUIZA Y EL CORAZON DE LOS ALPES;1200.00;2019;339
B07012107;B the travel Brand;260;;Destinos Internacionales;PARIS PAISES BAJOS;950.00;2019;223
B07012107;B the travel Brand;450;;Destinos Internacionales;SUIZA Y BELLA ASTRIA (ZURICH - MUNICH);1045.00;2019;339
B07012107;B the travel Brand;168;;Destinos Internacionales;INGLATERRA;1095.00;2019;168
B07012107;B the travel Brand;658;;Destinos Internacionales;REPUBLICAS BALTICAS;1130.00;2019;364
B07012107;B the travel Brand;850;;Destinos Internacionales;SELVA NEGRA Y ALSACIA;995.00;2019;781
B07012107;B the travel Brand;400;;Destinos Internacionales;ALEMANIA;995.00;2019;262
B07012107;B the travel Brand;240;;Destinos Internacionales;BULGARIA, GRECIA Y MACEDONIA;1180.00;2019;151
B07012107;B the travel Brand;400;;Crucero;CRUCERO MEDITERRANEO ORIENTAL - MSC OPERA;1200.00;2019;216
B07012107;B the travel Brand;350;;Ciudades Internacionales;ESTANCIA EN PARIS;750.00;2019;272
B07012107;B the travel Brand;300;;Ciudades Internacionales;ESTANCIA EN BERLIN;750.00;2019;248
B07012107;B the travel Brand;308;;Ciudades Internacionales;ESTANCIA EN LONDRES;750.00;2019;197
B07012107;B the travel Brand;264;;Ciudades Internacionales;ESTANCIA EN PRAGA;750.00;2019;182
B07012107;B the travel Brand;120;;Ciudades Internacionales;ESTANCIA EN BUDAPEST;750.00;2019;119
B07012107;B the travel Brand;250;;Ciudades Internacionales;ESTANCIA EN MARRAKECH;650.00;2019;130
B07012107;B the travel Brand;300;;Gran Recorrido;VIETNAM;1480.00;2019;298
B07012107;B the travel Brand;150;;Gran Recorrido;GEORGIA;1180.00;2019;67
B07012107;B the travel Brand;180;;Gran Recorrido;INDIA CON VARANASI;1480.00;2019;155
B07012107;B the travel Brand;120;;Gran Recorrido;MALASIA;1480.00;2019;119
B07012107;B the travel Brand;150;;Gran Recorrido;MYANMAR;1480.00;2019;150
B07012107;B the travel Brand;375;;Gran Recorrido;CHINA ;1480.00;2019;344
B07012107;B the travel Brand;225;;Gran Recorrido;EGIPTO;1195.00;2019;225
B07012107;B the travel Brand;1080;;Gran Recorrido;RUSIA;1380.00;2019;981
B07012107;B the travel Brand;240;;Gran Recorrido;MÉXICO;1400.00;2019;126
B07012107;B the travel Brand;330;;Gran Recorrido;CUBA (HABANA- VARADERO);1395.00;2019;185
B07012107;B the travel Brand;120;;Gran Recorrido;CUBA (VARADERO -HABANA);1395.00;2019;81
B07012107;B the travel Brand;240;;Gran Recorrido;ARMENIA;1185.00;2019;196
B07012107;B the travel Brand;210;;Gran Recorrido;BALI;1480.00;2019;138
B07012107;B the travel Brand;120;;Gran Recorrido;NEPAL;1480.00;2019;115
B07012107;B the travel Brand;180;;Gran Recorrido;TAILANDIA;1480.00;2019;179
B07012107;B the travel Brand;240;;Gran Recorrido;LÍBANO;1480.00;2019;199
B07012107;B the travel Brand;180;;Gran Recorrido;KATHMANDÚ Y NORTE DE INDIA;1480.00;2019;109
B07012107;B the travel Brand;270;;Gran Recorrido;UZBEKISTAN;1480.00;2019;270
B07012107;B the travel Brand;240;;Gran Recorrido;SUDAFRICA;1480.00;2019;239
B07012107;B the travel Brand;120;;Gran Recorrido;CANADA ZONA FRANCOFONA;1480.00;2019;119
U88239678;Caminos 6,0;150;;Destinos Peninsulares e islas;ASTURIAS, MARINA LUCENCE Y PLAYA DE LAS CATEDRALES;275.00;2019;2
U88239678;Caminos 6,0;150;;Destinos Peninsulares e islas;GALICIA, RÍAS BAIXAS;325.00;2019;0
U88239678;Caminos 6,0;100;;Destinos Peninsulares e islas;GRANADA LEGADO NAZARI Y RUTA DEL CALIFATO;320.00;2019;0
U88239678;Caminos 6,0;150;;Destinos Peninsulares e islas;CADIZ, PUEBLOS BLANCOS ;415.00;2019;4
U88239678;Caminos 6,0;96;;Destinos Peninsulares e islas;ASTURIAS;415.00;2019;0
U88239678;Caminos 6,0;80;;Destinos Peninsulares e islas;GRANADA Y LAS ALPUJARRAS;425.00;2019;0
U88239678;Caminos 6,0;112;;Destinos Peninsulares e islas;CANTABRIA;415.00;2019;2
U88239678;Caminos 6,0;96;;Destinos Peninsulares e islas;HUELVA AL COMPLETO Y ALGARVE;425.00;2019;2
U88239678;Caminos 6,0;160;;Destinos Peninsulares e islas;CÁDIZ ;425.00;2019;8
U88239678;Caminos 6,0;96;;Destinos Peninsulares e islas;MÁLAGA;425.00;2019;0
U88239678;Caminos 6,0;64;;Destinos Peninsulares e islas;DELTA DEL EBRO Y MONASTERIOS;425.00;2019;0
U88239678;Caminos 6,0;300;;Destinos Peninsulares e islas;CASTILLA Y LEÓN;425.00;2019;2
U88239678;Caminos 6,0;1100;;Destinos Internacionales;GRANDES BELLEZAS DE TURQUIA;1140.00;2019;15
U88239678;Caminos 6,0;50;;Destinos Internacionales;BÁLTICOS;1080.00;2019;0
U88239678;Caminos 6,0;50;;Destinos Internacionales;BELLEZA DE LOS PAISES BÁLTICOS;1080.00;2019;0
U88239678;Caminos 6,0;176;;Destinos Internacionales;TIERRA SANTA Y JORDANIA;1200.00;2019;16
U88239678;Caminos 6,0;49;;Destinos Internacionales;NORUEGA, FIORDOS Y GLACIARES;1200.00;2019;7
U88239678;Caminos 6,0;196;;Destinos Internacionales;TOSCANA;950.00;2019;0
U88239678;Caminos 6,0;200;;Destinos Internacionales;ITALIA MÁGICA;950.00;2019;0
U88239678;Caminos 6,0;147;;Destinos Internacionales;LO MEJOR DE TIROL Y BAVIERA;950.00;2019;2
U88239678;Caminos 6,0;200;;Destinos Internacionales;PERLAS DE CENTROEUROPA;950.00;2019;9
U88239678;Caminos 6,0;168;;Destinos Internacionales;BULGARIA;895.00;2019;3
U88239678;Caminos 6,0;136;;Destinos Internacionales;CIUDADES IMPERIALES (ENTRADA POR PRAGA);950.00;2019;0
U88239678;Caminos 6,0;88;;Destinos Internacionales;CIUDADES IMPERIALES (ENTRADA POR VIENA);950.00;2019;0
U88239678;Caminos 6,0;208;;Destinos Internacionales;ENCANTOS DE CROACIA;1060.00;2019;21
U88239678;Caminos 6,0;64;;Destinos Internacionales;EGIPTO;1175.00;2019;2
U88239678;Caminos 6,0;200;;Destinos Internacionales;EGIPTO CUNA DE FARAONES;1095.00;2019;0
U88239678;Caminos 6,0;176;;Destinos Internacionales;ITALIA HISTÓRICA;950.00;2019;1
U88239678;Caminos 6,0;112;;Destinos Internacionales;PAÍSES BAJOS;990.00;2019;2
U88239678;Caminos 6,0;72;;Destinos Internacionales;RUMANIA;950.00;2019;0
U88239678;Caminos 6,0;152;;Destinos Internacionales;SICILIA;950.00;2019;13
U88239678;Caminos 6,0;64;;Destinos Internacionales;MARRUECOS (Tren);685.00;2019;0
U88239678;Caminos 6,0;88;;Destinos Internacionales;MARRUECOS (AVIÓN);799.00;2019;0
U88239678;Caminos 6,0;150;;Destinos Internacionales;JOYAS DE POLONIA;950.00;2019;10
U88239678;Caminos 6,0;240;;Ciudades Internacionales;BRUSELAS;748.00;2019;0
U88239678;Caminos 6,0;30;;Crucero;MARAVILLAS DEL MEDITERRANEO;985.00;2019;0
U88239678;Caminos 6,0;30;;Crucero;ESENCIA DE ITALIA;960.00;2019;0
U88239678;Caminos 6,0;30;;Crucero;ISLAS GRIEGAS;1200.00;2019;16
U88239678;Caminos 6,0;80;;Gran Recorrido;CUBA COLONIAL Y CAYO SANTA MARIA;1475.00;2019;0
U88239678;Caminos 6,0;100;;Gran Recorrido;NEPAL;1475.00;2019;0
U88239678;Caminos 6,0;175;;Gran Recorrido;SUDÁFRICA;1475.00;2019;24
U88239678;Caminos 6,0;280;;Gran Recorrido;CHINA;1480.00;2019;0
U88239678;Caminos 6,0;210;;Gran Recorrido;TAILANDIA;1475.00;2019;2
U88239678;Caminos 6,0;120;;Gran Recorrido;COSTA RICA, CULTURA Y NATURALEZA;1475.00;2019;2
U88239678;Caminos 6,0;132;;Gran Recorrido;KYRGYZSTÁN Y KAZAJSTÁN;1480.00;2019;3
U88239678;Caminos 6,0;252;;Gran Recorrido;EGIPTO - CUNA DE FARAONES;1095.00;2019;0
U88239678;Caminos 6,0;40;;Gran Recorrido;UZBEKISTAN;1475.00;2019;4
U88239678;Caminos 6,0;570;;Gran Recorrido;INCREIBLE INDIA;1290.00;2019;6
U88239678;Caminos 6,0;68;;Gran Recorrido;GUATEMALA;1480.00;2019;0
U88239678;Caminos 6,0;96;;Gran Recorrido;IRÁN TESOROS DE PERSIA;1395.00;2019;5
U88239678;Caminos 6,0;88;;Gran Recorrido;GEORGIA -ARMENIA;1450.00;2019;0
U88239678;Caminos 6,0;132;;Gran Recorrido;Matrioshkas de Rusia;1455.00;2019;2
U88239678;Caminos 6,0;42;;Gran Recorrido;LAPONIA, ISLAS LOFOTEN Y CABO NORTE;1480.00;2019;11
A04006706;Cemo;270;;Destinos Peninsulares e islas;CÁDIZ Y LOS PUEBLOS BLANCOS ;425.00;2019;118
A04006706;Cemo;270;;Destinos Peninsulares e islas;CANTABRIA;290.00;2019;56
A04006706;Cemo;216;;Destinos Peninsulares e islas;JAÉN Y SIERRA DE CAZORLA ;310.00;2019;73
A04006706;Cemo;270;;Destinos Peninsulares e islas;HUELVA: RUTA COLOMBINA Y ALGARVE ;420.00;2019;47
A04006706;Cemo;216;;Destinos Peninsulares e islas;HUESCA;350.00;2019;44
A04006706;Cemo;270;;Destinos Peninsulares e islas;EXTREMADURA: LEGADO HISTÓRICO;350.00;2019;72
A04006706;Cemo;216;;Destinos Peninsulares e islas;EL MAESTRAZGO, TIERRA DE TEMPLARIOS;340.00;2019;60
A04006706;Cemo;270;;Destinos Peninsulares e islas;CÓRDOBA - SEVILLA ;415.00;2019;70
A04006706;Cemo;270;;Destinos Peninsulares e islas;NAVARRA INEDITA;425.00;2019;89
A04006706;Cemo;270;;Destinos Peninsulares e islas;LO MEJOR DEL NORTE DE PORTUGAL;345.00;2019;93
A04006706;Cemo;270;;Destinos Peninsulares e islas;GERONA MEDIEVAL;425.00;2019;71
A04006706;Cemo;270;;Destinos Peninsulares e islas;MALAGA Y EL CAMINITO DEL REY;400.00;2019;187
A04006706;Cemo;270;;Destinos Peninsulares e islas;GALICIA: LAS RIAS BAIXAS;380.00;2019;55
A04006706;Cemo;270;;Destinos Peninsulares e islas;LA RIOJA;350.00;2019;75
A04006706;Cemo;270;;Destinos Peninsulares e islas;SEVILLA Y ALGARVE;425.00;2019;77
A04006706;Cemo;250;;Destinos Peninsulares e islas;PAIS VASCO AUTENTICO;350.00;2019;106
A04006706;Cemo;270;;Destinos Peninsulares e islas;PAÍS VASCO AL COMPLETO;425.00;2019;58
A04006706;Cemo;270;;Destinos Peninsulares e islas;ASTURIAS AL COMPLETO ;295.00;2019;62
A04006706;Cemo;270;;Destinos Peninsulares e islas;PORTUGAL AL COMPLETO;350.00;2019;97
A04006706;Cemo;260;;Destinos Internacionales;CROACIA ESLOVENIA?;950.00;2019;133
A04006706;Cemo;250;;Destinos Internacionales;TURQUIA;938.00;2019;102
A04006706;Cemo;250;;Destinos Internacionales;ITALIA MÁGICA;950.00;2019;66
A04006706;Cemo;250;;Destinos Internacionales;SICILIA AL COMPLETO;950.00;2019;58
A04006706;Cemo;250;;Destinos Internacionales;CENTRO EUROPA;950.00;2019;128
A04006706;Cemo;250;;Destinos Internacionales;AUSTRIA TIROL REGION DE LOS LAGOS;950.00;2019;103
A04006706;Cemo;250;;Destinos Internacionales;SELVA NEGRA;950.00;2019;118
A04006706;Cemo;250;;Destinos Internacionales;TOSCANA;950.00;2019;105
A04006706;Cemo;260;;Destinos Internacionales;MONTENEGRO, MACEDONIA Y ALBANIA;1070.00;2019;80
A04006706;Cemo;250;;Destinos Internacionales;BALTICOS;1080.00;2019;73
A04006706;Cemo;250;;Destinos Internacionales;ISRAEL Y JORDANIA;1200.00;2019;116
A04006706;Cemo;200;;Destinos Internacionales;EGIPTO - CUNA DE FARAONES;1095.00;2019;157
A04006706;Cemo;50;;Destinos Internacionales;CUNA DE FARAONES - OPCION II;950.00;2019;57
A04006706;Cemo;400;;Destinos Internacionales;POLONIA;950.00;2019;99
A04006706;Cemo;360;;Destinos Internacionales;DUBROVNIK, BELGRADO, SARAJEVO Y SOFIA;1065.00;2019;75
A04006706;Cemo;330;;Destinos Internacionales;FASCINANTE ESTAMBUL Y DUBAI;1200.00;2019;92
A04006706;Cemo;500;;Destinos Internacionales;ITALIA SUR;950.00;2019;86
A04006706;Cemo;500;;Destinos Internacionales;JOYAS DE REP CHECA, BOHEMIA Y BERLIN;950.00;2019;102
A04006706;Cemo;400;;Destinos Internacionales;ALEMANIA CLASICA;1050.00;2019;85
A04006706;Cemo;400;;Destinos Internacionales;ALEMANIA ROMANTICA;950.00;2019;87
A04006706;Cemo;400;;Destinos Internacionales;SUIZA, SELVA NEGRA Y RUTA ROMANTICA;1090.00;2019;87
A04006706;Cemo;400;;Destinos Internacionales;ENCANTOS DE SUIZA;1200.00;2019;93
A04006706;Cemo;350;;Destinos Internacionales;FINLANDIA Y LAS REPÚBLICAS BÁLTICAS;1200.00;2019;53
A04006706;Cemo;350;;Destinos Internacionales;MARAVILLAS DEL BÁLTICO Y SUECIA;1190.00;2019;110
A04006706;Cemo;350;;Destinos Internacionales;BELLEZAS DE ESCANDINAVIA;1195.00;2019;56
A04006706;Cemo;500;;Destinos Internacionales;PARIS, BRETAÑA Y NORMANDÍA;1050.00;2019;55
A04006706;Cemo;500;;Destinos Internacionales;BULGARIA;890.00;2019;80
A04006706;Cemo;500;;Destinos Internacionales;GRECIA MÍTICA;1020.00;2019;61
A04006706;Cemo;400;;Destinos Internacionales;LO MEJOR DE IRLANDA;1170.00;2019;85
A04006706;Cemo;400;;Destinos Internacionales;LO MEJOR DE INGLATERRA;1195.00;2019;63
A04006706;Cemo;500;;Destinos Internacionales;MALTA FASCINANTE;950.00;2019;47
A04006706;Cemo;500;;Destinos Internacionales;MARAVILLAS DE NORUEGA;1195.00;2019;89
A04006706;Cemo;500;;Destinos Internacionales;PARIS -- PAISES BAJOS ó Viceversa;1040.00;2019;113
A04006706;Cemo;500;;Destinos Internacionales;RUMANIA AL COMPLETO;890.00;2019;75
A04006706;Cemo;320;;Destinos Internacionales;MARRUECOS SUR IMPERIAL;790.00;2019;55
A04006706;Cemo;450;;Destinos Internacionales;PARIS - LONDRES ó Viceversa;1090.00;2019;37
A04006706;Cemo;270;;Ciudades Internacionales;COSTA DE LISBOA;695.00;2019;23
A04006706;Cemo;200;;Crucero;CRUCERO RHIN;1199.00;2019;75
A04006706;Cemo;250;;Crucero;CRUCERO POR EL DANUBIO;1199.00;2019;66
A04006706;Cemo;300;;Crucero;CRUCERO VOLGA NOCHES BLANCAS;1425.00;2019;41
A04006706;Cemo;198;;Gran Recorrido;UZBEKISTAN;1480.00;2019;84
A04006706;Cemo;126;;Gran Recorrido;VIETNAM;1480.00;2019;58
A04006706;Cemo;250;;Gran Recorrido;RUSIA A - LED/MOW;1455.00;2019;153
A04006706;Cemo;100;;Gran Recorrido;GUATEMALA;1480.00;2019;33
A04006706;Cemo;36;;Gran Recorrido;IRAN TESOROS DE PERSIA;1395.00;2019;46
A04006706;Cemo;80;;Gran Recorrido;GEORGIA -ARMENIA;1450.00;2019;51
A04006706;Cemo;500;;Gran Recorrido;CUBA (HABANA- VARADERO);1395.00;2019;47
A04006706;Cemo;200;;Gran Recorrido;MÉXICO;1395.00;2019;57
A04006706;Cemo;360;;Gran Recorrido;Argentina Maravillosa;1480.00;2019;65
A04006706;Cemo;500;;Gran Recorrido;ENCANTOS DEL ESTE CANADIENSE;1480.00;2019;81
A04006706;Cemo;500;;Gran Recorrido;CHINA LEGENDARIA;1480.00;2019;49
A04006706;Cemo;500;;Gran Recorrido;NUEVA YORK : LA GRAN MANZANA;1480.00;2019;116
A04006706;Cemo;400;;Gran Recorrido;INCREÍBLE SRI LANKA;1480.00;2019;41
A04006706;Cemo;500;;Gran Recorrido;SUDÁFRICA EXÓTICA;1480.00;2019;51
A04006706;Cemo;400;;Gran Recorrido;TAHILANDIA CLASICA;1480.00;2019;60
A04006706;Cemo;500;;Gran Recorrido;INCREIBLE INDIA;1290.00;2019;66
A28663219;Cibeles;384;;Destinos Peninsulares e islas;CADIZ Y PUEBLOS BLANCOS EN ALVIA;400.00;2019;288
A28663219;Cibeles;256;;Destinos Peninsulares e islas;GERONA Y SUR DE FRANCIA EN AVE;425.00;2019;256
A28663219;Cibeles;288;;Destinos Peninsulares e islas;HUElVA Y RUTA COLOMBINA;395.00;2019;247
A28663219;Cibeles;306;;Destinos Peninsulares e islas;PIRINEO ARAGONÉS Y ANDORRA EN AVE;375.00;2019;283
A28663219;Cibeles;384;;Destinos Peninsulares e islas;TESOROS DE LA COSTA DEL SOL EN AVE;400.00;2019;352
A28663219;Cibeles;256;;Destinos Peninsulares e islas;CORDOBA Y SEVILLA EN AVE;425.00;2019;134
A28663219;Cibeles;98;;Destinos Peninsulares e islas;PIRINEOS - RELAX , CULTURA Y NATURALEZA;425.00;2019;95
A28663219;Cibeles;252;;Destinos Peninsulares e islas;NAVARRA AUTÉNTICA;350.00;2019;225
A28663219;Cibeles;210;;Destinos Peninsulares e islas;PAIS VASCO AUTENTICO;350.00;2019;210
A28663219;Cibeles;324;;Destinos Peninsulares e islas;GRANADA;425.00;2019;207
A28663219;Cibeles;198;;Destinos Peninsulares e islas;PIRINEO NAVARRO - FRANCÉS;350.00;2019;191
A28663219;Cibeles;150;;Destinos Peninsulares e islas;GALICIA RIAS BAIXAS;380.00;2019;146
A28663219;Cibeles;175;;Destinos Peninsulares e islas;LA RIOJA;350.00;2019;95
A28663219;Cibeles;175;;Destinos Peninsulares e islas;CANTABRIA LOW COST;270.00;2019;126
A28663219;Cibeles;200;;Destinos Peninsulares e islas;NORTE DE PORTUGAL;350.00;2019;176
A28663219;Cibeles;352;;Destinos Peninsulares e islas;PORTUGAL: COSTA DE LISBOA;350.00;2019;291
A28663219;Cibeles;156;;Destinos Peninsulares e islas;ASTURIAS;295.00;2019;135
A28663219;Cibeles;320;;Destinos Peninsulares e islas;GALICIA MARIÑA LUCENSE EN TREN;395.00;2019;205
A28663219;Cibeles;144;;Destinos Peninsulares e islas;PAIS VASCO EN TREN;425.00;2019;144
A28663219;Cibeles;200;;Destinos Peninsulares e islas;LOS PUEBLOS MAS BONITOS DE TERUEL;350.00;2019;198
A28663219;Cibeles;70;;Destinos Internacionales;CAPITALES DE ALEMANIA;995.00;2019;70
A28663219;Cibeles;168;;Destinos Internacionales;BULGARIA;950.00;2019;142
A28663219;Cibeles;72;;Destinos Internacionales;CIUDADES HANSEATICAS;1090.00;2019;72
A28663219;Cibeles;90;;Destinos Internacionales;"CENTROEUROPA ""A"" (PRG-VIE)";950.00;2019;90
A28663219;Cibeles;80;;Destinos Internacionales;"CENTROEUROPA ""B"" (BUD - PRG)";950.00;2019;80
A28663219;Cibeles;110;;Destinos Internacionales;ESCOCIA;1200.00;2019;110
A28663219;Cibeles;110;;Destinos Internacionales;GRECIA CLASICA Y METEORA;1095.00;2019;110
A28663219;Cibeles;84;;Destinos Internacionales;IRLANDA;1175.00;2019;84
A28663219;Cibeles;210;;Destinos Internacionales;ITALIA CLÁSICA;950.00;2019;210
A28663219;Cibeles;136;;Destinos Internacionales;PARÍS CASTILLOS DEL LOIRA;995.00;2019;136
A28663219;Cibeles;117;;Destinos Internacionales;PARÍS PAÍSES BAJOS;950.00;2019;117
A28663219;Cibeles;80;;Destinos Internacionales;SERBIA;950.00;2019;75
A28663219;Cibeles;180;;Destinos Internacionales;ALEMANIA SELVA NEGRA;950.00;2019;168
A28663219;Cibeles;150;;Destinos Internacionales;CROACIA Pula -- Dubrovnik;950.00;2019;150
A28663219;Cibeles;130;;Destinos Internacionales;CROACIA Dubrovnik -- Dubrovnik;950.00;2019;130
A28663219;Cibeles;170;;Destinos Internacionales;AUSTRIA - TIROL Y REGION DE LOS LAGOS ;950.00;2019;153
A28663219;Cibeles;140;;Destinos Internacionales;SICILIA;950.00;2019;139
A28663219;Cibeles;104;;Destinos Internacionales;TURQUIA MÁGICA;945.00;2019;104
A28663219;Cibeles;330;;Destinos Internacionales;EGIPTO;1095.00;2019;151
A28663219;Cibeles;840;;Destinos Internacionales;ITALIA SUR;950.00;2019;133
A28663219;Cibeles;1100;;Destinos Internacionales;POLONIA;940.00;2019;166
A28663219;Cibeles;900;;Destinos Internacionales;RUMANIA;890.00;2019;142
A28663219;Cibeles;650;;Destinos Internacionales;INGLATERRA;1195.00;2019;134
A28663219;Cibeles;350;;Destinos Internacionales;FINLANDIA Y REPÚBLICAS BÁLTICAS;1200.00;2019;127
A28663219;Cibeles;320;;Destinos Internacionales;TIERRA SANTA Y JORDANIA;1200.00;2019;208
A28663219;Cibeles;420;;Destinos Internacionales;ARMENIA;1200.00;2019;98
A28663219;Cibeles;105;;Destinos Internacionales;BURDEOS REGIÓN DE AQUITANIA;940.00;2019;24
A28663219;Cibeles;198;;Destinos Internacionales;RUTA DE LA LAVANDA Y PROVENZA;940.00;2019;74
A28663219;Cibeles;240;;Destinos Internacionales;ALBANIA, MONTENEGRO Y MACEDONIA;950.00;2019;130
A28663219;Cibeles;150;;Destinos Internacionales;CHIPRE;1200.00;2019;42
A28663219;Cibeles;162;;Destinos Internacionales;MARRUECOS;760.00;2019;132
A28663219;Cibeles;90;;Destinos Internacionales;CERDEÑA Y CÓRCEGA;930.00;2019;71
A28663219;Cibeles;60;;Destinos Internacionales;CORFÚ. ANTIGUO REINO VENECIANO;895.00;2019;58
A28663219;Cibeles;700;;Destinos Internacionales;ESCANDINAVIA;1195.00;2019;210
A28663219;Cibeles;650;;Destinos Internacionales;MARAVILLAS DE NORUEGA;1195.00;2019;201
A28663219;Cibeles;450;;Destinos Internacionales;SUIZA;1200.00;2019;153
A28663219;Cibeles;450;;Destinos Internacionales;PARÍS Y LONDRES;1090.00;2019;85
A28663219;Cibeles;800;;Destinos Internacionales;TOSCANA Y DOLOMITAS;950.00;2019;73
A28663219;Cibeles;330;;Destinos Internacionales;EMIRATOS Y ESTAMBUL;1200.00;2019;61
A28663219;Cibeles;72;;Ciudades Internacionales;PRAGA;750.00;2019;72
A28663219;Cibeles;84;;Ciudades Internacionales;LONDRES;750.00;2019;80
A28663219;Cibeles;150;;Ciudades Internacionales;LISBOA;695.00;2019;63
A28663219;Cibeles;90;;Ciudades Internacionales;MARRAKECH;600.00;2019;58
A28663219;Cibeles;28;;Crucero;CRUCERO POR EL MEDITERRÁNEO;1200.00;2019;28
A28663219;Cibeles;20;;Crucero;CRUCERO ISLAS GRIEGAS;1200.00;2019;20
A28663219;Cibeles;2500;;Crucero;CRUCERO FLUVIAL POR EL RHIN;1199.00;2019;225
A28663219;Cibeles;300;;Crucero;CRUCERO FLUVIAL POR EL DANUBIO;1199.00;2019;152
A28663219;Cibeles;300;;Crucero;CRUCERO FLUVIAL POR EL VOLGA;1425.00;2019;250
A28663219;Cibeles;54;;Gran Recorrido;MYANMAR;1480.00;2019;54
A28663219;Cibeles;720;;Gran Recorrido;BELLEZAS DE LA INDIA;1480.00;2019;124
A28663219;Cibeles;140;;Gran Recorrido;"IRAN ""TESOROS DE PERSIA""";1430.00;2019;137
A28663219;Cibeles;520;;Gran Recorrido;GRAN RUTA DE LA SEDA;1480.00;2019;323
A28663219;Cibeles;1400;;Gran Recorrido;CANADÁ;1480.00;2019;148
A28663219;Cibeles;525;;Gran Recorrido;SUDÁFRICA;1480.00;2019;96
A28663219;Cibeles;750;;Gran Recorrido;VIETNAM;1480.00;2019;179
A28663219;Cibeles;900;;Gran Recorrido;NUEVA YORK;1480.00;2019;191
A28663219;Cibeles;250;;Gran Recorrido;CAPITALES DE RUSIA;1420.00;2019;250
A28663219;Cibeles;174;;Gran Recorrido;MEXICO COLONIAL;1480.00;2019;87
A28663219;Cibeles;80;;Gran Recorrido;V CENTENARIO DE LA HABANA;1450.00;2019;8
A28663219;Cibeles;150;;Gran Recorrido;CUBA AL COMPLETO;1480.00;2019;141
A28663219;Cibeles;125;;Gran Recorrido;CHINA;1470.00;2019;83
A28663219;Cibeles;126;;Gran Recorrido;TAILANDIA;1480.00;2019;95
A28663219;Cibeles;210;;Gran Recorrido;INDIA Y NEPAL;1480.00;2019;92
A84523505;IAG7;450;;Destinos Peninsulares e islas;HUELVA Y LUGARES COLOMBINOS;395.00;2019;71
A84523505;IAG7;600;;Destinos Peninsulares e islas;CÁDIZ Y PUEBLOS BLANCOS;400.00;2019;155
A84523505;IAG7;400;;Destinos Peninsulares e islas;GERONA MEDIEVAL;425.00;2019;104
A84523505;IAG7;600;;Destinos Peninsulares e islas;MALAGA Y EL CAMINITO DEL REY;425.00;2019;130
A84523505;IAG7;400;;Destinos Peninsulares e islas;CÓRDOBA Y SEVILLA;425.00;2019;44
A84523505;IAG7;400;;Destinos Peninsulares e islas;AGUAS Y VINOS DE ARAGON;425.00;2019;9
A84523505;IAG7;350;;Destinos Peninsulares e islas;ALTOS PIRINEOS Y BALNEARIO;425.00;2019;43
A84523505;IAG7;200;;Destinos Peninsulares e islas;NAVARRA INEDITA;425.00;2019;63
A84523505;IAG7;200;;Destinos Peninsulares e islas;GRANADA;425.00;2019;41
A84523505;IAG7;500;;Destinos Peninsulares e islas;SEVILLA Y ALGARVE;425.00;2019;45
A84523505;IAG7;150;;Destinos Peninsulares e islas;PAIS VASCO Y CANTABRIA;360.00;2019;55
A84523505;IAG7;300;;Destinos Peninsulares e islas;JAÉN Y CORDOBA;350.00;2019;30
A84523505;IAG7;250;;Destinos Peninsulares e islas;GALICIA: LAS RIAS BAIXAS;380.00;2019;32
A84523505;IAG7;250;;Destinos Peninsulares e islas;LA RIOJA;350.00;2019;44
A84523505;IAG7;300;;Destinos Peninsulares e islas;CANTABRIA LOW COST;270.00;2019;56
A84523505;IAG7;350;;Destinos Peninsulares e islas;EXTREMADURA;350.00;2019;27
A84523505;IAG7;350;;Destinos Peninsulares e islas;CADIZ Y MARRUECOS;425.00;2019;26
A84523505;IAG7;325;;Destinos Peninsulares e islas;MARIÑA LUCENSE, LUGO Y ASTURIAS;395.00;2019;63
A84523505;IAG7;350;;Destinos Peninsulares e islas;LO MEJOR DEL NORTE DE PORTUGAL;345.00;2019;100
A84523505;IAG7;250;;Destinos Peninsulares e islas;ASTURIAS AL COMPLETO ;295.00;2019;58
A84523505;IAG7;300;;Destinos Peninsulares e islas;PAÍS VASCO AL COMPLETO;425.00;2019;93
A84523505;IAG7;800;;Destinos Internacionales;ALEMANIA;1050.00;2019;18
A84523505;IAG7;650;;Destinos Internacionales;ALEMANIA NORTE;1030.00;2019;30
A84523505;IAG7;600;;Destinos Internacionales;ALEMANIA ROMANTICA;950.00;2019;26
A84523505;IAG7;650;;Destinos Internacionales;SUIZA, SELVA NEGRA Y RUTA ROMANTICA;1090.00;2019;53
A84523505;IAG7;600;;Destinos Internacionales;BELLEZAS DE ESCANDINAVIA;1195.00;2019;75
A84523505;IAG7;640;;Destinos Internacionales;FINLANDIA Y LAS REPÚBLICAS BÁLTICAS;1200.00;2019;28
A84523505;IAG7;650;;Destinos Internacionales;MARAVILLAS DE NORUEGA;1195.00;2019;126
A84523505;IAG7;800;;Destinos Internacionales;PERLAS DEL BÁLTICO;1200.00;2019;31
A84523505;IAG7;700;;Destinos Internacionales;MARAVILLAS DEL BÁLTICO Y SUECIA;1190.00;2019;19
A84523505;IAG7;360;;Destinos Internacionales;ESCOCIA;1200.00;2019;36
A84523505;IAG7;400;;Destinos Internacionales;IRLANDA;1170.00;2019;55
A84523505;IAG7;650;;Destinos Internacionales;LO MEJOR DE INGLATERRA;1195.00;2019;35
A84523505;IAG7;550;;Destinos Internacionales;PARIS, BRETAÑA Y NORMANDÍA;1050.00;2019;64
A84523505;IAG7;700;;Destinos Internacionales;NIZA, MONTECARLO, COSTA AZUL Y MARSELLA;1020.00;2019;17
A84523505;IAG7;800;;Destinos Internacionales;DOLOMITAS Y TOSCANA;950.00;2019;29
A84523505;IAG7;850;;Destinos Internacionales;DOLOMITAS Y VÉNETO;940.00;2019;36
A84523505;IAG7;1250;;Destinos Internacionales;ITALIA BELLA;950.00;2019;85
A84523505;IAG7;840;;Destinos Internacionales;ITALIA SUR;950.00;2019;51
A84523505;IAG7;450;;Destinos Internacionales;PAISES BAJOS;1040.00;2019;45
A84523505;IAG7;850;;Destinos Internacionales;PARIS -- PAISES BAJOS Y CRUCERO RHIN;1040.00;2019;53
A84523505;IAG7;250;;Destinos Internacionales;PARIS - LONDRES ó Viceversa;1090.00;2019;24
A84523505;IAG7;640;;Destinos Internacionales;BAVIERA TIROL VIENA Y PRAGA;1050.00;2019;13
A84523505;IAG7;700;;Destinos Internacionales;BELLEZAS DE AUSTRIA Y BAVIERA;950.00;2019;21
A84523505;IAG7;500;;Destinos Internacionales;BULGARIA;890.00;2019;29
A84523505;IAG7;640;;Destinos Internacionales;ENCANTOS DE CROACIA;1090.00;2019;60
A84523505;IAG7;736;;Destinos Internacionales;CIUDADES IMPERIALES;950.00;2019;92
A84523505;IAG7;700;;Destinos Internacionales;CROACIA Y MONTENEGRO;1090.00;2019;62
A84523505;IAG7;320;;Destinos Internacionales;DUBROVNIK, BELGRADO, SARAJEVO Y SOFIA;1065.00;2019;7
A84523505;IAG7;540;;Destinos Internacionales;ENCANTOS DE TIROL;950.00;2019;75
A84523505;IAG7;1100;;Destinos Internacionales;POLONIA;940.00;2019;101
A84523505;IAG7;750;;Destinos Internacionales;REPÚBLICA CHECA Y BERLIN;950.00;2019;15
A84523505;IAG7;900;;Destinos Internacionales;RUMANIA AL COMPLETO;890.00;2019;93
A84523505;IAG7;450;;Destinos Internacionales;ENCANTOS DE SUIZA;1200.00;2019;29
A84523505;IAG7;675;;Destinos Internacionales;GRECIA MÍTICA;1020.00;2019;41
A84523505;IAG7;700;;Destinos Internacionales;REPÚBLICAS BÁLTICAS;1090.00;2019;48
A84523505;IAG7;680;;Destinos Internacionales;MALTA;950.00;2019;49
A84523505;IAG7;850;;Destinos Internacionales;SICILIA CLÁSICA;950.00;2019;77
A84523505;IAG7;1100;;Destinos Internacionales;GRANDES BELLEZAS DE TURQUIA;1140.00;2019;105
A84523505;IAG7;320;;Destinos Internacionales;MARRUECOS SUR IMPERIAL;790.00;2019;56
A84523505;IAG7;2500;;Crucero;CRUCERO RHIN;1199.00;2019;90
A84523505;IAG7;300;;Crucero;CRUCERO POR EL DANUBIO;1199.00;2019;76
A84523505;IAG7;300;;Crucero;CRUCERO VOLGA NOCHES BLANCAS;1425.00;2019;83
A84523505;IAG7;330;;Ciudades Internacionales;ESTANCIA EN ROMA;750.00;2019;17
A84523505;IAG7;900;;Gran Recorrido;NUEVA YORK : LA GRAN MANZANA;1480.00;2019;167
A84523505;IAG7;1000;;Gran Recorrido;Colores de Mexico;1480.00;2019;16
A84523505;IAG7;360;;Gran Recorrido;ARGENTINA;1480.00;2019;36
A84523505;IAG7;525;;Gran Recorrido;SUDÁFRICA EXÓTICA;1480.00;2019;69
A84523505;IAG7;420;;Gran Recorrido;ARMENIA:LA JOYA DEL CÁUCASO;1200.00;2019;47
A84523505;IAG7;416;;Gran Recorrido;LO MEJOR DE PERSIA - IRAN;1480.00;2019;90
A84523505;IAG7;520;;Gran Recorrido;UZBEKISTAN:LA RUTA DE LA SEDA;1480.00;2019;257
A84523505;IAG7;410;;Gran Recorrido;LO MEJOR DE DUBAI Y EMIRATOS ARABES;1385.00;2019;16
A84523505;IAG7;330;;Gran Recorrido;FASCINANTE ESTAMBUL Y DUBAI;1200.00;2019;11
A84523505;IAG7;570;;Gran Recorrido;INCREIBLE INDIA;1290.00;2019;13
A84523505;IAG7;610;;Gran Recorrido;BELLEZAS DE INDIA;1480.00;2019;110
A84523505;IAG7;490;;Gran Recorrido;SRI LANKA;1480.00;2019;40
A84523505;IAG7;580;;Gran Recorrido;TAHILANDIA;1480.00;2019;33
A84523505;IAG7;730;;Gran Recorrido;VIETNAN EXOTICO;1480.00;2019;106
A84523505;IAG7;580;;Gran Recorrido;PEKÍN-XIÁN-SHANGHAI;1480.00;2019;93
A84523505;IAG7;700;;Gran Recorrido;CANADÁ;1480.00;2019;58
A84523505;IAG7;500;;Gran Recorrido;EGIPTO FASCINANTE;950.00;2019;130
A84523505;IAG7;760;;Gran Recorrido;JORDANIA ESPECTACULAR CON PETRA;1145.00;2019;95
A84523505;IAG7;320;;Gran Recorrido;TIERRA SANTA Y JORDANIA;1200.00;2019;118
A84523505;IAG7;420;;Gran Recorrido;TIERRA SANTA;1200.00;2019;42
A84523505;IAG7;420;;Gran Recorrido;RUSIA Y EL ANILLO DE ORO;1450.00;2019;97
A84523505;IAG7;1900;;Gran Recorrido;RUSIA IMPERIAL;1270.00;2019;303
A84523505;IAG7;160;;Gran Recorrido;COSTA RICA, CULTURA Y NATURALEZA;1480.00;2019;59
A84523505;IAG7;160;;Gran Recorrido;CUBA COLONIAL Y CAYO SANTA MARIA;1480.00;2019;48
A10005510;Halcón Viajes;950;;Destinos Peninsulares e islas;GERONA Y SUR DE FRANCIA EN AVE;425.00;2019;516
A10005510;Halcón Viajes;780;;Destinos Peninsulares e islas;PAIS VASCO;350.00;2019;780
A10005510;Halcón Viajes;468;;Destinos Peninsulares e islas;GALICIA RIAS ALTAS;325.00;2019;275
A10005510;Halcón Viajes;350;;Destinos Peninsulares e islas;COSTA TROPICAL, GRANADA Y LAS ALPUJARRAS EN AVE;425.00;2019;324
A10005510;Halcón Viajes;400;;Destinos Peninsulares e islas;ARAGÓN, NAVARRA Y LA RIOJA;420.00;2019;317
A10005510;Halcón Viajes;520;;Destinos Peninsulares e islas;ASTURIAS;335.00;2019;520
A10005510;Halcón Viajes;364;;Destinos Peninsulares e islas;EXTREMADURA PATRIMONIO HISTORICO;330.00;2019;364
A10005510;Halcón Viajes;500;50;Destinos Peninsulares e islas;PIRINEO ARAGONES;415.00;2019;531
A10005510;Halcón Viajes;312;;Destinos Peninsulares e islas;GUIPÚZCOA Y PAÍS VASCO FRANCÉS;350.00;2019;312
A10005510;Halcón Viajes;700;;Destinos Peninsulares e islas;MÁLAGA Y AXARQUÍA;415.00;2019;531
A10005510;Halcón Viajes;850;;Destinos Peninsulares e islas;PIRINEO NAVARRO Y SUR DE FRANCIA;420.00;2019;850
A10005510;Halcón Viajes;700;;Destinos Peninsulares e islas;CADIZ Y HUELVA;415.00;2019;521
A10005510;Halcón Viajes;300;;Destinos Peninsulares e islas;TARRACO, DELTA DEL EBRO Y MONASTERIOS;420.00;2019;105
A10005510;Halcón Viajes;855;;Destinos Peninsulares e islas;GRAN CANARIA;495.00;2019;663
A10005510;Halcón Viajes;450;;Destinos Peninsulares e islas;TENERIFE;495.00;2019;366
A10005510;Halcón Viajes;540;80;Destinos Peninsulares e islas;LANZAROTE;495.00;2019;600
A10005510;Halcón Viajes;175;4;Destinos Peninsulares e islas;IBIZA;425.00;2019;178
A10005510;Halcón Viajes;150;20;Destinos Peninsulares e islas;MALLORCA;425.00;2019;170
A10005510;Halcón Viajes;240;;Destinos Internacionales;"MALTA ""LA PERLA DEL MEDITERRANEO""";1010.00;2019;194
A10005510;Halcón Viajes;1300;;Destinos Internacionales;CIUDADES IMPERIALES A Y B;1025.00;2019;820
A10005510;Halcón Viajes;350;;Destinos Internacionales;MARAVILLAS DEL SUR DE ITALIA Y ROMA;1090.00;2019;154
A10005510;Halcón Viajes;350;;Destinos Internacionales;ITALIA NORTE, LAGOS Y REGION DE LA TOSCANA;950.00;2019;325
A10005510;Halcón Viajes;550;;Destinos Internacionales;PAISAJES DE TIROL Y BAVIERA;1050.00;2019;246
A10005510;Halcón Viajes;247;;Destinos Internacionales;GRAN TOUR DE TUNEZ ;750.00;2019;133
A10005510;Halcón Viajes;400;;Destinos Internacionales;PARIS, MARAVILLAS DE BRETAÑA Y NORMANDIA;950.00;2019;284
A10005510;Halcón Viajes;350;;Destinos Internacionales;MARAVILLAS DE FLANDES Y PAISES BAJOS;1050.00;2019;270
A10005510;Halcón Viajes;250;;Destinos Internacionales;PARIS - LONDRES;1130.00;2019;179
A10005510;Halcón Viajes;260;155;Destinos Internacionales;"EGIPTO ""PHILAE""";1120.00;2019;328
A10005510;Halcón Viajes;140;;Destinos Internacionales;MARRUECOS: SUR Y FES;830.00;2019;74
A10005510;Halcón Viajes;280;;Destinos Internacionales;MADEIRA SOÑADO;950.00;2019;136
A10005510;Halcón Viajes;500;;Destinos Internacionales;PENÍNSULA DE ISTRIA, ESLOVENIA Y VENETTO;1090.00;2019;159
A10005510;Halcón Viajes;700;;Destinos Internacionales;ITALIA MONUMENTAL A Y B;950.00;2019;637
A10005510;Halcón Viajes;980;;Destinos Internacionales;MARAVILLAS DE CROACIA A Y B;1150.00;2019;566
A10005510;Halcón Viajes;490;;Destinos Internacionales;PAISES BALTICOS A Y B;1100.00;2019;375
A10005510;Halcón Viajes;360;;Destinos Internacionales;GRECIA: ATENAS, PELOPONESO, DELFOS Y METEORAS;1200.00;2019;286
A10005510;Halcón Viajes;343;;Destinos Internacionales;RUMANIA ESPECTACULAR, TRANSILVANIA Y MONASTERIOS;895.00;2019;269
A10005510;Halcón Viajes;294;;Destinos Internacionales;BULGARIA;930.00;2019;137
A10005510;Halcón Viajes;588;;Destinos Internacionales;MARAVILLAS DE POLONIA A Y B;999.00;2019;468
A10005510;Halcón Viajes;600;;Destinos Internacionales;PAISAJES DE SUIZA A y B;1200.00;2019;362
A10005510;Halcón Viajes;294;;Destinos Internacionales;PAISAJES DE ESCOCIA A Y B;1200.00;2019;192
A10005510;Halcón Viajes;320;;Destinos Internacionales;ISRAEL;1200.00;2019;235
A10005510;Halcón Viajes;180;;Destinos Internacionales;ALBANIA, MONTENEGRO Y MACEDONIA;950.00;2019;136
A10005510;Halcón Viajes;140;;Destinos Internacionales;MARRUECOS: DINASTÍA CON EL NORTE;870.00;2019;132
A10005510;Halcón Viajes;144;118;Destinos Internacionales;TURQUIA: ESTAMBUL Y CAPADOCIA;1100.00;2019;160
A10005510;Halcón Viajes;441;;Destinos Internacionales;GRAN TOUR DE SICILIA;950.00;2019;291
A10005510;Halcón Viajes;1300;;Destinos Internacionales;FIORDOS NORUEGOS A y B;1200.00;2019;912
A10005510;Halcón Viajes;200;;Destinos Internacionales;FIORDOS NORUEGOS C;1200.00;2019;27
A10005510;Halcón Viajes;400;;Destinos Internacionales;FIORDOS Y ESTOCOLMO A Y B;1200.00;2019;400
A10005510;Halcón Viajes;400;;Destinos Internacionales;MARAVILLAS DE ALEMANIA A Y B;950.00;2019;213
A10005510;Halcón Viajes;750;;Destinos Internacionales;ALEMANIA SELVA NEGRA Y ALSACIA;1075.00;2019;705
A10005510;Halcón Viajes;400;;Destinos Internacionales;IRLANDA ESPECTACULAR;1200.00;2019;234
A10005510;Halcón Viajes;350;;Destinos Internacionales;INGLATERRA, GALES Y LONDRES;1200.00;2019;167
A10005510;Halcón Viajes;294;;Destinos Internacionales;ESCOCIA, CASTILLOS, LAGOS Y TIERRAS ALTAS A Y B;1200.00;2019;294
A10005510;Halcón Viajes;400;;Ciudades Internacionales;ESTANCIA EN LONDRES;750.00;2019;274
A10005510;Halcón Viajes;350;;Ciudades Internacionales;ESTANCIA EN PRAGA;750.00;2019;91
A10005510;Halcón Viajes;500;;Ciudades Internacionales;ESTANCIA EN ROMA;750.00;2019;222
A10005510;Halcón Viajes;550;;Ciudades Internacionales;ESTANCIA EN PARIS;750.00;2019;346
A10005510;Halcón Viajes;168;;Ciudades Internacionales;ESTANCIA EN ESTAMBUL;750.00;2019;168
A10005510;Halcón Viajes;104;;Crucero;CRUCERO  5 MARAVILLAS DEL MEDITERRANEO;950.00;2019;104
A10005510;Halcón Viajes;208;;Crucero;CRUCERO ADRIATICO: RONDO VENECIANO A Y B;1200.00;2019;208
A10005510;Halcón Viajes;208;;Crucero;CRUCERO POR LAS ISLAS GRIEGAS;1175.00;2019;208
A10005510;Halcón Viajes;192;;Crucero;RINCONES SECRETOS DEL MEDITERRANEO;990.00;2019;124
A10005510;Halcón Viajes;100;;Crucero;CRUCERO FLUVIAL BÉLGICA Y HOLANDA;1200.00;2019;100
A10005510;Halcón Viajes;120;;Gran Recorrido;TAILANDIA: BANGKOK Y TRIANGULO DE ORO;1480.00;2019;120
A10005510;Halcón Viajes;240;;Gran Recorrido;PANAMÁ: PEREZOSOS, RASCACIELOS Y CANAL;1480.00;2019;61
A10005510;Halcón Viajes;245;;Gran Recorrido;BUENOS AIRES - IGUAZÚ;1480.00;2019;94
A10005510;Halcón Viajes;80;;Gran Recorrido;NEPAL: KATMANDU Y POKHARA;1480.00;2019;43
A10005510;Halcón Viajes;126;20;Gran Recorrido;LA HABANA Y CONTRASTE DE CUBA;1440.00;2019;134
A10005510;Halcón Viajes;180;;Gran Recorrido;ARMENIA;1450.00;2019;97
A10005510;Halcón Viajes;100;8;Gran Recorrido;NORTE DE VIETNAM;1480.00;2019;102
A10005510;Halcón Viajes;140;4;Gran Recorrido;COSTA RICA Y NATURALEZA;1480.00;2019;106
A10005510;Halcón Viajes;210;;Gran Recorrido;MEXICO: CIRCUITO MARAVILLAS DE YUCATAN;1480.00;2019;60
A10005510;Halcón Viajes;120;120;Gran Recorrido;UZBEQUISTAN;1480.00;2019;120
A10005510;Halcón Viajes;350;;Gran Recorrido;RUSIA IMPERIAL;1480.00;2019;350
A10005510;Halcón Viajes;350;;Gran Recorrido;CAPITALES RUSAS;1480.00;2019;350
A10005510;Halcón Viajes;96;;Gran Recorrido;SRI LANKA;1480.00;2019;68
A10005510;Halcón Viajes;75;;Gran Recorrido;DUBAI;1450.00;2019;45
A10005510;Halcón Viajes;210;;Gran Recorrido;MIAMI Y CRUCERO CARIBE;1480.00;2019;210
A10005510;Halcón Viajes;285;;Gran Recorrido;COLOMBIA;1480.00;2019;3
A10005510;Halcón Viajes;120;;Gran Recorrido;BRASIL: SALVADOR DE BAHÍA;1480.00;2019;13
A10005510;Halcón Viajes;105;12;Gran Recorrido;INDIA: DELHI, AGRA Y JAIPUR;1440.00;2019;117
A10005510;Halcón Viajes;275;;Gran Recorrido;CHINA: PEKIN, XIAN Y SHANGHAI;1480.00;2019;245
A10005510;Halcón Viajes;60;11;Gran Recorrido;SUDAFRICA EXOTICA;1480.00;2019;60
A28229813;Viajes El Corte Inglés;350;;Destinos Peninsulares e islas;GALIA, COSTA DA MORTE;425.00;2019;172
A28229813;Viajes El Corte Inglés;378;;Destinos Peninsulares e islas;RIAS ALTAS Y COSTA DA MORTE (tren);385.00;2019;161
A28229813;Viajes El Corte Inglés;108;;Destinos Peninsulares e islas;RIAS ALTAS Y COSTA DA MORTE (autocar);315.00;2019;98
A28229813;Viajes El Corte Inglés;432;;Destinos Peninsulares e islas;GALICIA IMPRESCINDIBLE (TREN);359.00;2019;268
A28229813;Viajes El Corte Inglés;162;;Destinos Peninsulares e islas;GALICIA IMPRESCINDIBLE (AUTOBÚS);285.00;2019;66
A28229813;Viajes El Corte Inglés;300;;Destinos Peninsulares e islas;GALICIA RIAS BAJAS;410.00;2019;216
A28229813;Viajes El Corte Inglés;480;;Destinos Peninsulares e islas;ASTURIAS;415.00;2019;297
A28229813;Viajes El Corte Inglés;600;;Destinos Peninsulares e islas;CANTABRIA;415.00;2019;316
A28229813;Viajes El Corte Inglés;850;;Destinos Peninsulares e islas;Pais Vasco;425.00;2019;600
A28229813;Viajes El Corte Inglés;702;;Destinos Peninsulares e islas;NAVARRA, SUR DE FRANCIA;350.00;2019;508
A28229813;Viajes El Corte Inglés;864;;Destinos Peninsulares e islas;HUESCA, LOURDES Y ANDORRA ;395.00;2019;512
A28229813;Viajes El Corte Inglés;432;;Destinos Peninsulares e islas;PIRINEO ARAGONÉS, PIRINEO CATALÁN Y VALLE DE ARÁN;350.00;2019;338
A28229813;Viajes El Corte Inglés;250;;Destinos Peninsulares e islas;DELTA DEL EBRO Y LOS MONASTERIOS;425.00;2019;155
A28229813;Viajes El Corte Inglés;486;;Destinos Peninsulares e islas;LA RIOJA Y SORIA, TIERRA DE ROMÁNICO;420.00;2019;205
A28229813;Viajes El Corte Inglés;702;;Destinos Peninsulares e islas;LEÓN, ZAMORA Y ARRIBES DEL DUERO;350.00;2019;435
A28229813;Viajes El Corte Inglés;550;;Destinos Peninsulares e islas;HUELVA AL COMPLETO Y ALGARVE;425.00;2019;351
A28229813;Viajes El Corte Inglés;950;;Destinos Peninsulares e islas;PUEBLOS BLANCOS;425.00;2019;538
A28229813;Viajes El Corte Inglés;450;;Destinos Peninsulares e islas;GRANADA;425.00;2019;193
A28229813;Viajes El Corte Inglés;702;;Destinos Peninsulares e islas;GRANADA, CÓRDOBA Y SEVILLA;425.00;2019;337
A28229813;Viajes El Corte Inglés;400;;Destinos Peninsulares e islas;MÁLAGA;425.00;2019;189
A28229813;Viajes El Corte Inglés;460;100;Destinos Peninsulares e islas;Norte de Portugal;350.00;2019;291
A28229813;Viajes El Corte Inglés;756;;Destinos Peninsulares e islas;PORTUGAL MONUMENTAL Y FÁTIMA;280.00;2019;371
A28229813;Viajes El Corte Inglés;650;;Destinos Peninsulares e islas;Portugal - Costa de Lisboa;350.00;2019;442
A28229813;Viajes El Corte Inglés;920;;Destinos Internacionales;MADEIRA, ISLA DE LAS FLORES;899.00;2019;550
A28229813;Viajes El Corte Inglés;700;;Destinos Internacionales;ENCANTOS DE LA PROVENZA Y COSTA AZUL;1020.00;2019;210
A28229813;Viajes El Corte Inglés;550;;Destinos Internacionales;PARIS, BRETAÑA Y NORMANDÍA;1050.00;2019;240
A28229813;Viajes El Corte Inglés;250;;Destinos Internacionales;PARIS - LONDRES;1090.00;2019;140
A28229813;Viajes El Corte Inglés;200;;Destinos Internacionales;LONDRES - PARIS;1090.00;2019;170
A28229813;Viajes El Corte Inglés;650;;Destinos Internacionales;LO MEJOR DE INGLATERRA;1195.00;2019;204
A28229813;Viajes El Corte Inglés;450;;Destinos Internacionales;PARIS -- PAISES BAJOS Inicio París;1040.00;2019;158
A28229813;Viajes El Corte Inglés;400;;Destinos Internacionales;PARIS -- PAISES BAJOS Inicio Bruselas;1040.00;2019;137
A28229813;Viajes El Corte Inglés;670;;Destinos Internacionales;PAÍSES BAJOS;990.00;2019;372
A28229813;Viajes El Corte Inglés;240;;Destinos Internacionales;RUTA DE CARLOMAGNO;950.00;2019;169
A28229813;Viajes El Corte Inglés;650;;Destinos Internacionales;ALEMANIA NORTE;1030.00;2019;211
A28229813;Viajes El Corte Inglés;350;;Destinos Internacionales;ALEMANIA CLASICA INICIO FRANKFURT;1050.00;2019;189
A28229813;Viajes El Corte Inglés;450;;Destinos Internacionales;ALEMANIA CLASICA INICIO MUNICH;1050.00;2019;181
A28229813;Viajes El Corte Inglés;600;;Destinos Internacionales;ALEMANIA ROMANTICA;950.00;2019;138
A28229813;Viajes El Corte Inglés;645;;Destinos Internacionales;BAVIERA TIROL VIENA Y PRAGA;1050.00;2019;186
A28229813;Viajes El Corte Inglés;700;;Destinos Internacionales;BELLEZAS DE AUSTRIA Y BAVIERA;950.00;2019;188
A28229813;Viajes El Corte Inglés;650;;Destinos Internacionales;SUIZA, SELVA NEGRA Y RUTA ROMANTICA;1090.00;2019;229
A28229813;Viajes El Corte Inglés;225;;Destinos Internacionales;ENCANTOS DE SUIZA Inicio Ginebra;1200.00;2019;104
A28229813;Viajes El Corte Inglés;200;;Destinos Internacionales;ENCANTOS DE SUIZA Inicio Zurich;1200.00;2019;93
A28229813;Viajes El Corte Inglés;700;;Destinos Internacionales;CIUDADES IMPERIALES (ENTRADA POR PRAGA);950.00;2019;443
A28229813;Viajes El Corte Inglés;450;;Destinos Internacionales;CIUDADES IMPERIALES (ENTRADA POR VIENA);950.00;2019;301
A28229813;Viajes El Corte Inglés;800;;Destinos Internacionales;DOLOMITAS Y TOSCANA;950.00;2019;184
A28229813;Viajes El Corte Inglés;950;;Destinos Internacionales;ITALIA;950.00;2019;485
A28229813;Viajes El Corte Inglés;840;;Destinos Internacionales;ITALIA SUR;950.00;2019;209
A28229813;Viajes El Corte Inglés;800;;Destinos Internacionales;SICILIA;950.00;2019;590
A28229813;Viajes El Corte Inglés;590;;Destinos Internacionales;MALTA FASCINANTE;950.00;2019;201
A28229813;Viajes El Corte Inglés;750;;Destinos Internacionales;POLONIA;950.00;2019;630
A28229813;Viajes El Corte Inglés;500;;Destinos Internacionales;NORUEGA;1200.00;2019;263
A28229813;Viajes El Corte Inglés;350;;Destinos Internacionales;MARAVILLAS DEL BÁLTICO Y SUECIA Inicio Estocolmo;1190.00;2019;173
A28229813;Viajes El Corte Inglés;350;;Destinos Internacionales;MARAVILLAS DEL BÁLTICO Y SUECIA Inicio Helsinki;1190.00;2019;188
A28229813;Viajes El Corte Inglés;350;;Destinos Internacionales;BELLEZAS DE ESCANDINAVIA inicio Estocolmo ;1195.00;2019;177
A28229813;Viajes El Corte Inglés;350;;Destinos Internacionales;BELLEZAS DE ESCANDINAVIA inicio Bergen ;1195.00;2019;179
A28229813;Viajes El Corte Inglés;260;;Destinos Internacionales;FINLANDIA Y LAS REPÚBLICAS BÁLTICAS Inicio Helsinki;1200.00;2019;165
A28229813;Viajes El Corte Inglés;260;;Destinos Internacionales;FINLANDIA Y LAS REPÚBLICAS BÁLTICAS inicio Vilnius ;1200.00;2019;0
A28229813;Viajes El Corte Inglés;350;;Destinos Internacionales;PERLAS DEL BÁLTICO inicio Estocolmo ;1200.00;2019;177
A28229813;Viajes El Corte Inglés;350;;Destinos Internacionales;PERLAS DEL BÁLTICO inicio Helsinki ;1200.00;2019;163
A28229813;Viajes El Corte Inglés;700;;Destinos Internacionales;REPÚBLICAS BÁLTICAS;1090.00;2019;214
A28229813;Viajes El Corte Inglés;1100;;Destinos Internacionales;CROACIA;1060.00;2019;636
A28229813;Viajes El Corte Inglés;400;;Destinos Internacionales;ENCANTOS DE CROACIA Inicio Zagreb;1090.00;2019;156
A28229813;Viajes El Corte Inglés;240;;Destinos Internacionales;ENCANTOS DE CROACIA Inicio Dubrovnik;1090.00;2019;117
A28229813;Viajes El Corte Inglés;320;;Destinos Internacionales;DUBROVNIK, BELGRADO, SARAJEVO Y SOFIA;1065.00;2019;144
A28229813;Viajes El Corte Inglés;600;;Destinos Internacionales;BULGARIA;895.00;2019;214
A28229813;Viajes El Corte Inglés;175;;Destinos Internacionales;MONTENEGRO, MACEDONIA Y ALBANIA;1070.00;2019;146
A28229813;Viajes El Corte Inglés;500;;Destinos Internacionales;RUMANIA;950.00;2019;245
A28229813;Viajes El Corte Inglés;585;;Destinos Internacionales;GRECIA MÍTICA;1020.00;2019;188
A28229813;Viajes El Corte Inglés;350;;Destinos Internacionales;Marruecos (tren);685.00;2019;117
A28229813;Viajes El Corte Inglés;400;;Destinos Internacionales;MARRUECOS (AVIÓN);799.00;2019;304
A28229813;Viajes El Corte Inglés;420;;Destinos Internacionales;TIERRA SANTA;1200.00;2019;179
A28229813;Viajes El Corte Inglés;760;;Destinos Internacionales;JORDANIA ESPECTACULAR CON PETRA;1145.00;2019;233
A28229813;Viajes El Corte Inglés;1020;;Destinos Internacionales;GRANDES BELLEZAS DE TURQUIA;1140.00;2019;274
A28229813;Viajes El Corte Inglés;320;;Destinos Internacionales;EGIPTO;1175.00;2019;205
A28229813;Viajes El Corte Inglés;400;;Crucero;CRUCERO - Mediterráneo desde Valencia - MSC Divina;859.00;2019;182
A28229813;Viajes El Corte Inglés;180;;Crucero;CRUCERO - Italia -Islas Griegas - Costa Luminosa;1049.00;2019;180
A28229813;Viajes El Corte Inglés;120;;Crucero;CRUCERO - Italia, Grecia, Croacia y Montenegro - Costa Luminosa;1049.00;2019;96
A28229813;Viajes El Corte Inglés;100;;Crucero;CRUCERO - Mediterráneo desde Valencia - Costa Fortuna;799.00;2019;44
A28229813;Viajes El Corte Inglés;300;;Crucero;CRUCERO POR EL DANUBIO;1199.00;2019;264
A28229813;Viajes El Corte Inglés;900;;Crucero;CRUCERO RHIN;1199.00;2019;314
A28229813;Viajes El Corte Inglés;360;;Gran Recorrido;UZBEKISTAN ;1480.00;2019;360
A28229813;Viajes El Corte Inglés;64;;Gran Recorrido;UZBEKISTAN INICIO SAMARCANDA;1480.00;2019;59
A28229813;Viajes El Corte Inglés;416;;Gran Recorrido;LO MEJOR DE PERSIA - IRAN;1480.00;2019;195
A28229813;Viajes El Corte Inglés;410;;Gran Recorrido;LO MEJOR DE DUBAI Y EMIRATOS ARABES;1385.00;2019;185
A28229813;Viajes El Corte Inglés;200;;Gran Recorrido;BELLEZAS DE INDIA;1480.00;2019;156
A28229813;Viajes El Corte Inglés;120;;Gran Recorrido;MYANMAR;1480.00;2019;120
A28229813;Viajes El Corte Inglés;490;;Gran Recorrido;INCREÍBLE SRI LANKA;1480.00;2019;121
A28229813;Viajes El Corte Inglés;1000;;Gran Recorrido;RUSIA;1390.00;2019;763
A28229813;Viajes El Corte Inglés;264;;Gran Recorrido;RUSIA A - LED/MOW;1455.00;2019;264
A28229813;Viajes El Corte Inglés;220;;Gran Recorrido;RUSIA B - MOW / LED ;1455.00;2019;220
A28229813;Viajes El Corte Inglés;880;;Gran Recorrido;CHINA LEGENDARIA;1480.00;2019;211
A28229813;Viajes El Corte Inglés;730;;Gran Recorrido;VIETNAN EXOTICO;1480.00;2019;201
A28229813;Viajes El Corte Inglés;530;;Gran Recorrido;TAILANDIA CLASICA;1480.00;2019;120
A28229813;Viajes El Corte Inglés;700;;Gran Recorrido;Encantos del Este Canadiense (inicio Toronto);1480.00;2019;206
A28229813;Viajes El Corte Inglés;700;;Gran Recorrido;ENCANTOS DEL ESTE CANADIENSE (Inicio Montreal);1480.00;2019;187
A28229813;Viajes El Corte Inglés;900;;Gran Recorrido;NUEVA YORK: LA GRAN MANZANA;1480.00;2019;284
A28229813;Viajes El Corte Inglés;1000;;Gran Recorrido;Colores de Mexico;1480.00;2019;154
A28229813;Viajes El Corte Inglés;750;;Gran Recorrido;CUBA (MAD- HAV-VRO- MAD);1395.00;2019;405
A28229813;Viajes El Corte Inglés;320;;Gran Recorrido;LAPONIA, ISLAS LOFOTEN Y CABO NORTE;1480.00;2019;235
B86049137;Nautalia;132;;Destinos Peninsulares e islas;GALICIA RIAS BAIXAS (Interrias);380.00;2019;132
B86049137;Nautalia;200;;Destinos Peninsulares e islas;NORTE DE GALICIA (Interrias);400.00;2019;167
B86049137;Nautalia;286;;Destinos Peninsulares e islas;ASTURIAS AL COMPLETO (CN Travel);295.00;2019;178
B86049137;Nautalia;196;;Destinos Peninsulares e islas;CANTABRIA (Interrias);270.00;2019;151
B86049137;Nautalia;352;;Destinos Peninsulares e islas;PAIS VASCO AUTENTICO (Navarra A);350.00;2019;269
B86049137;Nautalia;288;;Destinos Peninsulares e islas;PAÍS VASCO FRANCES (CN Travel);425.00;2019;178
B86049137;Nautalia;182;;Destinos Peninsulares e islas;LA RIOJA (Interrias);350.00;2019;122
B86049137;Nautalia;448;;Destinos Peninsulares e islas;NAVARRA AUTENTICA (Navarra A);350.00;2019;216
B86049137;Nautalia;352;;Destinos Peninsulares e islas;PIRINEO NAVARRO FRANCES (Guest);350.00;2019;206
B86049137;Nautalia;1000;;Destinos Peninsulares e islas;PIRINEO ARAGONÉS Y ANDORRA (BT Viaje);380.00;2019;304
B86049137;Nautalia;250;;Destinos Peninsulares e islas;CASTELLON Y LA RUTA DEL AZAHAR (BT Viajes);295.00;2019;84
B86049137;Nautalia;350;;Destinos Peninsulares e islas;ALTOS PIRINEOS Y BALNEARIO (BT Viaje);425.00;2019;109
B86049137;Nautalia;400;;Destinos Peninsulares e islas;AGUAS Y VINOS DE ARAGON (BT Viaje);425.00;2019;0
B86049137;Nautalia;600;;Destinos Peninsulares e islas;GERONA MEDIEVAL (BT Viaje);425.00;2019;205
B86049137;Nautalia;250;;Destinos Peninsulares e islas;RUTA DE LOS MONASTERIOS (BT Viaje);415.00;2019;0
B86049137;Nautalia;200;;Destinos Peninsulares e islas;EXTREMADURA (Interrias);350.00;2019;128
B86049137;Nautalia;1000;;Destinos Peninsulares e islas;CÁDIZ Y PUEBLOS BLANCOS (BT Viaje);400.00;2019;498
B86049137;Nautalia;280;;Destinos Peninsulares e islas;CADIZ Y MARRUECOS (Interrias);425.00;2019;57
B86049137;Nautalia;900;;Destinos Peninsulares e islas;HUELVA Y SUS CONDADOS (BT Viaje);390.00;2019;191
B86049137;Nautalia;500;;Destinos Peninsulares e islas;SEVILLA Y ALGARVE (BT Viaje);425.00;2019;168
B86049137;Nautalia;300;;Destinos Peninsulares e islas;ALGARVE (Interrias);425.00;2019;99
B86049137;Nautalia;300;;Destinos Peninsulares e islas;SEVILLA-CORDOBA (Guest);425.00;2019;61
B86049137;Nautalia;240;;Destinos Peninsulares e islas;CORDOBA-JAEN (Guest);350.00;2019;107
B86049137;Nautalia;576;;Destinos Peninsulares e islas;GRANADA (Guest);425.00;2019;317
B86049137;Nautalia;600;;Destinos Peninsulares e islas;MÁLAGA Y EL CAMINITO DEL REY (BT Viaje);425.00;2019;363
B86049137;Nautalia;256;;Destinos Peninsulares e islas;OPORTO Y NORTE DE PORTUGAL (Interrias);350.00;2019;256
B86049137;Nautalia;560;;Destinos Peninsulares e islas;LO MEJOR DEL NORTE DE PORTUGAL (CN Travel);345.00;2019;204
B86049137;Nautalia;550;;Destinos Peninsulares e islas;PORTUGAL AL COMPLETO (Interrias);350.00;2019;156
B86049137;Nautalia;324;;Destinos Peninsulares e islas;CASTILLOS, ABADIAS Y PALACIOS PORTUGAL (CN Travel);275.00;2019;96
B86049137;Nautalia;216;;Destinos Peninsulares e islas;LEÓN, ZAMORA Y ARRIBES DUERO (CN Travel);350.00;2019;116
B86049137;Nautalia;150;;Destinos Peninsulares e islas;PAIS VASCO Y CANTABRIA;350.00;2019;38
B86049137;Nautalia;200;;Destinos Peninsulares e islas;NAVARRA INEDITA;350.00;2019;63
B86049137;Nautalia;200;;Destinos Peninsulares e islas;TODO MURCIA;340.00;2019;0
B86049137;Nautalia;195;;Destinos Internacionales;MADEIRA (CN Travel);899.00;2019;172
B86049137;Nautalia;200;;Destinos Internacionales;IRLANDA A (Special);1175.00;2019;139
B86049137;Nautalia;288;;Destinos Internacionales;MARRUECOS (Interrias);760.00;2019;272
B86049137;Nautalia;200;;Destinos Internacionales;IRLANDA B (Panavision);1175.00;2019;149
B86049137;Nautalia;240;;Destinos Internacionales;AQUITANIA (BT Viaje);940.00;2019;0
B86049137;Nautalia;350;;Destinos Internacionales;REPUBLICAS BALTICAS A (Mapa);1080.00;2019;165
B86049137;Nautalia;462;;Destinos Internacionales;PARIS - CASTILLOS LOIRA (Special);995.00;2019;273
B86049137;Nautalia;300;;Destinos Internacionales;REPÚBLICAS BÁLTICAS B Y FINLANDIA* (Panavision) otra denominación en folleto;1200.00;2019;135
B86049137;Nautalia;300;;Destinos Internacionales;PARIS, BRETAÑA Y NORMANDÍA (Panavision);1050.00;2019;84
B86049137;Nautalia;400;;Destinos Internacionales;PERLAS DEL BÁLTICO (Panavision);1200.00;2019;201
B86049137;Nautalia;273;;Destinos Internacionales;PARIS PAISES BAJOS (Special);950.00;2019;192
B86049137;Nautalia;272;;Destinos Internacionales;ISRAEL Y JORDANIA (Mapa);1200.00;2019;347
B86049137;Nautalia;350;;Destinos Internacionales;PAISES BAJOS (Panavision);950.00;2019;150
B86049137;Nautalia;350;;Destinos Internacionales;JORDANIA CON PETRA (Panavision);1145.00;2019;231
B86049137;Nautalia;550;;Destinos Internacionales;LA PROVENZA (BT Viaje);940.00;2019;152
B86049137;Nautalia;70;;Destinos Internacionales;EGIPTO A - CUNA FARAONES (Mapa);950.00;2019;36
B86049137;Nautalia;240;;Destinos Internacionales;RUTA DE CARLOMAGNO (Special);950.00;2019;145
B86049137;Nautalia;660;340;Destinos Internacionales;EGIPTO B - CUNA FARAONES (Mapa);1095.00;2019;395
B86049137;Nautalia;280;;Destinos Internacionales;ALEMANIA (MUC/FRA) (Special);995.00;2019;129
B86049137;Nautalia;200;;Destinos Internacionales;FASCINANTE ESTAMBUL Y DUBAI (Panavision);1200.00;2019;143
B86049137;Nautalia;300;;Destinos Internacionales;ALEMANIA ROMANTICA (Panavision);950.00;2019;127
B86049137;Nautalia;100;;Destinos Internacionales;ARMENIA (Panavision);1200.00;2019;81
B86049137;Nautalia;240;;Destinos Internacionales;SELVA NEGRA Y ALSACIA A (Mapa);950.00;2019;240
B86049137;Nautalia;650;60;Destinos Internacionales;SELVA NEGRA Y ALSACIA B (Special);995.00;2019;402
B86049137;Nautalia;528;;Destinos Internacionales;POLONIA A (Mapa);950.00;2019;143
B86049137;Nautalia;376;;Destinos Internacionales;POLONIA B (Special);970.00;2019;135
B86049137;Nautalia;644;;Destinos Internacionales;ITALIA CLASICA A (Special);950.00;2019;251
B86049137;Nautalia;288;;Destinos Internacionales;ITALIA CLASICA B (Mapa);950.00;2019;79
B86049137;Nautalia;150;;Destinos Internacionales;ITALIA SUR (Special);950.00;2019;113
B86049137;Nautalia;200;;Destinos Internacionales;SICILIA A (Mapa);950.00;2019;111
B86049137;Nautalia;450;;Destinos Internacionales;SICILIA B (Panavision);950.00;2019;215
B86049137;Nautalia;350;;Destinos Internacionales;SICILIA C (Special);1040.00;2019;173
B86049137;Nautalia;350;;Destinos Internacionales;DOLOMITAS Y VÉNETO (Panavision);940.00;2019;223
B86049137;Nautalia;300;;Destinos Internacionales;ENCANTOS DE SUIZA (Panavision);1200.00;2019;189
B86049137;Nautalia;150;;Destinos Internacionales;TIROL A (Mapa) ;950.00;2019;98
B86049137;Nautalia;300;;Destinos Internacionales;TIROL B (Panavision);950.00;2019;115
B86049137;Nautalia;200;;Destinos Internacionales;REP CHECA Y BERLIN (Panavision);950.00;2019;38
B86049137;Nautalia;288;;Destinos Internacionales;C. IMPERIALES A (Mapa);950.00;2019;189
B86049137;Nautalia;160;;Destinos Internacionales;C. IMPERIALES B (VIE/PRG) (Special);950.00;2019;66
B86049137;Nautalia;420;;Destinos Internacionales;C. IMPERIALES B (BUD/PRG) (Special);950.00;2019;211
B86049137;Nautalia;350;;Destinos Internacionales;BULGARIA A (Guest);890.00;2019;43
B86049137;Nautalia;200;;Destinos Internacionales;BULGARIA B (Panavision);890.00;2019;91
B86049137;Nautalia;240;;Destinos Internacionales;RUMANIA A (Politours);925.00;2019;30
B86049137;Nautalia;264;;Destinos Internacionales;RUMANIA B (Special);950.00;2019;200
B86049137;Nautalia;350;;Destinos Internacionales;GRECIA A (Panavision);1020.00;2019;149
B86049137;Nautalia;340;;Destinos Internacionales;GRECIA B (Special);1095.00;2019;205
B86049137;Nautalia;325;;Destinos Internacionales;CROACIA A - DBV-DBV (Mapa);950.00;2019;284
B86049137;Nautalia;360;;Destinos Internacionales;CROACIA ESLOVENIA ?;950.00;2019;304
B86049137;Nautalia;100;;Destinos Internacionales;SERBIA (Special);950.00;2019;51
B86049137;Nautalia;182;90;Destinos Internacionales;TURQUIA (Mapa);938.00;2019;247
B86049137;Nautalia;374;;Destinos Internacionales;FLORENCIA Y LA TOSCANA (Mapa);950.00;2019;158
B86049137;Nautalia;240;;Destinos Internacionales;ALBANIA, MONTENEGRO Y MACEDONIA (Politours);950.00;2019;106
B86049137;Nautalia;192;;Destinos Internacionales;MALTA (Europlayas);935.00;2019;145
B86049137;Nautalia;180;;Destinos Internacionales;CERDEÑA Y CÓRCEGA (Europlayas);930.00;2019;161
B86049137;Nautalia;120;;Destinos Internacionales;CORFÚ (Europlayas);895.00;2019;0
B86049137;Nautalia;200;;Destinos Internacionales;TUNEZ (Luxotour);820.00;2019;16
B86049137;Nautalia;108;;Destinos Internacionales;CIUDADES HANSEATICAS (Special);1090.00;2019;89
B86049137;Nautalia;150;;Destinos Internacionales;SUIZA Y BELLA AUSTRIA (ZRH/MUC) (Special);1045.00;2019;144
B86049137;Nautalia;450;;Destinos Internacionales;SUIZA Y BELLA AUSTRIA (MUC/ZRH) (Special);1045.00;2019;71
B86049137;Nautalia;250;;Destinos Internacionales;PARIS - LONDRES (Panavision);1090.00;2019;84
B86049137;Nautalia;240;;Destinos Internacionales;REPUBLICA DE CHIPRE (Politours);1200.00;2019;61
B86049137;Nautalia;250;;Destinos Internacionales;SUIZA -CORAZON DE LOS ALPES (LYS/ZRH) (Special);1200.00;2019;111
B86049137;Nautalia;200;;Destinos Internacionales;JOYAS DE CROACIA Y MONTENEGRO (Panavision);1090.00;2019;200
B86049137;Nautalia;600;;Destinos Internacionales;NORUEGA A (Special);1200.00;2019;344
B86049137;Nautalia;490;;Destinos Internacionales;NORUEGA B (Mapa);1200.00;2019;164
B86049137;Nautalia;300;;Destinos Internacionales;NORUEGA C (Panavision);1200.00;2019;130
B86049137;Nautalia;450;;Destinos Internacionales;ESCANDINAVIA A  (Special);1200.00;2019;115
B86049137;Nautalia;400;;Destinos Internacionales;ESCANDINAVIA B (Panavision);1200.00;2019;102
B86049137;Nautalia;168;;Destinos Internacionales;INGLATERRA (Special);1095.00;2019;48
B86049137;Nautalia;287;;Destinos Internacionales;ESCOCIA A (Special);1200.00;2019;271
B86049137;Nautalia;360;;Destinos Internacionales;ESCOCIA B (Panavision);1200.00;2019;210
B86049137;Nautalia;300;;Ciudades Internacionales;BERLIN (Special);750.00;2019;177
B86049137;Nautalia;280;;Ciudades Internacionales;LONDRES (Special);750.00;2019;151
B86049137;Nautalia;350;;Ciudades Internacionales;PARIS (Special);750.00;2019;236
B86049137;Nautalia;264;;Ciudades Internacionales;PRAGA (Special);750.00;2019;126
B86049137;Nautalia;300;;Ciudades Internacionales;ROMA (Panavision);750.00;2019;142
B86049137;Nautalia;250;;Ciudades Internacionales;LISBOA (Interrias);750.00;2019;0
B86049137;Nautalia;160;;Ciudades Internacionales;MARRAKECH (CN Travel);599.00;2019;52
B86049137;Nautalia;300;;Ciudades Internacionales;BRUSELAS (Interrias);750.00;2019;75
B86049137;Nautalia;828;;Crucero;CRUCERO RHIN (Panavision);1200.00;2019;454
B86049137;Nautalia;300;;Crucero;CRUCERO DANUBIO (Politours);1200.00;2019;115
B86049137;Nautalia;336;;Crucero;CRUCERO VOLGA (Panavision);1425.00;2019;227
B86049137;Nautalia;80;;Crucero;CRUCERO POR UCRANIA (Politours);1480.00;2019;59
B86049137;Nautalia;40;;Crucero;MARRUECOS, OPORTO Y LISBOA (Pullmantur);1200.00;2019;21
B86049137;Nautalia;80;;Crucero;CRUCERO POR EL MEDITERRÁNEO A (Pullmantur);1200.00;2019;6
B86049137;Nautalia;119;;Crucero;CRUCERO POR EL MEDITERRÁNEO B (RCCL);1200.00;2019;34
B86049137;Nautalia;40;;Crucero;GRECIA, CROACIA Y VENECIA (Pullmantur);1200.00;2019;37
B86049137;Nautalia;80;60;Crucero;CRUCERO ISLAS GRIEGAS A (Pullmantur);1200.00;2019;118
B86049137;Nautalia;42;;Crucero;CRUCERO ISLAS GRIEGAS B (RCCL);1200.00;2019;42
B86049137;Nautalia;288;;Gran Recorrido;RUSIA A (Special);1380.00;2019;183
B86049137;Nautalia;396;;Gran Recorrido;RUSIA B (Mapa);1455.00;2019;396
B86049137;Nautalia;330;;Gran Recorrido;RUSIA C (Mapa);1455.00;2019;314
B86049137;Nautalia;210;;Gran Recorrido;AZERBAIJAN (Wamos);1325.00;2019;54
B86049137;Nautalia;440;;Gran Recorrido;GEORGIA -ARMENIA (Mapa);1450.00;2019;146
B86049137;Nautalia;308;;Gran Recorrido;KYRGYZSTÁN Y KAZAJSTÁN (Mapa);1480.00;2019;19
B86049137;Nautalia;286;36;Gran Recorrido;IRAN A (Wamos);1430.00;2019;140
B86049137;Nautalia;108;60;Gran Recorrido;IRAN B (Mapa);1430.00;2019;121
B86049137;Nautalia;270;;Gran Recorrido;FINLANDIA (Wamos);1480.00;2019;0
B86049137;Nautalia;420;100;Gran Recorrido;UZBEKISTÁN A (Wamos);1480.00;2019;310
B86049137;Nautalia;500;;Gran Recorrido;UZBEKISTAN B (Mapa);1480.00;2019;351
B86049137;Nautalia;320;;Gran Recorrido;UZBEKISTAN C (Bitakora);1480.00;2019;44
B86049137;Nautalia;240;60;Gran Recorrido;INDIA CON BENARES (Wamos);1435.00;2019;208
B86049137;Nautalia;240;;Gran Recorrido;NEPAL (Wamos);1480.00;2019;59
B86049137;Nautalia;330;90;Gran Recorrido;CHINA (Wamos);1480.00;2019;339
B86049137;Nautalia;330;;Gran Recorrido;TAILANDIA (Wamos);1480.00;2019;155
B86049137;Nautalia;240;;Gran Recorrido;VIETNAM (Wamos);1480.00;2019;114
B86049137;Nautalia;342;;Gran Recorrido;VIETNAM B (Mapa);1480.00;2019;67
B86049137;Nautalia;203;;Gran Recorrido;MYANMAR (Mapa);1480.00;2019;90
B86049137;Nautalia;100;;Gran Recorrido;CAMBOYA (Bitakora);1480.00;2019;39
B86049137;Nautalia;250;;Gran Recorrido;SRI LANKA (Panavision);1480.00;2019;99
B86049137;Nautalia;240;;Gran Recorrido;GUATEMALA (Mapa);1480.00;2019;30
B86049137;Nautalia;500;;Gran Recorrido;CANADA A (Wamos);1450.00;2019;201
B86049137;Nautalia;294;;Gran Recorrido;CANADA B (Mapa) ;1480.00;2019;91
B86049137;Nautalia;200;;Gran Recorrido;ARGENTINA (Panavision);1480.00;2019;153
B86049137;Nautalia;270;;Gran Recorrido;PERU (Wamos);1480.00;2019;68
B86049137;Nautalia;144;;Gran Recorrido;COSTA RICA (Bitakora);1480.00;2019;44
B86049137;Nautalia;176;;Gran Recorrido;MEXICO (Politours);1480.00;2019;73
B86049137;Nautalia;250;;Gran Recorrido;CUBA ( Wamos);1450.00;2019;110
B86049137;Nautalia;300;;Gran Recorrido;SUDÁFRICA (Panavision);1480.00;2019;176
B86049137;Nautalia;360;80;Gran Recorrido;NUEVA YORK (Panavision);1480.00;2019;388
B86049137;Nautalia;100;;Gran Recorrido;COLOMBIA (Bitakora);1480.00;2019;0
