id,CODIGO,DISTRITO,same_as_wikidata_distrito,EDIFICIO,Direccion,same_as_wikidata_Direccion,COORDENADA Y,COORDENADA X,TERMINALES,CONECTORES,same_as_wikidata_CONECTORES,POTENCIA,ANYO INSTALACION
1,PRM-AG07-10a,Arganzuela,https://wikidata.org/entity/Q2000929,A.G._Desarrollo_Urbano_Sostenible_/_OA_Agencia_de_Actividades,Calle_de_Bustamante_16,https://wikidata.org/entity/Q27430098,4472432.48,441594.53,1,Mennekes,https://wikidata.org/entity/Q1262665,"7,3_KW__32_A_mono",2017
2,PRM-AG07-10b,Arganzuela,https://wikidata.org/entity/Q2000929,A.G._Desarrollo_Urbano_Sostenible_/_OA_Agencia_de_Actividades,Calle_de_Bustamante_16,https://wikidata.org/entity/Q27430098,4472432.48,441594.53,1,Mennekes,https://wikidata.org/entity/Q1262665,"7,3_KW__32_A_mono",2017
3,PRM-AG07-10c,Arganzuela,https://wikidata.org/entity/Q2000929,A.G._Desarrollo_Urbano_Sostenible_/_OA_Agencia_de_Actividades,Calle_de_Bustamante_16,https://wikidata.org/entity/Q27430098,4472432.48,441594.53,1,Mennekes,https://wikidata.org/entity/Q1262665,"7,3_KW__32_A_mono",2017
4,PRM-AG07-10d,Arganzuela,https://wikidata.org/entity/Q2000929,A.G._Desarrollo_Urbano_Sostenible_/_OA_Agencia_de_Actividades,Calle_de_Bustamante_16,https://wikidata.org/entity/Q27430098,4472432.48,441594.53,1,Mennekes,https://wikidata.org/entity/Q1262665,"7,3_KW__32_A_mono",2017
5,PRM-AG07-10e,Arganzuela,https://wikidata.org/entity/Q2000929,A.G._Desarrollo_Urbano_Sostenible_/_OA_Agencia_de_Actividades,Calle_de_Bustamante_16,https://wikidata.org/entity/Q27430098,4472432.48,441594.53,1,Mennekes,https://wikidata.org/entity/Q1262665,"7,3_KW__32_A_mono",2017
6,PRM-AG08-04a,Arganzuela,https://wikidata.org/entity/Q2000929,A.G._Medio_Ambiente_y_Movilidad_/,Calle_de_Bustamante_16,https://wikidata.org/entity/Q27430098,4472432.48,441594.53,2,Mennekes,https://wikidata.org/entity/Q1262665,"7,3_KW__32_A_mono",2018
7,PRM-AG08-04b,Arganzuela,https://wikidata.org/entity/Q2000929,A.G._Medio_Ambiente_y_Movilidad_/,Calle_de_Bustamante_16,https://wikidata.org/entity/Q27430098,4472432.48,441594.53,2,Mennekes,https://wikidata.org/entity/Q1262665,"7,3_KW__32_A_mono",2018
8,PRM-AG08-04c,Arganzuela,https://wikidata.org/entity/Q2000929,A.G._Medio_Ambiente_y_Movilidad_/,Calle_de_Bustamante_16,https://wikidata.org/entity/Q27430098,4472432.48,441594.53,2,Mennekes,https://wikidata.org/entity/Q1262665,"7,3_KW__32_A_mono",2018
9,PRM-AG08-04d,Arganzuela,https://wikidata.org/entity/Q2000929,A.G._Medio_Ambiente_y_Movilidad_/,Calle_de_Bustamante_16,https://wikidata.org/entity/Q27430098,4472432.48,441594.53,2,Mennekes,https://wikidata.org/entity/Q1262665,"7,3_KW__32_A_mono",2018
10,PRM-AG08-04e,Arganzuela,https://wikidata.org/entity/Q2000929,A.G._Medio_Ambiente_y_Movilidad_/,Calle_de_Bustamante_16,https://wikidata.org/entity/Q27430098,4472432.48,441594.53,2,Mennekes,https://wikidata.org/entity/Q1262665,"7,3_KW__32_A_mono",2018
11,PRM-AG08-04f,Arganzuela,https://wikidata.org/entity/Q2000929,A.G._Medio_Ambiente_y_Movilidad_/,Calle_de_Bustamante_16,https://wikidata.org/entity/Q27430098,4472432.48,441594.53,2,Mennekes,https://wikidata.org/entity/Q1262665,"7,3_KW__32_A_mono",2018
12,PRM-AG08-04g,Arganzuela,https://wikidata.org/entity/Q2000929,A.G._Medio_Ambiente_y_Movilidad_/,Calle_de_Bustamante_16,https://wikidata.org/entity/Q27430098,4472432.48,441594.53,2,Mennekes,https://wikidata.org/entity/Q1262665,"7,3_KW__32_A_mono",2018
13,PRM-AG08-04h,Arganzuela,https://wikidata.org/entity/Q2000929,A.G._Medio_Ambiente_y_Movilidad_/,Calle_de_Bustamante_16,https://wikidata.org/entity/Q27430098,4472432.48,441594.53,2,Mennekes,https://wikidata.org/entity/Q1262665,"7,3_KW__32_A_mono",2018
14,PRM-AG08-04i,Arganzuela,https://wikidata.org/entity/Q2000929,A.G._Medio_Ambiente_y_Movilidad_/,Calle_de_Bustamante_16,https://wikidata.org/entity/Q27430098,4472432.48,441594.53,2,Mennekes,https://wikidata.org/entity/Q1262665,"7,3_KW__32_A_mono",2018
15,PRM-AG08-05,Arganzuela,https://wikidata.org/entity/Q2000929,A.G._Medio_Ambiente_y_Movilidad_/,Calle_de_Bustamante_16,https://wikidata.org/entity/Q27430098,4472432.48,441594.53,2,Mennekes,https://wikidata.org/entity/Q1262665,"7,3_KW__32_A_mono",2018
16,PRM-AG08-04j,Arganzuela,https://wikidata.org/entity/Q2000929,A.G._Medio_Ambiente_y_Movilidad_/,Calle_de_Bustamante_16,https://wikidata.org/entity/Q27430098,4472432.48,441594.53,1,Mennekes,https://wikidata.org/entity/Q1262665,22_KW_32_A_Trifasico,2018
17,PRM-AG08-02b,Arganzuela,https://wikidata.org/entity/Q2000929,A.G._Medio_Ambiente_y_Movilidad_/_Aparcamientos,Calle_de_Bustamante_16,https://wikidata.org/entity/Q27430098,4472432.48,441594.53,1,Mennekes,https://wikidata.org/entity/Q1262665,"7,3_KW__32_A_mono",2017
18,PRM-AG08-02a,Arganzuela,https://wikidata.org/entity/Q2000929,A.G._Medio_Ambiente_y_Movilidad_/_Calidad_del_aire,Calle_de_Bustamante_16,https://wikidata.org/entity/Q27430098,4472432.48,441594.53,1,Mennekes,https://wikidata.org/entity/Q1262665,"7,3_KW__32_A_mono",2017
19,PRM-AG08-03a,Arganzuela,https://wikidata.org/entity/Q2000929,A.G._Medio_Ambiente_y_Movilidad_/_Control_de_Calidad,Calle_de_Bustamante_16,https://wikidata.org/entity/Q27430098,4472432.48,441594.53,1,Mennekes,https://wikidata.org/entity/Q1262665,"7,3_KW__32_A_mono",2017
20,PRM-AG08-03b,Arganzuela,https://wikidata.org/entity/Q2000929,A.G._Medio_Ambiente_y_Movilidad_/_Control_de_Calidad,Calle_de_Bustamante_16,https://wikidata.org/entity/Q27430098,4472432.48,441594.53,1,Mennekes,https://wikidata.org/entity/Q1262665,"7,3_KW__32_A_mono",2017
21,PRM-AG08-03c,Arganzuela,https://wikidata.org/entity/Q2000929,A.G._Medio_Ambiente_y_Movilidad_/_Control_de_Calidad,Calle_de_Bustamante_16,https://wikidata.org/entity/Q27430098,4472432.48,441594.53,1,Mennekes,https://wikidata.org/entity/Q1262665,"7,3_KW__32_A_mono",2017
22,PRM-AG08-03d,Arganzuela,https://wikidata.org/entity/Q2000929,A.G._Medio_Ambiente_y_Movilidad_/_Control_de_Calidad,Calle_de_Bustamante_16,https://wikidata.org/entity/Q27430098,4472432.48,441594.53,1,Mennekes,https://wikidata.org/entity/Q1262665,"7,3_KW__32_A_mono",2017
23,PRM-AG08-01a,Arganzuela,https://wikidata.org/entity/Q2000929,A.G._Medio_Ambiente_y_Movilidad_/_Inspeccion,Calle_de_Bustamante_16,https://wikidata.org/entity/Q27430098,4472432.48,441594.53,1,Mennekes,https://wikidata.org/entity/Q1262665,"7,3_KW__32_A_mono",2017
24,PRM-AG08-01b,Arganzuela,https://wikidata.org/entity/Q2000929,A.G._Medio_Ambiente_y_Movilidad_/_Inspeccion,Calle_de_Bustamante_16,https://wikidata.org/entity/Q27430098,4472432.48,441594.53,1,Mennekes,https://wikidata.org/entity/Q1262665,"7,3_KW__32_A_mono",2017
25,PRM-AG08-01c,Arganzuela,https://wikidata.org/entity/Q2000929,A.G._Medio_Ambiente_y_Movilidad_/_Inspeccion,Calle_de_Bustamante_16,https://wikidata.org/entity/Q27430098,4472432.48,441594.53,1,Mennekes,https://wikidata.org/entity/Q1262665,"7,3_KW__32_A_mono",2017
26,PRM-AG08-01d,Arganzuela,https://wikidata.org/entity/Q2000929,A.G._Medio_Ambiente_y_Movilidad_/_Inspeccion,Calle_de_Bustamante_16,https://wikidata.org/entity/Q27430098,4472432.48,441594.53,1,Mennekes,https://wikidata.org/entity/Q1262665,"7,3_KW__32_A_mono",2017
27,PRM-AG08-01e,Arganzuela,https://wikidata.org/entity/Q2000929,A.G._Medio_Ambiente_y_Movilidad_/_Inspeccion,Calle_de_Bustamante_16,https://wikidata.org/entity/Q27430098,4472432.48,441594.53,1,Mennekes,https://wikidata.org/entity/Q1262665,"7,3_KW__32_A_mono",2017
28,PRM-AG08-,Arganzuela,https://wikidata.org/entity/Q2000929,A.G._Medio_Ambiente_y_Movilidad_/_Agentes_movilidad,Paseo_Pontones_23,https://wikidata.org/entity/Q26737156,4473157.3,439442.4,1,Mennekes_manguera,https://wikidata.org/entity/Q1262665,32_A_monofasico,2018
29,PRM-AG08-,Arganzuela,https://wikidata.org/entity/Q2000929,A.G._Medio_Ambiente_y_Movilidad_/_Agentes_movilidad,Paseo_Pontones_23,https://wikidata.org/entity/Q26737156,4473157.3,439442.4,1,Mennekes_manguera,https://wikidata.org/entity/Q1262665,32_A_monofasico,2018
30,PRM-AG08-,Arganzuela,https://wikidata.org/entity/Q2000929,A.G._Medio_Ambiente_y_Movilidad_/_Agentes_movilidad,Paseo_Pontones_23,https://wikidata.org/entity/Q26737156,4473157.3,439442.4,1,Mennekes_manguera,https://wikidata.org/entity/Q1262665,32_A_monofasico,2018
31,PRM-AG08-,Arganzuela,https://wikidata.org/entity/Q2000929,A.G._Medio_Ambiente_y_Movilidad_/_Agentes_movilidad,Paseo_Pontones_23,https://wikidata.org/entity/Q26737156,4473157.3,439442.4,1,Mennekes_manguera,https://wikidata.org/entity/Q1262665,32_A_monofasico,2018
32,PRM-AG08-,Arganzuela,https://wikidata.org/entity/Q2000929,A.G._Medio_Ambiente_y_Movilidad_/_Agentes_movilidad,Paseo_Pontones_23,https://wikidata.org/entity/Q26737156,4473157.3,439442.4,1,Mennekes_manguera,https://wikidata.org/entity/Q1262665,32_A_monofasico,2018
33,PRM-AG08-,Arganzuela,https://wikidata.org/entity/Q2000929,A.G._Medio_Ambiente_y_Movilidad_/_Agentes_movilidad,Paseo_Pontones_23,https://wikidata.org/entity/Q26737156,4473157.3,439442.4,1,Mennekes_manguera,https://wikidata.org/entity/Q1262665,32_A_monofasico,2018
34,PRM-AG08-,Arganzuela,https://wikidata.org/entity/Q2000929,A.G._Medio_Ambiente_y_Movilidad_/_Agentes_movilidad,Paseo_Pontones_23,https://wikidata.org/entity/Q26737156,4473157.3,439442.4,1,Mennekes_manguera,https://wikidata.org/entity/Q1262665,32_A_monofasico,2019
35,PRM-AG08-,Arganzuela,https://wikidata.org/entity/Q2000929,A.G._Medio_Ambiente_y_Movilidad_/_Agentes_movilidad,Paseo_Pontones_23,https://wikidata.org/entity/Q26737156,4473157.3,439442.4,1,Mennekes_manguera,https://wikidata.org/entity/Q1262665,32_A_monofasico,2019
36,PRM-AG01-10a,Arganzuela,https://wikidata.org/entity/Q2000929,"A.G._Equidad,_Derechos_Sociales_y_Empleo_._OA_Agencia_para_el_Empleo",Paseo_Pontones_10,https://wikidata.org/entity/Q26737156,4473152.8,439377.1,1,Mennekes,https://wikidata.org/entity/Q1262665,"3,7_KW_Plug_T2_monofasico",2017
37,PRM-AG01-10b,Arganzuela,https://wikidata.org/entity/Q2000929,"A.G._Equidad,_Derechos_Sociales_y_Empleo_._OA_Agencia_para_el_Empleo",Paseo_Pontones_10,https://wikidata.org/entity/Q26737156,4473152.8,439377.1,1,Mennekes,https://wikidata.org/entity/Q1262665,"3,7_KW_Plug_T2_monofasico",2017
38,PRM-AG01-01a,Arganzuela,https://wikidata.org/entity/Q2000929,"A.G._Equidad,_Derechos_Sociales_y_Empleo",Paseo_Chopera_41,https://wikidata.org/entity/Q27044458,4471741.49,440676.52,1,Mennekes_manguera,https://wikidata.org/entity/Q1262665,"3,7_kW",2016
39,PRM-AG01-01b,Arganzuela,https://wikidata.org/entity/Q2000929,"A.G._Equidad,_Derechos_Sociales_y_Empleo",Paseo_Chopera_41,https://wikidata.org/entity/Q27044458,4471741.49,440676.52,1,Mennekes,https://wikidata.org/entity/Q1262665,"3,7_kW",2016
40,PRM-AG01-01b,Arganzuela,https://wikidata.org/entity/Q2000929,"A.G._Equidad,_Derechos_Sociales_y_Empleo",Paseo_Chopera_41,https://wikidata.org/entity/Q27044458,4471741.49,440676.52,1,Mennekes_manguera,https://wikidata.org/entity/Q1262665,"3,7_kW",2018
41,PRM-AG01-01c,Arganzuela,https://wikidata.org/entity/Q2000929,"A.G._Equidad,_Derechos_Sociales_y_Empleo",Paseo_Chopera_41,https://wikidata.org/entity/Q27044458,4471741.49,440676.52,1,Mennekes_manguera,https://wikidata.org/entity/Q1262665,"3,7_kW",2018
42,PRM-AG01-01d,Arganzuela,https://wikidata.org/entity/Q2000929,"A.G._Equidad,_Derechos_Sociales_y_Empleo",Paseo_Chopera_41,https://wikidata.org/entity/Q27044458,4471741.49,440676.52,1,Mennekes_manguera,https://wikidata.org/entity/Q1262665,"3,7_kW",2018
43,PRM-AG01-01e,Arganzuela,https://wikidata.org/entity/Q2000929,"A.G._Equidad,_Derechos_Sociales_y_Empleo",Paseo_Chopera_41,https://wikidata.org/entity/Q27044458,4471741.49,440676.52,1,Mennekes_manguera,https://wikidata.org/entity/Q1262665,"3,7_kW",2018
44,PRM-AG01-01f,Arganzuela,https://wikidata.org/entity/Q2000929,"A.G._Equidad,_Derechos_Sociales_y_Empleo",Paseo_Chopera_41,https://wikidata.org/entity/Q27044458,4471741.49,440676.52,1,Mennekes_manguera,https://wikidata.org/entity/Q1262665,"3,7_kW",2018
45,PRM-AG01-01b,Arganzuela,https://wikidata.org/entity/Q2000929,"A.G._Equidad,_Derechos_Sociales_y_Empleo",Paseo_Chopera_41,https://wikidata.org/entity/Q27044458,4471741.49,440676.52,1,mennekes_Hembra,https://wikidata.org/entity/Q1262665,32_A_trifasico,2019
46,PRM-AG05-03a,Arganzuela,https://wikidata.org/entity/Q2000929,"A.G._Salud,_Seguridad_y_Emergencias_/_PM_/_UID_Arganzuela",Paseo_Chopera_2,https://wikidata.org/entity/Q27044458,4472146.4,440514.7,1,Mennekes,https://wikidata.org/entity/Q1262665,3.7,2017
47,PRM-AG05-03b,Arganzuela,https://wikidata.org/entity/Q2000929,"A.G._Salud,_Seguridad_y_Emergencias_/_PM_/_UID_Arganzuela",Paseo_Chopera_2,https://wikidata.org/entity/Q27044458,4472146.4,440514.7,1,Mennekes,https://wikidata.org/entity/Q1262665,3.7,2017
48,PRM-AG05-03c,Arganzuela,https://wikidata.org/entity/Q2000929,"A.G._Salud,_Seguridad_y_Emergencias_/_PM_/_UID_Arganzuela",Paseo_Chopera_2,https://wikidata.org/entity/Q27044458,4472146.4,440514.7,1,Mennekes_conector_hembra_sin_manguera,https://wikidata.org/entity/Q1262665,22_kW,2018
49,PRM-AG01-02a,Arganzuela,https://wikidata.org/entity/Q2000929,"A.G._Equidad,_Derechos_Sociales_y_Empleo","Ronda_de_Toledo,_10",https://wikidata.org/entity/Q6111946,4473292,439854.9,1,Mennekes,https://wikidata.org/entity/Q1262665,"3,7_kW",2017
50,PRM-AG01-02b,Arganzuela,https://wikidata.org/entity/Q2000929,"A.G._Equidad,_Derechos_Sociales_y_Empleo","Ronda_de_Toledo,_10",https://wikidata.org/entity/Q6111946,4473292,439854.9,1,Mennekes,https://wikidata.org/entity/Q1262665,"3,7_kW",2017
51,PRM-AG01-02c,Arganzuela,https://wikidata.org/entity/Q2000929,"A.G._Equidad,_Derechos_Sociales_y_Empleo","Ronda_de_Toledo,_10",https://wikidata.org/entity/Q6111946,4473292,439854.9,1,Mennekes,https://wikidata.org/entity/Q1262665,"3,7_kW",2017
52,PRM-JM21-10,Barajas,https://wikidata.org/entity/Q807230,J.M.D._Barajas_(Centro_Mayores),Calle_de_Acuario_27,,4480619.38,450861.59,1,Mennekes,https://wikidata.org/entity/Q1262665,"3,7_kW",2016
53,PRM-AG07-01a,Barajas,https://wikidata.org/entity/Q807230,A.G._Desarrollo_Urbano_Sostenible,Calle_de_Ribera_del_Sena_21,,4479216.43,447631.57,1,Mennekes,https://wikidata.org/entity/Q1262665,"3,7_kW",2016
54,PRM-AG07-01b,Barajas,https://wikidata.org/entity/Q807230,A.G._Desarrollo_Urbano_Sostenible,Calle_de_Ribera_del_Sena_21,,4479216.43,447631.57,1,Mennekes,https://wikidata.org/entity/Q1262665,"3,7_kW",2016
55,PRM-AG07-01c,Barajas,https://wikidata.org/entity/Q807230,A.G._Desarrollo_Urbano_Sostenible,Calle_de_Ribera_del_Sena_21,,4479216.43,447631.57,1,Mennekes,https://wikidata.org/entity/Q1262665,"3,7_kW",2016
56,PRM-AG07-01d,Barajas,https://wikidata.org/entity/Q807230,A.G._Desarrollo_Urbano_Sostenible,Calle_de_Ribera_del_Sena_21,,4479216.43,447631.57,1,Mennekes,https://wikidata.org/entity/Q1262665,"3,7_kW",2017
57,PRM-AG07-01e,Barajas,https://wikidata.org/entity/Q807230,A.G._Desarrollo_Urbano_Sostenible,Calle_de_Ribera_del_Sena_21,,4479216.43,447631.57,1,Mennekes,https://wikidata.org/entity/Q1262665,"3,7_kW",2017
58,PRM-AG07-01f,Barajas,https://wikidata.org/entity/Q807230,A.G._Desarrollo_Urbano_Sostenible,Calle_de_Ribera_del_Sena_21,,4479216.43,447631.57,2,Mennekes,https://wikidata.org/entity/Q1262665,16_A_Trifasico_11_kW,2018
59,PRM-AG07-01g,Barajas,https://wikidata.org/entity/Q807230,A.G._Desarrollo_Urbano_Sostenible,Calle_de_Ribera_del_Sena_21,,4479216.43,447631.57,1,Mennekes,https://wikidata.org/entity/Q1262665,16A_monofasico,2018
60,PRM-AG07-01h,Barajas,https://wikidata.org/entity/Q807230,A.G._Desarrollo_Urbano_Sostenible,Calle_de_Ribera_del_Sena_21,,4479216.43,447631.57,1,Mennekes,https://wikidata.org/entity/Q1262665,16A_monofasico,2018
61,PRM-AG07-01i,Barajas,https://wikidata.org/entity/Q807230,A.G._Desarrollo_Urbano_Sostenible,Calle_de_Ribera_del_Sena_21,,4479216.43,447631.57,1,Mennekes,https://wikidata.org/entity/Q1262665,16A_monofasico,2018
62,PRM-AG07-01j,Barajas,https://wikidata.org/entity/Q807230,A.G._Desarrollo_Urbano_Sostenible,Calle_de_Ribera_del_Sena_21,,4479216.43,447631.57,1,Mennekes,https://wikidata.org/entity/Q1262665,16A_monofasico,2018
63,PRM-AG07-01k,Barajas,https://wikidata.org/entity/Q807230,A.G._Desarrollo_Urbano_Sostenible,Calle_de_Ribera_del_Sena_21,,4479216.43,447631.57,1,Mennekes,https://wikidata.org/entity/Q1262665,16A_monofasico,2018
64,PRM-AG05-01c,Barajas,https://wikidata.org/entity/Q807230,"A.G._Salud,_Seguridad_y_Emergencias_/_PM_/_DG_DE_POLICIA_MUNICIPAL","Calle_de_Trespaderne,_16",,4478363.8,450836.2,1,Yazaki_con_manguera,https://wikidata.org/entity/Q1926640,16_A_monofasico,2019
65,PRM-JM,Carabanchel,https://wikidata.org/entity/Q1001991,J.M._D._Carabanchel_/_UID_CARABANCHEL,"Calle_de_Albox,_8",,4469796.8,436884.1,1,Mennekes_Manguera,https://wikidata.org/entity/Q1262665,16_A_monofasico,2018
66,PRM-AG04-02a,Centro,https://wikidata.org/entity/Q1763376,A.G._Economia_y_Hacienda_/_SGT,Calle_de_Alcala_45,https://wikidata.org/entity/Q2424746,4474508.52,440929.55,1,Mennekes_Manguera,https://wikidata.org/entity/Q1262665,16_A,2015
67,PRM-AG04-02b,Centro,https://wikidata.org/entity/Q1763376,A.G._Economia_y_Hacienda_/_SGT,Calle_de_Alcala_45,https://wikidata.org/entity/Q2424746,4474508.52,440929.55,1,Mennekes_Manguera,https://wikidata.org/entity/Q1262665,16_A,2017
68,PRM-AG04-02c,Centro,https://wikidata.org/entity/Q1763376,A.G._Economia_y_Hacienda_/_SGT,Calle_de_Alcala_45,https://wikidata.org/entity/Q2424746,4474508.52,440929.55,1,Mennekes,https://wikidata.org/entity/Q1262665,16_A,2017
69,PRM-AG06-01,Centro,https://wikidata.org/entity/Q1763376,"A.G._Participacion_Ciudadana,_Transparencia_y_Gobierno_Abierto_/_SGT",Calle_de_Alcala_45,https://wikidata.org/entity/Q2424746,4474508.52,440929.55,1,Mennekes,https://wikidata.org/entity/Q1262665,16_A,2016
70,PRM-AG04-01a,Centro,https://wikidata.org/entity/Q1763376,A.G._Economia_y_Hacienda,Calle_de_Barquillo_17a,https://wikidata.org/entity/Q5740983,4474797.76,440976.34,1,Mennekes,https://wikidata.org/entity/Q1262665,"3,7_kW",2015
71,PRM-AG04-01b,Centro,https://wikidata.org/entity/Q1763376,A.G._Economia_y_Hacienda,Calle_de_Barquillo_17a,https://wikidata.org/entity/Q5740983,4474797.76,440976.34,1,Mennekes,https://wikidata.org/entity/Q1262665,"3,7_kW",2015
72,PRM-AG04-10a,Centro,https://wikidata.org/entity/Q1763376,A.G._Economia_y_Hacienda_/_Agencia_Tributaria,Calle_de_Sacramento_4,https://wikidata.org/entity/Q26913064,4474010.51,439687.55,1,Mennekes/Schuko,https://wikidata.org/entity/Q1262665,"3,7_kW",2016
73,PRM-AG04-10B,Centro,https://wikidata.org/entity/Q1763376,A.G._Economia_y_Hacienda_/_Agencia_Tributaria,Calle_de_Sacramento_4,https://wikidata.org/entity/Q26913064,4474010.51,439687.55,1,Mennekes/Schuko,https://wikidata.org/entity/Q1262665,"3,7_kW",2016
74,PRM-AG04-10C,Centro,https://wikidata.org/entity/Q1763376,A.G._Economia_y_Hacienda_/_Agencia_Tributaria,Calle_de_Sacramento_4,https://wikidata.org/entity/Q26913064,4474010.51,439687.55,1,Mennekes/Schuko,https://wikidata.org/entity/Q1262665,"3,7_kW",2016
75,PRM-AG04-10d,Centro,https://wikidata.org/entity/Q1763376,A.G._Economia_y_Hacienda_/_Agencia_Tributaria,Calle_de_Sacramento_4,https://wikidata.org/entity/Q26913064,4474010.51,439687.55,1,Mennekes,https://wikidata.org/entity/Q1262665,"3,7_kW",2017
76,PRM-AG04-10e,Centro,https://wikidata.org/entity/Q1763376,A.G._Economia_y_Hacienda_/_Agencia_Tributaria,Calle_de_Sacramento_4,https://wikidata.org/entity/Q26913064,4474010.51,439687.55,1,Mennekes,https://wikidata.org/entity/Q1262665,"3,7_kW",2017
77,PRM-AG04-10f,Centro,https://wikidata.org/entity/Q1763376,A.G._Economia_y_Hacienda_/_Agencia_Tributaria,Calle_de_Sacramento_4,https://wikidata.org/entity/Q26913064,4474010.51,439687.55,1,Mennekes,https://wikidata.org/entity/Q1262665,"3,7_kW",2017
78,PRM-AG04-10g,Centro,https://wikidata.org/entity/Q1763376,A.G._Economia_y_Hacienda_/_Agencia_Tributaria,Calle_de_Sacramento_4,https://wikidata.org/entity/Q26913064,4474010.51,439687.55,1,Mennekes,https://wikidata.org/entity/Q1262665,"3,7_kW",2017
79,PRM-AG04-10h,Centro,https://wikidata.org/entity/Q1763376,A.G._Economia_y_Hacienda_/_Agencia_Tributaria,Calle_de_Sacramento_4,https://wikidata.org/entity/Q26913064,4474010.51,439687.55,1,Mennekes,https://wikidata.org/entity/Q1262665,"3,7_kW",2017
80,PRM-AG04-10i,Centro,https://wikidata.org/entity/Q1763376,A.G._Economia_y_Hacienda_/_Agencia_Tributaria,Calle_de_Sacramento_4,https://wikidata.org/entity/Q26913064,4474010.51,439687.55,1,Mennekes,https://wikidata.org/entity/Q1262665,"3,7_kW",2017
81,PRM-AG04-,Centro,https://wikidata.org/entity/Q1763376,A.G._Economia_y_Hacienda_/_Agencia_Tributaria,Calle_de_Sacramento_4,https://wikidata.org/entity/Q26913064,4474010.51,439687.55,1,Mennekes,https://wikidata.org/entity/Q1262665,"7,3_KW_32_A_configuracion__mono",2018
82,PRM-AG04-,Centro,https://wikidata.org/entity/Q1763376,A.G._Economia_y_Hacienda_/_Agencia_Tributaria,Calle_de_Sacramento_4,https://wikidata.org/entity/Q26913064,4474010.51,439687.55,1,Mennekes,https://wikidata.org/entity/Q1262665,"7,3_KW_32_A_configuracion__mono",2018
83,PRM-AG04-,Centro,https://wikidata.org/entity/Q1763376,A.G._Economia_y_Hacienda_/_Agencia_Tributaria,Calle_de_Sacramento_4,https://wikidata.org/entity/Q26913064,4474010.51,439687.55,1,Mennekes,https://wikidata.org/entity/Q1262665,"7,3_KW_32_A_configuracion__mono",2018
84,PRM-AG04-,Centro,https://wikidata.org/entity/Q1763376,A.G._Economia_y_Hacienda_/_Agencia_Tributaria,Calle_de_Sacramento_4,https://wikidata.org/entity/Q26913064,4474010.51,439687.55,1,Mennekes,https://wikidata.org/entity/Q1262665,"7,3_KW_32_A_configuracion__mono",2018
85,PRM-AG04-,Centro,https://wikidata.org/entity/Q1763376,A.G._Economia_y_Hacienda_/_Agencia_Tributaria,Calle_de_Sacramento_4,https://wikidata.org/entity/Q26913064,4474010.51,439687.55,1,Mennekes,https://wikidata.org/entity/Q1262665,"7,3_KW_32_A_configuracion__mono",2018
86,PRM-AG04-,Centro,https://wikidata.org/entity/Q1763376,A.G._Economia_y_Hacienda_/_Agencia_Tributaria,Calle_de_Sacramento_4,https://wikidata.org/entity/Q26913064,4474010.51,439687.55,1,Mennekes,https://wikidata.org/entity/Q1262665,"7,3_KW_32_A_configuracion__mono",2018
87,PRM-AG05-04c,Centro,https://wikidata.org/entity/Q1763376,"A.G._Salud,_Seguridad_y_Emergencias_/_PM_/_UID_Centro_Sur",Plaza_del_Carmen,https://wikidata.org/entity/Q6080406,4474643.6,440446.2,1,Mennekes_con_manguera,https://wikidata.org/entity/Q1262665,32_A_modificado_a_trifasico,2018
88,PRM-AG05-04c,Centro,https://wikidata.org/entity/Q1763376,"A.G._Salud,_Seguridad_y_Emergencias_/_PM_/_UID_Centro_Sur",Plaza_del_Carmen,https://wikidata.org/entity/Q6080406,4474643.6,440446.2,1,Mennekes_con_manguera,https://wikidata.org/entity/Q1262665,32_A_modificado_a_trifasico,2018
89,PRM-AG05-04a,Centro,https://wikidata.org/entity/Q1763376,"A.G._Salud,_Seguridad_y_Emergencias_/_PM_/_UID_CENTRO_NORTE","Plaza_Santa_Maria_Soledad_Torres_Acosta,_2",,4474983,440255.3,1,Mennekes,https://wikidata.org/entity/Q1262665,"3,7_kW",2017
90,PRM-AG05-04b,Centro,https://wikidata.org/entity/Q1763376,"A.G._Salud,_Seguridad_y_Emergencias_/_PM_/_UID_CENTRO_NORTE","Plaza_Santa_Maria_Soledad_Torres_Acosta,_2",,4474983,440255.3,1,Mennekes,https://wikidata.org/entity/Q1262665,"3,7_kW",2017
91,PRM-AG05-04c,Centro,https://wikidata.org/entity/Q1763376,"A.G._Salud,_Seguridad_y_Emergencias_/_PM_/_UID_CENTRO_NORTE","Plaza_Santa_Maria_Soledad_Torres_Acosta,_2",,4474983,440255.3,1,Mennekes,https://wikidata.org/entity/Q1262665,11_kW,2018
92,PRM-JM05-01,Chamartín,https://wikidata.org/entity/Q1766348,J.M.D._Chamartin,Calle_de_Principe_de_Vergara_142,https://wikidata.org/entity/Q5741020,4477359.49,442495.57,1,Mennekes,https://wikidata.org/entity/Q1262665,"3,7_kW",2016
93,PRM-AG05-03a,Chamartín,https://wikidata.org/entity/Q1766348,J.M.D._Chamartin_/_Policia_Municipal,Calle_de_Principe_de_Vergara_142,https://wikidata.org/entity/Q5741020,4477359.49,442495.57,1,Mennekes,https://wikidata.org/entity/Q1262665,32_A_configurado_inteligente,2018
94,PRM-AG05-03a,Chamartín,https://wikidata.org/entity/Q1766348,J.M.D._Chamartin_/_Policia_Municipal,Calle_de_Principe_de_Vergara_142,https://wikidata.org/entity/Q5741020,4477359.49,442495.57,1,Mennekes,https://wikidata.org/entity/Q1262665,33_A_configurado_inteligente,2018
95,PRM-AG05-03a,Chamartín,https://wikidata.org/entity/Q1766348,J.M.D._Chamartin_/_Policia_Municipal,Calle_de_Principe_de_Vergara_142,https://wikidata.org/entity/Q5741020,4477359.49,442495.57,1,Schuko,https://wikidata.org/entity/Q1123613,"3,7_kW",2018
96,PRM-AG05-03a,Chamartín,https://wikidata.org/entity/Q1766348,J.M.D._Chamartin_/_Policia_Municipal,Calle_de_Principe_de_Vergara_142,https://wikidata.org/entity/Q5741020,4477359.49,442495.57,1,Schuko,https://wikidata.org/entity/Q1123613,"3,7_kW",2018
97,PRM-AG05-03a,Chamartín,https://wikidata.org/entity/Q1766348,J.M.D._Chamartin_/_Policia_Municipal,Calle_de_Principe_de_Vergara_142,https://wikidata.org/entity/Q5741020,4477359.49,442495.57,1,Schuko,https://wikidata.org/entity/Q1123613,"3,7_kW",2018
98,PRM-AG08-,Chamartín,https://wikidata.org/entity/Q1766348,A.G._Medio_Ambiente_y_Movilidad_/_Agentes_movilidad,Calle_de_Guatemala,,4479196.7,442858,1,Mennekes_manguera,https://wikidata.org/entity/Q1262665,32_A_monofasico,2018
99,PRM-AG05-0,Chamberí,https://wikidata.org/entity/Q1763370,"A.G._Salud,_Seguridad_y_Emergencias_/_PM_/_UID_Chamberi",Calle_de_Raimundo_Fernandez_Villaverde_8,https://wikidata.org/entity/Q26741180,4477772,440516.5,1,Mennekes_manguera,https://wikidata.org/entity/Q1262665,32_A_limitados_a_10_kW,2018
100,PRM-AG05-0,Chamberí,https://wikidata.org/entity/Q1763370,"A.G._Salud,_Seguridad_y_Emergencias_/_PM_/_UID_Chamberi",Calle_de_Raimundo_Fernandez_Villaverde_8,https://wikidata.org/entity/Q26741180,4477772,440516.5,1,Mennekes_manguera,https://wikidata.org/entity/Q1262665,32_A_limitados_a_10_kW,2018
101,PRM-JM,Chamberí,https://wikidata.org/entity/Q1763370,JMD_Chamberi,Calle_de_Palafox_4,https://wikidata.org/entity/Q28733295,4476007.2,440655.9,1,Mennekes_Manguera,https://wikidata.org/entity/Q1262665,16_A_monofasico,2018
102,PRM-AG05-20a,Ciudad_Lineal,https://wikidata.org/entity/Q1763694,A.G._ECONOMIA_Y_HACIENDA_/_Parque_Automovilistico,Avenida_de_las_Trece_Rosas,,4475023.44,445040.54,1,Mennekes/Schuko,https://wikidata.org/entity/Q1262665,,2016
103,PRM-AG08-05a,Ciudad_Lineal,https://wikidata.org/entity/Q1763694,A.G._Medio_Ambiente_y_Movilidad_/_Limpieza_y_residuos,Avenida_de_las_Trece_Rosas,,4475023.44,445040.54,1,Mennekes,https://wikidata.org/entity/Q1262665,22_Kw_Gestion_de_potencia,2017
104,PRM-AG08-05b,Ciudad_Lineal,https://wikidata.org/entity/Q1763694,A.G._Medio_Ambiente_y_Movilidad_/_Limpieza_y_residuos,Avenida_de_las_Trece_Rosas,,4475023.44,445040.54,1,Mennekes,https://wikidata.org/entity/Q1262665,22_Kw_Gestion_de_potencia,2017
105,PRM-AG08-05c,Ciudad_Lineal,https://wikidata.org/entity/Q1763694,A.G._Medio_Ambiente_y_Movilidad_/_Limpieza_y_residuos,Avenida_de_las_Trece_Rosas,,4475023.44,445040.54,1,Mennekes,https://wikidata.org/entity/Q1262665,22_Kw_Gestion_de_potencia,2017
106,PRM-AG08-05d,Ciudad_Lineal,https://wikidata.org/entity/Q1763694,A.G._Medio_Ambiente_y_Movilidad_/_Limpieza_y_residuos,Avenida_de_las_Trece_Rosas,,4475023.44,445040.54,1,Mennekes,https://wikidata.org/entity/Q1262665,22_Kw_Gestion_de_potencia,2017
107,PRM-AG08-05e,Ciudad_Lineal,https://wikidata.org/entity/Q1763694,A.G._Medio_Ambiente_y_Movilidad_/_Limpieza_y_residuos,Avenida_de_las_Trece_Rosas,,4475023.44,445040.54,1,Mennekes,https://wikidata.org/entity/Q1262665,22_Kw_Gestion_de_potencia,2017
108,PRM-AG08-05f,Ciudad_Lineal,https://wikidata.org/entity/Q1763694,A.G._Medio_Ambiente_y_Movilidad_/_Limpieza_y_residuos,Avenida_de_las_Trece_Rosas,,4475023.44,445040.54,1,Mennekes,https://wikidata.org/entity/Q1262665,22_Kw_Gestion_de_potencia,2017
109,PRM-AG08-05g,Ciudad_Lineal,https://wikidata.org/entity/Q1763694,A.G._Medio_Ambiente_y_Movilidad_/_Limpieza_y_residuos,Avenida_de_las_Trece_Rosas,,4475023.44,445040.54,1,Mennekes,https://wikidata.org/entity/Q1262665,22_Kw_Gestion_de_potencia,2017
110,PRM-AG08-05h,Ciudad_Lineal,https://wikidata.org/entity/Q1763694,A.G._Medio_Ambiente_y_Movilidad_/_Limpieza_y_residuos,Avenida_de_las_Trece_Rosas,,4475023.44,445040.54,1,Mennekes,https://wikidata.org/entity/Q1262665,22_Kw_Gestion_de_potencia,2017
111,PRM-AG08-05i,Ciudad_Lineal,https://wikidata.org/entity/Q1763694,A.G._Medio_Ambiente_y_Movilidad_/_Limpieza_y_residuos,Avenida_de_las_Trece_Rosas,,4475023.44,445040.54,1,Mennekes,https://wikidata.org/entity/Q1262665,22_Kw_Gestion_de_potencia,2018
112,PRM-AG08-05j,Ciudad_Lineal,https://wikidata.org/entity/Q1763694,A.G._Medio_Ambiente_y_Movilidad_/_Limpieza_y_residuos,Avenida_de_las_Trece_Rosas,,4475023.44,445040.54,1,Mennekes,https://wikidata.org/entity/Q1262665,22_Kw_Gestion_de_potencia,2018
113,PRM-AG08-05k,Ciudad_Lineal,https://wikidata.org/entity/Q1763694,A.G._Medio_Ambiente_y_Movilidad_/_Limpieza_y_residuos,Avenida_de_las_Trece_Rosas,,4475023.44,445040.54,1,Mennekes,https://wikidata.org/entity/Q1262665,22_Kw_Gestion_de_potencia,2018
114,PRM-AG08-05l,Ciudad_Lineal,https://wikidata.org/entity/Q1763694,A.G._Medio_Ambiente_y_Movilidad_/_Limpieza_y_residuos,Avenida_de_las_Trece_Rosas,,4475023.44,445040.54,1,Mennekes,https://wikidata.org/entity/Q1262665,22_Kw_Gestion_de_potencia,2018
115,PRM-AG08-05m,Ciudad_Lineal,https://wikidata.org/entity/Q1763694,A.G._Medio_Ambiente_y_Movilidad_/_Limpieza_y_residuos,Avenida_de_las_Trece_Rosas,,4475023.44,445040.54,1,Mennekes,https://wikidata.org/entity/Q1262665,22_Kw_Gestion_de_potencia,2018
116,PRM-AG08-05n,Ciudad_Lineal,https://wikidata.org/entity/Q1763694,A.G._Medio_Ambiente_y_Movilidad_/_Limpieza_y_residuos,Avenida_de_las_Trece_Rosas,,4475023.44,445040.54,1,Mennekes,https://wikidata.org/entity/Q1262665,22_Kw_Gestion_de_potencia,2018
117,PRM-AG08-05h,Ciudad_Lineal,https://wikidata.org/entity/Q1763694,A.G._Medio_Ambiente_y_Movilidad_/_Limpieza_y_residuos,Avenida_de_las_Trece_Rosas,,4475023.44,445040.54,1,Mennekes_con_manguera,https://wikidata.org/entity/Q1262665,22_kW,2018
118,PRM-AG08-05h,Ciudad_Lineal,https://wikidata.org/entity/Q1763694,A.G._Medio_Ambiente_y_Movilidad_/_Limpieza_y_residuos,Avenida_de_las_Trece_Rosas,,4475023.44,445040.54,1,Mennekes_con_manguera,https://wikidata.org/entity/Q1262665,22_kW,2018
119,PRM-AG08-05h,Ciudad_Lineal,https://wikidata.org/entity/Q1763694,A.G._Medio_Ambiente_y_Movilidad_/_Limpieza_y_residuos,Avenida_de_las_Trece_Rosas,,4475023.44,445040.54,1,Mennekes_con_manguera,https://wikidata.org/entity/Q1262665,22_kW,2018
120,PRM-AG08-05h,Ciudad_Lineal,https://wikidata.org/entity/Q1763694,A.G._Medio_Ambiente_y_Movilidad_/_Limpieza_y_residuos,Avenida_de_las_Trece_Rosas,,4475023.44,445040.54,1,Mennekes_con_manguera,https://wikidata.org/entity/Q1262665,22_kW,2018
121,PRM-AG08-05h,Ciudad_Lineal,https://wikidata.org/entity/Q1763694,A.G._Medio_Ambiente_y_Movilidad_/_Limpieza_y_residuos,Avenida_de_las_Trece_Rosas,,4475023.44,445040.54,1,Mennekes_con_manguera,https://wikidata.org/entity/Q1262665,22_kW,2018
122,PRM-AG08-05h,Ciudad_Lineal,https://wikidata.org/entity/Q1763694,A.G._Medio_Ambiente_y_Movilidad_/_Limpieza_y_residuos,Avenida_de_las_Trece_Rosas,,4475023.44,445040.54,1,Mennekes_con_manguera,https://wikidata.org/entity/Q1262665,22_kW,2018
123,PRM-AG08-05h,Ciudad_Lineal,https://wikidata.org/entity/Q1763694,A.G._Medio_Ambiente_y_Movilidad_/_Limpieza_y_residuos,Avenida_de_las_Trece_Rosas,,4475023.44,445040.54,1,Mennekes_con_manguera,https://wikidata.org/entity/Q1262665,22_kW,2018
124,PRM-AG08-05h,Ciudad_Lineal,https://wikidata.org/entity/Q1763694,A.G._Medio_Ambiente_y_Movilidad_/_Limpieza_y_residuos,Avenida_de_las_Trece_Rosas,,4475023.44,445040.54,1,Mennekes_con_manguera,https://wikidata.org/entity/Q1262665,22_kW,2018
125,PRM-AG08-05h,Ciudad_Lineal,https://wikidata.org/entity/Q1763694,A.G._Medio_Ambiente_y_Movilidad_/_Limpieza_y_residuos,Avenida_de_las_Trece_Rosas,,4475023.44,445040.54,1,Mennekes_con_manguera,https://wikidata.org/entity/Q1262665,22_kW,2018
126,PRM-AG08-05h,Ciudad_Lineal,https://wikidata.org/entity/Q1763694,A.G._Medio_Ambiente_y_Movilidad_/_Limpieza_y_residuos,Avenida_de_las_Trece_Rosas,,4475023.44,445040.54,1,Mennekes_con_manguera,https://wikidata.org/entity/Q1262665,22_kW,2018
127,PRM-AG08-05h,Ciudad_Lineal,https://wikidata.org/entity/Q1763694,A.G._Medio_Ambiente_y_Movilidad_/_Limpieza_y_residuos,Avenida_de_las_Trece_Rosas,,4475023.44,445040.54,1,Mennekes_con_manguera,https://wikidata.org/entity/Q1262665,22_kW,2018
128,PRM-AG08-05h,Ciudad_Lineal,https://wikidata.org/entity/Q1763694,A.G._Medio_Ambiente_y_Movilidad_/_Limpieza_y_residuos,Avenida_de_las_Trece_Rosas,,4475023.44,445040.54,1,Mennekes_con_manguera,https://wikidata.org/entity/Q1262665,22_kW,2018
129,PRM-AG08-05h,Ciudad_Lineal,https://wikidata.org/entity/Q1763694,A.G._Medio_Ambiente_y_Movilidad_/_Limpieza_y_residuos,Avenida_de_las_Trece_Rosas,,4475023.44,445040.54,1,Mennekes_con_manguera,https://wikidata.org/entity/Q1262665,22_kW,2018
130,PRM-AG08-05h,Ciudad_Lineal,https://wikidata.org/entity/Q1763694,A.G._Medio_Ambiente_y_Movilidad_/_Limpieza_y_residuos,Avenida_de_las_Trece_Rosas,,4475023.44,445040.54,1,Mennekes_con_manguera,https://wikidata.org/entity/Q1262665,22_kW,2018
131,PRM-AG08-05h,Ciudad_Lineal,https://wikidata.org/entity/Q1763694,A.G._Medio_Ambiente_y_Movilidad_/_Limpieza_y_residuos,Avenida_de_las_Trece_Rosas,,4475023.44,445040.54,1,Mennekes_con_manguera,https://wikidata.org/entity/Q1262665,22_kW,2018
132,PRM-AG08-05h,Ciudad_Lineal,https://wikidata.org/entity/Q1763694,A.G._Medio_Ambiente_y_Movilidad_/_Limpieza_y_residuos,Avenida_de_las_Trece_Rosas,,4475023.44,445040.54,1,Mennekes_con_manguera,https://wikidata.org/entity/Q1262665,22_kW,2018
133,PRM-AG08-05h,Ciudad_Lineal,https://wikidata.org/entity/Q1763694,A.G._Medio_Ambiente_y_Movilidad_/_Limpieza_y_residuos,Avenida_de_las_Trece_Rosas,,4475023.44,445040.54,1,Mennekes_con_manguera,https://wikidata.org/entity/Q1262665,22_kW,2018
134,PRM-AG08-05h,Ciudad_Lineal,https://wikidata.org/entity/Q1763694,A.G._Medio_Ambiente_y_Movilidad_/_Limpieza_y_residuos,Avenida_de_las_Trece_Rosas,,4475023.44,445040.54,1,Mennekes_con_manguera,https://wikidata.org/entity/Q1262665,22_kW,2018
135,PRM-JM15-01a,Ciudad_Lineal,https://wikidata.org/entity/Q1763694,J.M.D._Ciudad_Lineal,"Calle_de_Hermanos_Garcia_Noblejas,_16",,4476744.6,446032,1,Mennekes,https://wikidata.org/entity/Q1262665,"3,7_KW_Plug_T2_monofasico",2017
136,PRM-AG05-,Fuencarral-El_Pardo,https://wikidata.org/entity/Q656196,UID_Fuencarral_el_Pardo,"Avenida_Soto_Palacios,_2",,4482348.5,442150,1,Mennekes_con_manguera,https://wikidata.org/entity/Q1262665,22_kW_32_A_Trifasico_Inteligente_Blaudrive,2018
137,PRM-JM,Fuencarral-El_Pardo,https://wikidata.org/entity/Q656196,J.M.D_Fuencarral_el_Pardo,"Avenida_de_Monforte_de_Lemos,_40",https://wikidata.org/entity/Q52683954,4481314.2,439945.5,1,Mennekes_Manguera,https://wikidata.org/entity/Q1262665,32_A_monofasico,2019
138,PRM-JM08-01a,Fuencarral-El_Pardo,https://wikidata.org/entity/Q656196,J.M.D._Fuencarral-El_Pardo,"Avenida_Monforte_de_Lemos,_36-38",https://wikidata.org/entity/Q52683954,4481328.2,439999.7,1,Sucko,https://wikidata.org/entity/Q1123613,"3,7_Kw",2017
139,PRM-AG05-14a,Hortaleza,https://wikidata.org/entity/Q1928529,"A.G._Salud,_Seguridad_y_Emergencias_/_Madrid_Salud_/_LABORATORIO_DE_SALUD_PUBLICA",Calle_de_Emigrantes_20_/_c/_AREQUIPA,,4480152.7,446070.9,1,Mennekes,https://wikidata.org/entity/Q1262665,"3,7_kW_Plug_T2_Monofasico",2017
140,PRM-AG05-14b,Hortaleza,https://wikidata.org/entity/Q1928529,"A.G._Salud,_Seguridad_y_Emergencias_/_Madrid_Salud_/_LABORATORIO_DE_SALUD_PUBLICA",Calle_de_Emigrantes_20_/_c/_AREQUIPA,,4480152.7,446070.9,1,Mennekes,https://wikidata.org/entity/Q1262665,"3,7_kW_Plug_T2_Monofasico",2017
141,PRM-JM16-01a,Hortaleza,https://wikidata.org/entity/Q1928529,J.M.D._Hortaleza,"Carretera._Canillas,_2",https://wikidata.org/entity/Q28973490,4479562.1,444395.8,1,Mennekes,https://wikidata.org/entity/Q1262665,"3,7_kW_Plug_T2_Monofasico",2017
142,PRM-JM,Latina,https://wikidata.org/entity/Q794954,J.M.D._Latina,"Avenida_de_Las_Aguilas,_2A",https://wikidata.org/entity/Q29405114,4470970,435244.9,1,Mennekes,https://wikidata.org/entity/Q1262665,32_A_manguera,2018
143,PRM-JM,Latina,https://wikidata.org/entity/Q794954,J.M.D._Latina,"Avenida_de_Las_Aguilas,_2A",https://wikidata.org/entity/Q29405114,4470970,435244.9,1,Mennekes,https://wikidata.org/entity/Q1262665,32_A_manguera,2018
144,PRM-AG08-,Latina,https://wikidata.org/entity/Q794954,A.G._Medio_Ambiente_y_Movilidad_/_SELUR,Avenida_Angel_Sanz_Briz,,4472525.3,436942.7,1,Mennekes_manguera,https://wikidata.org/entity/Q1262665,32_A_monofasico,2018
145,PRM-AG08-,Latina,https://wikidata.org/entity/Q794954,A.G._Medio_Ambiente_y_Movilidad_/_SELUR,Avenida_Angel_Sanz_Briz,,4472525.3,436942.7,1,Mennekes_manguera,https://wikidata.org/entity/Q1262665,32_A_monofasico,2018
146,PRM-AG08-,Latina,https://wikidata.org/entity/Q794954,A.G._Medio_Ambiente_y_Movilidad_/_SELUR,Avenida_Angel_Sanz_Briz,,4472525.3,436942.7,1,Mennekes_manguera,https://wikidata.org/entity/Q1262665,32_A_monofasico,2018
147,PRM-AG08-,Latina,https://wikidata.org/entity/Q794954,A.G._Medio_Ambiente_y_Movilidad_/_SELUR,Avenida_Angel_Sanz_Briz,,4472525.3,436942.7,1,Mennekes_manguera,https://wikidata.org/entity/Q1262665,32_A_monofasico,2018
148,PRM-AG05-12a,Latina,https://wikidata.org/entity/Q794954,"A.G._Salud,_Seguridad_y_Emergencias_/_Madrid_Salud_/_CENTRO_DE_PROTECCION_ANIMAL","Carretera_del_barrio_de_la_Fortuna,_33",,4468594.3,434037.9,1,Mennekes,https://wikidata.org/entity/Q1262665,"3,7_KW_Plug_T2_monofasico",2017
149,PRM-AG05-12b,Latina,https://wikidata.org/entity/Q794954,"A.G._Salud,_Seguridad_y_Emergencias_/_Madrid_Salud_/_CENTRO_DE_PROTECCION_ANIMAL","Carretera_del_barrio_de_la_Fortuna,_33",,4468594.3,434037.9,1,Mennekes,https://wikidata.org/entity/Q1262665,"3,7_KW_Plug_T2_monofasico",2017
150,PRM-AG05-12c,Latina,https://wikidata.org/entity/Q794954,"A.G._Salud,_Seguridad_y_Emergencias_/_Madrid_Salud_/_CENTRO_DE_PROTECCION_ANIMAL","Carretera_del_barrio_de_la_Fortuna,_33",,4468594.3,434037.9,1,Mennekes,https://wikidata.org/entity/Q1262665,"3,7_KW_Plug_T2_monofasico",2017
151,PRM-AG05-12d,Latina,https://wikidata.org/entity/Q794954,"A.G._Salud,_Seguridad_y_Emergencias_/_Madrid_Salud_/_CENTRO_DE_PROTECCION_ANIMAL","Carretera_del_barrio_de_la_Fortuna,_33",,4468594.3,434037.9,1,Mennekes,https://wikidata.org/entity/Q1262665,"3,7_KW_Plug_T2_monofasico",2017
152,PRM-AG05-12e,Latina,https://wikidata.org/entity/Q794954,"A.G._Salud,_Seguridad_y_Emergencias_/_Madrid_Salud_/_CENTRO_DE_PROTECCION_ANIMAL","Carretera_del_barrio_de_la_Fortuna,_33",,4468594.3,434037.9,1,Mennekes,https://wikidata.org/entity/Q1262665,"3,7_KW_Plug_T2_monofasico",2017
153,PRM-AG05-12f,Latina,https://wikidata.org/entity/Q794954,"A.G._Salud,_Seguridad_y_Emergencias_/_Madrid_Salud_/_CENTRO_DE_PROTECCION_ANIMAL","Carretera_del_barrio_de_la_Fortuna,_33",,4468594.3,434037.9,1,Mennekes,https://wikidata.org/entity/Q1262665,"3,7_KW_Plug_T2_monofasico",2017
154,PRM-AG05-12g,Latina,https://wikidata.org/entity/Q794954,"A.G._Salud,_Seguridad_y_Emergencias_/_Madrid_Salud_/_CENTRO_DE_PROTECCION_ANIMAL","Carretera_del_barrio_de_la_Fortuna,_33",,4468594.3,434037.9,1,Mennekes,https://wikidata.org/entity/Q1262665,"3,7_KW_Plug_T2_monofasico",2017
155,PRM-AG05-12h,Latina,https://wikidata.org/entity/Q794954,"A.G._Salud,_Seguridad_y_Emergencias_/_Madrid_Salud_/_CENTRO_DE_PROTECCION_ANIMAL","Carretera_del_barrio_de_la_Fortuna,_33",,4468594.3,434037.9,1,Mennekes,https://wikidata.org/entity/Q1262665,"3,7_KW_Plug_T2_monofasico",2017
156,PRM-AG05-07a,Latina,https://wikidata.org/entity/Q794954,"A.G._Salud,_Seguridad_y_Emergencias_/_PM_/_UID_Latina",Calle_de_Rodrigo_de_Arana_n_50,,4470329.5,435085.1,1,Mennekes,https://wikidata.org/entity/Q1262665,"3,7_kW",2017
157,PRM-AG05-07b,Latina,https://wikidata.org/entity/Q794954,"A.G._Salud,_Seguridad_y_Emergencias_/_PM_/_UID_Latina",Calle_de_Rodrigo_de_Arana_n_50,,4470329.5,435085.1,1,Mennekes,https://wikidata.org/entity/Q1262665,"3,7_kW",2017
158,PRM-AG05-,Latina,https://wikidata.org/entity/Q794954,A.G._Salud._Seguridad_y_Emergencias_/_CIFSE,Calle_de_Sepulveda_153,,4472938.8,436338.4,1,Mennekes_conector_hembra_sin_manguera,https://wikidata.org/entity/Q1262665,16_A_monofasico,2018
159,PRM-AG05-01c,Moncloa-Aravaca,https://wikidata.org/entity/Q2017682,"A.G._Salud,_Seguridad_y_Emergencias_/_PM_/_DG_DE_POLICIA_MUNICIPAL","Avenida_Principal,_6",,4473908.35,437220.72,1,Mennekes_con_manguera,https://wikidata.org/entity/Q1262665,32_A_trifasico,2018
160,PRM-AG05-01a,Moncloa-Aravaca,https://wikidata.org/entity/Q2017682,"A.G._Salud,_Seguridad_y_Emergencias_/_PM_/_DG_DE_POLICIA_MUNICIPAL","Avenida_Principal,_6",,4473908.35,437220.72,1,Mennekes,https://wikidata.org/entity/Q1262665,"7,4_Kw",2016
161,PRM-AG05-01b,Moncloa-Aravaca,https://wikidata.org/entity/Q2017682,"A.G._Salud,_Seguridad_y_Emergencias_/_PM_/_DG_DE_POLICIA_MUNICIPAL","Avenida_Principal,_6",,4473908.35,437220.72,1,Mennekes,https://wikidata.org/entity/Q1262665,"7,4_Kw",2016
162,PRM-AG05-09,Moncloa-Aravaca,https://wikidata.org/entity/Q2017682,"A.G._Salud,_Seguridad_y_Emergencias_/_PM_/_Talleres",Avenida_Valladolid,https://wikidata.org/entity/Q29903461,4475894.2,438181.5,1,mennekes_Hembra/Schuko,https://wikidata.org/entity/Q1262665,3.7_kW_monofasico_Blaudrive,2018
163,PRM-AG05-13a,Moncloa-Aravaca,https://wikidata.org/entity/Q2017682,"A.G._Salud,_Seguridad_y_Emergencias_/_Madrid_Salud_/_INSTITUTO_FABIOLA_DE_MORA_Y_ARAGON",Calle_de_Dehesa_de_la_Villa_c/v_Franco_Rodriguez_s/n,,4479076.7,439037.7,1,Mennekes,https://wikidata.org/entity/Q1262665,"3,7_kW_PlgT2_Circutor_Simple_monofasico",2017
164,PRM-AG05-13b,Moncloa-Aravaca,https://wikidata.org/entity/Q2017682,"A.G._Salud,_Seguridad_y_Emergencias_/_Madrid_Salud_/_INSTITUTO_FABIOLA_DE_MORA_Y_ARAGON",Calle_de_Dehesa_de_la_Villa_c/v_Franco_Rodriguez_s/n,,4479076.7,439037.7,1,Mennekes,https://wikidata.org/entity/Q1262665,"3,7_kW_PlgT2_Circutor_Simple_monofasico",2017
165,PRM-AG05-02a,Moncloa-Aravaca,https://wikidata.org/entity/Q2017682,"A.G._Salud,_Seguridad_y_Emergencias_/_PM_/_Unidad_Medio_Ambiente",Calle_de_Ganaderia_3,,4474148.53,438088.56,1,Mennekes,https://wikidata.org/entity/Q1262665,380_V_en_trifasica,2016
166,PRM-AG05-02a,Moncloa-Aravaca,https://wikidata.org/entity/Q2017682,"A.G._Salud,_Seguridad_y_Emergencias_/_PM_/_Unidad_Medio_Ambiente",Calle_de_Ganaderia_3,,4474148.53,438088.56,1,Mennekes,https://wikidata.org/entity/Q1262665,,2016
167,PRM-AG05-02a,Moncloa-Aravaca,https://wikidata.org/entity/Q2017682,"A.G._Salud,_Seguridad_y_Emergencias_/_PM_/_Unidad_Medio_Ambiente",Calle_de_Ganaderia_3,,4474148.53,438088.56,1,Chademo_-_COMBO,https://wikidata.org/entity/Q66024981,22_kW_corriente_continua,2019
168,PRM-AG08-01,Moncloa-Aravaca,https://wikidata.org/entity/Q2017682,A.G._Medio_Ambiente_y_Movilidad_/_Agentes_movilidad,"Calle_de_Pista,_4_pabellon_de_Mayorales",,4474354.9,438396.1,1,Mennekes,https://wikidata.org/entity/Q1262665,"3,7_kW",2016
169,PRM-AG08-,Moncloa-Aravaca,https://wikidata.org/entity/Q2017682,A.G._Medio_Ambiente_y_Movilidad_/_Centro_Municipal_de_Acustica,"M-30_p.K.21,700,_Vivero_Migas_Calientes",,4477226.9,437202.3,1,Mennekes_Manguera,https://wikidata.org/entity/Q1262665,32_A_monofasico,2018
170,PRM-AG08-,Moncloa-Aravaca,https://wikidata.org/entity/Q2017682,A.G._Medio_Ambiente_y_Movilidad_/_Agentes_movilidad,Paseo_Viejo_4_(Casa_de_Campo),https://wikidata.org/entity/Q1046524,4474468.6,438527.3,1,Mennekes_manguera,https://wikidata.org/entity/Q1262665,32_A_monofasico,2018
171,PRM-AG08-,Moncloa-Aravaca,https://wikidata.org/entity/Q2017682,A.G._Medio_Ambiente_y_Movilidad_/_Agentes_movilidad,Paseo_Viejo_4_(Casa_de_Campo),https://wikidata.org/entity/Q1046524,4474468.6,438527.3,1,Mennekes_manguera,https://wikidata.org/entity/Q1262665,32_A_monofasico,2018
172,PRM-AG08-,Moncloa-Aravaca,https://wikidata.org/entity/Q2017682,A.G._Medio_Ambiente_y_Movilidad_/_Agentes_movilidad,Paseo_Viejo_4_(Casa_de_Campo),https://wikidata.org/entity/Q1046524,4474468.6,438527.3,1,Mennekes_manguera,https://wikidata.org/entity/Q1262665,32_A_monofasico,2018
173,PRM-AG08-,Moncloa-Aravaca,https://wikidata.org/entity/Q2017682,A.G._Medio_Ambiente_y_Movilidad_/_Agentes_movilidad,Paseo_Viejo_4_(Casa_de_Campo),https://wikidata.org/entity/Q1046524,4474468.6,438527.3,1,Mennekes_manguera,https://wikidata.org/entity/Q1262665,32_A_monofasico,2018
174,PRM-AG08-,Moncloa-Aravaca,https://wikidata.org/entity/Q2017682,A.G._Medio_Ambiente_y_Movilidad_/_Agentes_movilidad,Paseo_Viejo_4_(Casa_de_Campo),https://wikidata.org/entity/Q1046524,4474468.6,438527.3,1,Mennekes_manguera,https://wikidata.org/entity/Q1262665,32_A_monofasico,2018
175,PRM-AG08-,Moncloa-Aravaca,https://wikidata.org/entity/Q2017682,A.G._Medio_Ambiente_y_Movilidad_/_Agentes_movilidad,Paseo_Viejo_4_(Casa_de_Campo),https://wikidata.org/entity/Q1046524,4474468.6,438527.3,1,Mennekes_manguera,https://wikidata.org/entity/Q1262665,32_A_monofasico,2018
176,PRM-AG08-,Moncloa-Aravaca,https://wikidata.org/entity/Q2017682,A.G._Medio_Ambiente_y_Movilidad_/_Agentes_movilidad,Paseo_Viejo_4_(Casa_de_Campo),https://wikidata.org/entity/Q1046524,4474468.6,438527.3,1,Mennekes_manguera,https://wikidata.org/entity/Q1262665,32_A_monofasico,2018
177,PRM-AG08-,Moncloa-Aravaca,https://wikidata.org/entity/Q2017682,A.G._Medio_Ambiente_y_Movilidad_/_Agentes_movilidad,Paseo_Viejo_4_(Casa_de_Campo),https://wikidata.org/entity/Q1046524,4474468.6,438527.3,1,Mennekes_manguera,https://wikidata.org/entity/Q1262665,32_A_monofasico,2018
178,PRM-AG08-,Moncloa-Aravaca,https://wikidata.org/entity/Q2017682,A.G._Medio_Ambiente_y_Movilidad_/_Agentes_movilidad,Paseo_Viejo_4_(Casa_de_Campo),https://wikidata.org/entity/Q1046524,4474468.6,438527.3,1,Mennekes_manguera,https://wikidata.org/entity/Q1262665,32_A_monofasico,2019
179,PRM-AG08-,Moncloa-Aravaca,https://wikidata.org/entity/Q2017682,A.G._Medio_Ambiente_y_Movilidad_/_Agentes_movilidad,Paseo_Viejo_4_(Casa_de_Campo),https://wikidata.org/entity/Q1046524,4474468.6,438527.3,1,Mennekes_manguera,https://wikidata.org/entity/Q1262665,32_A_monofasico,2019
180,PRM-AG08-01a,Moncloa-Aravaca,https://wikidata.org/entity/Q2017682,A.G._Medio_Ambiente_y_Movilidad_/_Rosaleda,"Paseo_Camoens,_s/n_PALACETE_FERROVIARIOS",https://wikidata.org/entity/Q42251452,4476198.4,438437,1,Mennekes,https://wikidata.org/entity/Q1262665,"3,7_K_Plug_T2_Monofasico",2017
181,PRM-AG08-01b,Moncloa-Aravaca,https://wikidata.org/entity/Q2017682,A.G._Medio_Ambiente_y_Movilidad_/_Rosaleda,"Paseo_Camoens,_s/n_PALACETE_FERROVIARIOS",https://wikidata.org/entity/Q42251452,4476198.4,438437,1,Mennekes,https://wikidata.org/entity/Q1262665,"3,7_K_Plug_T2_Monofasico",2017
182,PRM-AG08-01c,Moncloa-Aravaca,https://wikidata.org/entity/Q2017682,A.G._Medio_Ambiente_y_Movilidad_/_Rosaleda,"Paseo_Camoens,_s/n_PALACETE_FERROVIARIOS",https://wikidata.org/entity/Q42251452,4476198.4,438437,1,Mennekes,https://wikidata.org/entity/Q1262665,"3,7_K_Plug_T2_Monofasico",2017
183,PRM-AG08-01d,Moncloa-Aravaca,https://wikidata.org/entity/Q2017682,A.G._Medio_Ambiente_y_Movilidad_/_Rosaleda,"Paseo_Camoens,_s/n_PALACETE_FERROVIARIOS",https://wikidata.org/entity/Q42251452,4476198.4,438437,1,Mennekes,https://wikidata.org/entity/Q1262665,"3,7_K_Plug_T2_Monofasico",2017
184,PRM-AG08-01e,Moncloa-Aravaca,https://wikidata.org/entity/Q2017682,A.G._Medio_Ambiente_y_Movilidad_/_Rosaleda,"Paseo_Camoens,_s/n_PALACETE_FERROVIARIOS",https://wikidata.org/entity/Q42251452,4476198.4,438437,1,Mennekes,https://wikidata.org/entity/Q1262665,"3,7_K_Plug_T2_Monofasico",2017
185,PRM-AG08-01f,Moncloa-Aravaca,https://wikidata.org/entity/Q2017682,A.G._Medio_Ambiente_y_Movilidad_/_Rosaleda,"Paseo_Camoens,_s/n_PALACETE_FERROVIARIOS",https://wikidata.org/entity/Q42251452,4476198.4,438437,1,Mennekes,https://wikidata.org/entity/Q1262665,"3,7_K_Plug_T2_Monofasico",2017
186,PRM-JM09-01,Moncloa-Aravaca,https://wikidata.org/entity/Q2017682,J.M.D._Moncloa,"Plaza_Moncloa,_1_(Calle_de_Isaac_Peral)",https://wikidata.org/entity/Q6080211,4476284.53,439098.58,1,Mennekes,https://wikidata.org/entity/Q1262665,"3,7_kW",2016
187,PRM-AG05-08,Moncloa-Aravaca,https://wikidata.org/entity/Q2017682,"A.G._Salud,_Seguridad_y_Emergencias_/_PM_(Pabellon_USA)","Ronda_Lago,_6",,4474148.53,438088.56,1,Mennekes,https://wikidata.org/entity/Q1262665,"3,7_kW",2017
188,PRM-AG05-08,Moncloa-Aravaca,https://wikidata.org/entity/Q2017682,"A.G._Salud,_Seguridad_y_Emergencias_/_PM_(Pabellon_USA)","Ronda_Lago,_6",,4474148.53,438088.56,1,Mennekes,https://wikidata.org/entity/Q1262665,"3,7_kW",2017
189,PRM-AG05-08,Moncloa-Aravaca,https://wikidata.org/entity/Q2017682,"A.G._Salud,_Seguridad_y_Emergencias_/_PM_(Pabellon_USA)","Ronda_Lago,_6",,4474148.53,438088.56,1,Mennekes,https://wikidata.org/entity/Q1262665,"3,7_kW",2017
190,PRM-AG05-08,Moncloa-Aravaca,https://wikidata.org/entity/Q2017682,"A.G._Salud,_Seguridad_y_Emergencias_/_PM_(Pabellon_USA)","Ronda_Lago,_6",,4474148.53,438088.56,1,Mennekes,https://wikidata.org/entity/Q1262665,"3,7_kW",2017
191,PRM-AG08-06a,Moncloa-Aravaca,https://wikidata.org/entity/Q2017682,A.G._Medio_Ambiente_y_Movilidad_/_Rosaleda,Rosaleda_Parque_del_Oeste,https://wikidata.org/entity/Q2369398,4475349.9,439051.7,1,Mennekes,https://wikidata.org/entity/Q1262665,"3,7_kW",2017
192,PRM-AG08-06b,Moncloa-Aravaca,https://wikidata.org/entity/Q2017682,A.G._Medio_Ambiente_y_Movilidad_/_Rosaleda,Rosaleda_Parque_del_Oeste,https://wikidata.org/entity/Q2369398,4475349.9,439051.7,1,Mennekes,https://wikidata.org/entity/Q1262665,"3,7_kW",2017
193,PRM-JM,Moratalaz,https://wikidata.org/entity/Q2076109,J.M.D_Moratalaz,"Calle_de_Fuente_Carrantona,_6",https://wikidata.org/entity/Q28936137,4472194.42,445952.51,1,Mennekes_Manguera,https://wikidata.org/entity/Q1262665,32_A_monofasico,2019
194,PRM-JM14-01,Moratalaz,https://wikidata.org/entity/Q2076109,J.M.D._Moratalaz,"Calle_de_Fuente_de_Carrantona,_8",https://wikidata.org/entity/Q28936137,4472194.42,445952.51,1,Mennekes,https://wikidata.org/entity/Q1262665,"3,7_kW",2016
195,PRM-AG05-04c,Puente_de_Vallecas,https://wikidata.org/entity/Q2003054,"A.G._Salud,_Seguridad_y_Emergencias_/_PM_/_UID_PUENTE_DE_VALLECAS"," Calle_de_Puerto_de_Cardoso,_3",,4471163.6,444605.6,1,Mennekes_/_Schuco,https://wikidata.org/entity/Q1262665,32_A_monofasico,2019
196,PRM-JM,Puente_de_Vallecas,https://wikidata.org/entity/Q2003054,J.M.D_Puente_de_Vallecas,Centro_Cultural_Lope_de_Vega_(Concejo_de_Teverga_1),,4471058.1,443082.6,1,Mennekes_Manguera,https://wikidata.org/entity/Q1262665,32_A_Trifasico,2018
197,PRM-JM,Retiro,https://wikidata.org/entity/Q2002296,J.M.D_Retito_(Aparcamiento_de_Daoiz_y_Velarde),"Avenida_de_la_Ciudad_de_Barcelona,_162",https://wikidata.org/entity/Q5714227,4472846.1,442637.6,1,Mennekes_Manguera,https://wikidata.org/entity/Q1262665,16_A_monofasico,2018
198,PRM-AG05-10a,Retiro,https://wikidata.org/entity/Q2002296,"A.G._Salud,_Seguridad_y_Emergencias_/_Madrid_Salud_/_SEDE_DEL_ORGANISMO_AUTONOMO_MADRID_SALUD",Avenida_Mediterraneo_62,,4473257.8,443553.6,1,Mennekes,https://wikidata.org/entity/Q1262665,"3,7_kW_Plug_T2_circutor",2017
199,PRM-AG05-10b,Retiro,https://wikidata.org/entity/Q2002296,"A.G._Salud,_Seguridad_y_Emergencias_/_Madrid_Salud_/_SEDE_DEL_ORGANISMO_AUTONOMO_MADRID_SALUD",Avenida_Mediterraneo_62,,4473257.8,443553.6,1,Mennekes,https://wikidata.org/entity/Q1262665,"3,7_kW_Plug_T2_circutor",2017
200,PRM-AG02-01a,Retiro,https://wikidata.org/entity/Q2002296,A.G._Coordinacion_Territorial_y_Asociaciones_/_SGT,Calle_de_Montalban_1,https://wikidata.org/entity/Q29903983,4474415.49,441281.55,1,Mennekes/Schuko,https://wikidata.org/entity/Q1262665,"3,7_kW",2016
201,PRM-AG02-01b,Retiro,https://wikidata.org/entity/Q2002296,A.G._Coordinacion_Territorial_y_Asociaciones_/_SGT,Calle_de_Montalban_1,https://wikidata.org/entity/Q29903983,4474415.49,441281.55,1,Mennekes/Schuko,https://wikidata.org/entity/Q1262665,"3,7_kW",2016
202,PRM-AG08-07a,Retiro,https://wikidata.org/entity/Q2002296,A.G._Medio_Ambiente_y_Movilidad_/_SGT,Calle_de_Montalban_1,https://wikidata.org/entity/Q29903983,4474415.49,441281.55,1,Mennekes,https://wikidata.org/entity/Q1262665,32_A_gestion_potencia_plataforma_IBIL,2017
203,PRM-AG08-07b,Retiro,https://wikidata.org/entity/Q2002296,A.G._Medio_Ambiente_y_Movilidad_/_SGT,Calle_de_Montalban_1,https://wikidata.org/entity/Q29903983,4474415.49,441281.55,1,Mennekes,https://wikidata.org/entity/Q1262665,32_A_gestion_potencia_plataforma_IBIL,2017
204,PRM-AG08-07c,Retiro,https://wikidata.org/entity/Q2002296,A.G._Medio_Ambiente_y_Movilidad_/_SGT,Calle_de_Montalban_1,https://wikidata.org/entity/Q29903983,4474415.49,441281.55,1,Mennekes,https://wikidata.org/entity/Q1262665,32_A_gestion_potencia_plataforma_IBIL,2017
205,PRM-AG08-07d,Retiro,https://wikidata.org/entity/Q2002296,A.G._Medio_Ambiente_y_Movilidad_/_SGT,Calle_de_Montalban_1,https://wikidata.org/entity/Q29903983,4474415.49,441281.55,1,Mennekes,https://wikidata.org/entity/Q1262665,32_A_gestion_potencia_plataforma_IBIL,2017
206,PRM-AG08-07e,Retiro,https://wikidata.org/entity/Q2002296,A.G._Medio_Ambiente_y_Movilidad_/_SGT,Calle_de_Montalban_1,https://wikidata.org/entity/Q29903983,4474415.49,441281.55,1,Mennekes,https://wikidata.org/entity/Q1262665,32_A_gestion_potencia_plataforma_IBIL,2017
207,PRM-AG08-07f,Retiro,https://wikidata.org/entity/Q2002296,A.G._Medio_Ambiente_y_Movilidad_/_SGT,Calle_de_Montalban_1,https://wikidata.org/entity/Q29903983,4474415.49,441281.55,1,Mennekes,https://wikidata.org/entity/Q1262665,32_A_gestion_potencia_plataforma_IBIL,2017
208,PRM-AG03-02a,Retiro,https://wikidata.org/entity/Q2002296,"A.G._Portavoz,_Coordinacion_Junta_de_Gobierno_y_Relaciones_con_el_Pleno_-_SGT_Coordinacion_Territorial",Calle_de_Montalban_1,https://wikidata.org/entity/Q29903983,4474415.49,441281.55,1,Mennekes,https://wikidata.org/entity/Q1262665,32_A_gestion_potencia_plataforma_IBIL,2017
209,PRM-AG03-01c,Retiro,https://wikidata.org/entity/Q2002296,"A.G._Portavoz,_Coordinacion_Junta_de_Gobierno_y_Relaciones_con_el_Pleno_-_SGT_Coordinacion_Territorial",Calle_de_Montalban_1,https://wikidata.org/entity/Q29903983,4474415.49,441281.55,1,Mennekes,https://wikidata.org/entity/Q1262665,32_A_gestion_potencia_plataforma_IBIL,2017
210,PRM-AG03-01a,Retiro,https://wikidata.org/entity/Q2002296,"A.G._Portavoz,_Coordinacion_Junta_de_Gobierno_y_Relaciones_con_el_Pleno_-_SGT_Portavoz",Calle_de_Montalban_1,https://wikidata.org/entity/Q29903983,4474415.49,441281.55,1,Mennekes,https://wikidata.org/entity/Q1262665,32_A_gestion_potencia_plataforma_IBIL,2017
211,PRM-AL01-01a,Retiro,https://wikidata.org/entity/Q2002296,Alcaldia_Aparcamiento_Cibeles,Calle_de_Montalban_1,https://wikidata.org/entity/Q29903983,4474415.49,441281.55,1,Mennekes/Schuko,https://wikidata.org/entity/Q1262665,33_A_gestion_potencia_plataforma_IBIL,2017
212,PRM-AL01-01b,Retiro,https://wikidata.org/entity/Q2002296,Alcaldia_Aparcamiento_Cibeles,Calle_de_Montalban_1,https://wikidata.org/entity/Q29903983,4474415.49,441281.55,1,Mennekes/Schuko,https://wikidata.org/entity/Q1262665,34_A_gestion_potencia_plataforma_IBIL,2017
213,PRM-AG09-01,Retiro,https://wikidata.org/entity/Q2002296,A.G._Cultura_y_Deportes,Calle_de_Montalban_1,https://wikidata.org/entity/Q29903983,4474415.49,441281.55,1,Mennekes,https://wikidata.org/entity/Q1262665,32_A_gestion_potencia_plataforma_IBIL,2019
214,PRM-AG08-04a,Salamanca,https://wikidata.org/entity/Q1773521,A.G._Medio_Ambiente_y_Movilidad_/_RESIDUOS,"Calle_de_General_Diaz_Poltier,_Canton",,4475737.2,442681,1,Mennekes,https://wikidata.org/entity/Q1262665,32_A_trifasico_22_Kw,2017
215,PRM-AG08-04b,Salamanca,https://wikidata.org/entity/Q1773521,A.G._Medio_Ambiente_y_Movilidad_/_RESIDUOS,"Calle_de_General_Diaz_Poltier,_Canton",,4475737.2,442681,1,Mennekes,https://wikidata.org/entity/Q1262665,32_A_trifasico_22_Kw,2017
216,PRM-AG08-04c,Salamanca,https://wikidata.org/entity/Q1773521,A.G._Medio_Ambiente_y_Movilidad_/_RESIDUOS,"Calle_de_General_Diaz_Poltier,_Canton",,4475737.2,442681,1,Mennekes,https://wikidata.org/entity/Q1262665,32_A_trifasico_22_Kw,2017
217,PRM-AG08-04c,Salamanca,https://wikidata.org/entity/Q1773521,A.G._Medio_Ambiente_y_Movilidad_/_RESIDUOS,"Calle_de_General_Diaz_Poltier,_Canton",,4475737.2,442681,1,Mennekes,https://wikidata.org/entity/Q1262665,32_A_trifasico_22_Kw,2018
218,PRM-AG08-04c,Salamanca,https://wikidata.org/entity/Q1773521,A.G._Medio_Ambiente_y_Movilidad_/_RESIDUOS,"Calle_de_General_Diaz_Poltier,_Canton",,4475737.2,442681,1,Mennekes,https://wikidata.org/entity/Q1262665,32_A_trifasico_22_Kw,2018
219,PRM-AG08-04c,Salamanca,https://wikidata.org/entity/Q1773521,A.G._Medio_Ambiente_y_Movilidad_/_RESIDUOS,"Calle_de_General_Diaz_Poltier,_Canton",,4475737.2,442681,1,Mennekes,https://wikidata.org/entity/Q1262665,32_A_trifasico_22_Kw,2018
220,PRM-AG08-04c,Salamanca,https://wikidata.org/entity/Q1773521,A.G._Medio_Ambiente_y_Movilidad_/_RESIDUOS,"Calle_de_General_Diaz_Poltier,_Canton",,4475737.2,442681,1,Mennekes,https://wikidata.org/entity/Q1262665,32_A_trifasico_22_Kw,2018
221,PRM-AG08-04c,Salamanca,https://wikidata.org/entity/Q1773521,A.G._Medio_Ambiente_y_Movilidad_/_RESIDUOS,"Calle_de_General_Diaz_Poltier,_Canton",,4475737.2,442681,1,Mennekes,https://wikidata.org/entity/Q1262665,32_A_trifasico_22_Kw,2018
222,PRM-AG05-11a,Salamanca,https://wikidata.org/entity/Q1773521,"A.G._Salud,_Seguridad_y_Emergencias_/_Madrid_Salud_/_MONTESA",Calle_de_Montesa_22,https://wikidata.org/entity/Q28070795,4475781.4,44309.8,1,Mennekes,https://wikidata.org/entity/Q1262665,"3,7_KW_Plug_T2_monofasico",2017
223,PRM-AG05-11b,Salamanca,https://wikidata.org/entity/Q1773521,"A.G._Salud,_Seguridad_y_Emergencias_/_Madrid_Salud_/_MONTESA",Calle_de_Montesa_22,https://wikidata.org/entity/Q28070795,4475781.4,44309.8,1,Mennekes,https://wikidata.org/entity/Q1262665,"3,7_KW_Plug_T2_monofasico",2017
224,PRM-AG05-05a,Salamanca,https://wikidata.org/entity/Q1773521,"A.G._Salud,_Seguridad_y_Emergencias_/_PM_/_UID_Salamanca",Calle_de_Pedro_Heredia_n_36,,4475898.6,443937.7,1,Mennekes_Manguera,https://wikidata.org/entity/Q1262665,32_A_gestion_potencia,2018
225,PRM-AG05-05b,Salamanca,https://wikidata.org/entity/Q1773521,"A.G._Salud,_Seguridad_y_Emergencias_/_PM_/_UID_Salamanca",Calle_de_Pedro_Heredia_n_36,,4475898.6,443937.7,1,Mennekes_Manguera,https://wikidata.org/entity/Q1262665,32_A_gestion_potencia,2018
226,PRM-AG05-05c,Salamanca,https://wikidata.org/entity/Q1773521,"A.G._Salud,_Seguridad_y_Emergencias_/_PM_/_UID_Salamanca",Calle_de_Pedro_Heredia_n_36,,4475898.6,443937.7,1,Mennekes_Manguera,https://wikidata.org/entity/Q1262665,32_A_gestion_potencia,2018
227,PRM-AG05-04c,Salamanca,https://wikidata.org/entity/Q1773521,"A.G._Salud,_Seguridad_y_Emergencias_/_PM_/_UID_RUFINO_BLANCO","Calle_de_Rufino_Blanco,_2",,4475741.5,443523.4,1,Mennekes_/_Schuco,https://wikidata.org/entity/Q1262665,32_A_monofasico,2019
228,PRM-JM20-01a,San_Blas,https://wikidata.org/entity/Q2001937,J.M.D._San_Blas-Canillejas,"Avenida_Arcentales,_28",https://wikidata.org/entity/Q56155322,4476358.2,448301.8,1,Mennekes,https://wikidata.org/entity/Q1262665,"3,7_KW_Plug_T2_monofasico",2017
229,PRM-JM,San_Blas,https://wikidata.org/entity/Q2001937,J.M.D._San_Blas-Canillejas,"Avenida_Arcentales,_28",https://wikidata.org/entity/Q56155322,4476358.2,448301.8,1,Mennekes,https://wikidata.org/entity/Q1262665,32_A_trifasico,2019
230,PRM-AL01-10,San_Blas,https://wikidata.org/entity/Q2001937,Alcaldia_/_IAM,Calle_de_Albarracin_33,,4475949.43,446478.55,1,Mennekes,https://wikidata.org/entity/Q1262665,,2016
231,PRM-AG05-04c,San_Blas,https://wikidata.org/entity/Q2001937,"A.G._Salud,_Seguridad_y_Emergencias_/_PM_/_UID_SAN_BLAS_CANILLEJAS","Calle_de_Estocolmo,_91",https://wikidata.org/entity/Q28972118,4476297.1,448810.3,2,Yazaki_con_manguera,https://wikidata.org/entity/Q1926640,16_A_monofasico,2019
232,PRM-AG08-,San_Blas,https://wikidata.org/entity/Q2001937,A.G._Medio_Ambiente_y_Movilidad_/_Agentes_movilidad,Calle_de_Albarracin_33,,4475949.43,446478.55,1,Mennekes_manguera,https://wikidata.org/entity/Q1262665,32_A_monofasico,2018
233,PRM-AG08-,San_Blas,https://wikidata.org/entity/Q2001937,A.G._Medio_Ambiente_y_Movilidad_/_Agentes_movilidad,Calle_de_Albarracin_33,,4475949.43,446478.55,1,Mennekes_manguera,https://wikidata.org/entity/Q1262665,32_A_monofasico,2018
234,PRM-AG05-06a,Tetuán,https://wikidata.org/entity/Q1773540,"A.G._Salud,_Seguridad_y_Emergencias_/_PM_/_UID_Tetuan",Avenida_de_Asturias_n_68,https://wikidata.org/entity/Q30300905,4480640.2,440838.4,1,Mennekes,https://wikidata.org/entity/Q1262665,"3,7_kW",2017
235,PRM-AG05-06b,Tetuán,https://wikidata.org/entity/Q1773540,"A.G._Salud,_Seguridad_y_Emergencias_/_PM_/_UID_Tetuan",Avenida_de_Asturias_n_68,https://wikidata.org/entity/Q30300905,4480640.2,440838.4,1,Mennekes,https://wikidata.org/entity/Q1262665,"3,7_kW",2017
236,PRM-JM06-01a,Tetuán,https://wikidata.org/entity/Q1773540,J.M.D._Tetuan,"Calle_de_Bravo_Murillo,_357",https://wikidata.org/entity/Q5740815,4479822.4,441300.4,1,Mennekes,https://wikidata.org/entity/Q1262665,"3,7_kW_Plug_T2_Circutor_simple_monofasico",2017
237,PRM-JM,Usera,https://wikidata.org/entity/Q953368,J.M.D_Usera,"Avenida_Rafaela_Ybarra,_41",,4470649.8,439769.8,1,Mennekes_Manguera,https://wikidata.org/entity/Q1262665,16_A_monofasico,2018
238,PRM-AG05-,Usera,https://wikidata.org/entity/Q953368,"A.G._Salud,_Seguridad_y_Emergencias_/_PM_/_UID_Tetuan","Calle_de_del_Dr._Tolosa_Latour,_7",,4469852.6,440494.4,1,yazaki,https://wikidata.org/entity/Q1926640,16_A_manguera_Yazaki,2018
239,PRM-AG05-,Usera,https://wikidata.org/entity/Q953368,"A.G._Salud,_Seguridad_y_Emergencias_/_PM_/_UID_Tetuan","Calle_de_del_Dr._Tolosa_Latour,_7",,4469852.6,440494.4,1,Mennekes,https://wikidata.org/entity/Q1262665,32_A_manguera,2018
240,PRM-JM,Vicálvaro,https://wikidata.org/entity/Q589403,J.M.D._Vicalvaro,"Plaza_Don_Antonio_de_Andres,_18",,4472790.8,448688.9,1,Mennekes_Manguera,https://wikidata.org/entity/Q1262665,16_A_monofasico,2018
241,PRM-JM,Vicálvaro,https://wikidata.org/entity/Q589403,J.M.D._Vicalvaro,"Plaza_Don_Antonio_de_Andres,_18",,4472790.8,448688.9,1,Mennekes_Manguera,https://wikidata.org/entity/Q1262665,16_A_monofasico,2019
242,PRM-AG05-04c,Vicálvaro,https://wikidata.org/entity/Q589403,"A.G._Salud,_Seguridad_y_Emergencias_/_PM_/_UID_VICALVARO","Paseo_Polideportivo,_138,",,4473271.6,449371,1,Mennekes_/_Schuco,https://wikidata.org/entity/Q1262665,32_A_monofasico,2019
243,PRM-AG05-04c,Villa_de_Vallecas,https://wikidata.org/entity/Q1947988,"A.G._Salud,_Seguridad_y_Emergencias_/_PM_/_UID_VILLA__DE_VALLECAS","Calle_de_Real_de_Arganda,_64",,4470229.4,447968.9,1,Mennekes_/_Schuco,https://wikidata.org/entity/Q1262665,32_A_monofasico,2019
244,PRM-AG01,Villa_de_Vallecas,https://wikidata.org/entity/Q1947988,A.G._Cultura._Almacen_municipal,Calle_de_Camino_de_Hormigueras_133,,4469744.2,445455.4,1,Mennekes_Manguera,https://wikidata.org/entity/Q1262665,16_A_monofasico,2019
245,PRM-JM,Villa_de_Vallecas,https://wikidata.org/entity/Q1947988,J.M.D_Villa_de_Vallecas,Calle_de_Federico_Garcia_Lorca_12,,4470206.1,447357,1,Mennekes_Manguera,https://wikidata.org/entity/Q1262665,16_A_monofasico,2018
246,PRM-AG08-08,Villa_de_Vallecas,https://wikidata.org/entity/Q1947988,A.G._Medio_Ambiente_y_Movilidad_/_VALDEMINGOMEZ,VALDEMINGOMEZ,https://wikidata.org/entity/Q6158730,4467895,452324,1,Mennekes,https://wikidata.org/entity/Q1262665,"3,7_kW",2017
247,PRM-AG08-09,Villa_de_Vallecas,https://wikidata.org/entity/Q1947988,A.G._Medio_Ambiente_y_Movilidad_/_VALDEMINGOMEZ,VALDEMINGOMEZ,https://wikidata.org/entity/Q6158730,4467895,452324,1,Mennekes,https://wikidata.org/entity/Q1262665,16_A_monofasico,2018
248,PRM-JM17-01,Villaverde,https://wikidata.org/entity/Q919536,J.M.D._Villaverde,Calle_de_Arroyo_Bueno_53,,4466725.48,439602.47,1,Mennekes,https://wikidata.org/entity/Q1262665,"3,7_kW",2016
249,PRM-AG05-04c,Villaverde,https://wikidata.org/entity/Q919536,"A.G._Salud,_Seguridad_y_Emergencias_/_PM_/_UID_VILLAVERDE","Carr._de_Carabanchel_a_Villaverde,_105",,4467183.8,440081.4,1,Mennekes_/_Schuco,https://wikidata.org/entity/Q1262665,32_A_monofasico,2019
