ID,Gis_X,Gis_Y,FechadeAlta,Distrito,Barrio,NFinca,TipodeReserva,LineaBateria,NumerodePlazas,LongitudP,Longitud,Latitud,Direccion
1.02,"441044,0800000000","4475402,9200000000",1,CENTRO,JUSTICIA,6,Taxi,Línea,2,"13,20",-3.6950238,40.4271733,"GENOVA, CALLE, DE, 6"
1.04,"439299,3600000000","4475722,8800000000",42030,CENTRO,UNIVERSIDAD,56,Taxi,Línea,8,"50,70",-3.7156212,40.4299302,"PRINCESA, CALLE, DE LA, 56"
1.11,"440968,6700000000","4474059,0000000000",40666,CENTRO,CORTES,6,Taxi,Línea,9,"45,30",-3.695788,40.4150613,"DUQUE DE MEDINACELI, CALLE, DEL, 6"
1.111,"440974,8000000000","4474009,1300000000",40605,CENTRO,CORTES,12,Taxi,Línea,5,"25,00",-3.6957112,40.4146124,"DUQUE DE MEDINACELI, CALLE, DEL, 12"
1.17,"441329,9900000000","4475203,1900000000",40168,CENTRO,JUSTICIA,28,Taxi,Línea,5,"25,83",-3.6916351,40.4253942,"GENOVA, CALLE, DE, 28"
1.18,"439413,9200000000","4475737,0200000000",38162,CENTRO,UNIVERSIDAD,5,Taxi,Línea,6,"30,00",-3.714272,40.4300659,"SERRANO JOVER, CALLE, DE, 5"
1.24,"439799,9900000000","4474569,2800000000",42584,CENTRO,PALACIO,5,Taxi,Línea,3,"15,00",-3.7096103,40.4195744,"SANTO DOMINGO, CUESTA, DE, 5"
1.29,"439823,4600000000","4474828,0700000000",35543,CENTRO,PALACIO,19,Taxi,Línea,4,"22,60",-3.7093581,40.4219074,"ISABEL LA CATOLICA, CALLE, DE, 19"
1.4,"440311,3900000000","4474504,2800000000",38756,CENTRO,SOL,9,Taxi,Línea,6,"29,50",-3.7035765,40.4190257,"SALUD, CALLE, DE LA, 9"
1.41,"440618,7600000000","4474272,5400000000",39196,CENTRO,CORTES,4,Taxi,Línea,3,"17,10",-3.699932,40.41696,"ARLABAN, CALLE, DE, 4"
1.45,"440546,3500000000","4475327,1900000000",40673,CENTRO,JUSTICIA,3,Taxi,Línea,9,"45,00",-3.700884,40.4264557,"BARCELO, CALLE, DE, 3"
01.45.1,"440622,7200000000","4475359,3600000000",41821,CENTRO,JUSTICIA,9,Taxi,Línea,2,"10,00",-3.6999868,40.4267509,"BARCELO, CALLE, DE, 9"
1.46,"440494,3900000000","4473973,0200000000",39875,CENTRO,CORTES,8,Taxi,Línea,2,"19,90",-3.7013698,40.4142529,"ANGEL, PLAZA, DEL, 8"
1.51,"439838,7200000000","4474684,3400000000",42930,CENTRO,PALACIO,9,Taxi,Línea,1,"5,00",-3.7091647,40.4206137,"SANTO DOMINGO, PLAZA, DE, 9"
1.52,"441211,7400000000","4473311,8500000000",40218,CENTRO,EMBAJADORES,8,Taxi,Línea,6,"30,00",-3.6928542,40.4083478,"EMPERADOR CARLOS V, PLAZA, DEL, 8"
1.55,"441059,6100000000","4474064,2600000000",40571,CENTRO,CORTES,5,Taxi,Línea,4,"20,00",-3.6947167,40.4151151,"CANOVAS DEL CASTILLO, PLAZA, DE, 5"
1.58,"440147,7600000000","4474216,2000000000",41270,CENTRO,SOL,5,Taxi,Línea,7,"33,20",-3.705478,40.4164188,"MAYOR, CALLE, 5"
1.6,"439619,0100000000","4473654,8600000000",43816,CENTRO,PALACIO,2,Taxi,Línea,3,"15,00",-3.7116566,40.4113238,"SAN FRANCISCO, CARRERA, DE, 2"
1.64,"441017,5200000000","4474823,5000000000",43362,CENTRO,JUSTICIA,1,Taxi,Línea,3,"15,00",-3.6952832,40.4219517,"PRIM, CALLE, DE, 1"
1.65,"441156,4700000000","4473473,8900000000",43648,CENTRO,CORTES,123 B,Taxi,Batería,4,"11,10",-3.6935205,40.4098036,"ATOCHA, CALLE, DE, 123 B"
1.66,"440798,8100000000","4473690,6700000000",43648,CENTRO,CORTES,81,Taxi,Línea,2,"17,80",-3.6977557,40.4117311,"ATOCHA, CALLE, DE, 81"
1.67,"440555,2000000000","4473278,5700000000",43651,CENTRO,EMBAJADORES,1,Taxi,Línea,3,"15,00",-3.7005882,40.4080013,"VALENCIA, CALLE, DE, 1"
1.68,"439754,9500000000","4474453,7200000000",44040,CENTRO,PALACIO,1,Taxi,Línea,6,"34,70",-3.7101302,40.4185301,"ARRIETA, CALLE, DE, 1"
1.69,"439802,8800000000","4474433,0400000000",44040,CENTRO,PALACIO,frente al 5,Taxi,Línea,4,"20,00",-3.7095633,40.4183473,"ISABEL II, PLAZA, DE, frente al 5"
1.7,"439923,8600000000","4473717,6800000000",44244,CENTRO,PALACIO,50,Taxi,Batería,5,"11,10",-3.7080698,40.4119117,"TOLEDO, CALLE, DE, 50"
01.70.1,"439928,8800000000","4473729,7300000000",44244,CENTRO,PALACIO,50,Taxi,Batería,3,"11,30",-3.7080118,40.4120206,"TOLEDO, CALLE, DE, 50"
1.71,"440657,0200000000","4474886,2600000000",44260,CENTRO,JUSTICIA,39,Taxi,Línea,2,"11,00",-3.6995383,40.4224915,"HORTALEZA, CALLE, DE, 39"
2.01,"440778,7300000000","4472184,9700000000",1,ARGANZUELA,CHOPERA,1,Taxi,Línea,3,"18,00",-3.6978523,40.3981656,"JAIME EL CONQUISTADOR, CALLE, DE, 1"
2.03,"439579,9900000000","4473107,9300000000",40582,ARGANZUELA,IMPERIAL,4,Taxi,Batería,2,"10,00",-3.7120646,40.4063939,"PUERTA DE TOLEDO, GLORIETA, DE LA, 4"
2.04,"439527,4700000000","4473162,2600000000",42040,ARGANZUELA,IMPERIAL,52,Taxi,Línea,2,"14,30",-3.7126886,40.4068795,"SEGOVIA, RONDA, DE, 52"
2.05,"440436,3200000000","4472890,9800000000",40360,ARGANZUELA,PALOSDEMOGUER,57,Taxi,Línea,6,"30,80",-3.7019529,40.4045012,"EMBAJADORES, CALLE, DE, 57"
2.13,"442429,4100000000","4471801,4600000000",43522,ARGANZUELA,ATOCHA,83,Taxi,Línea,77,"88,00",-3.6783676,40.3948265,"MENDEZ ALVARO, CALLE, DE, 83"
2.14,"442677,5000000000","4471787,0600000000",40360,ARGANZUELA,ATOCHA,S/N,Taxi,Línea,14,"68,40",-3.6754432,40.3947138,"RETAMA, CALLE, DE LA, S/N"
2.15,"441678,3000000000","4472547,7300000000",39085,ARGANZUELA,PALOSDEMOGUER,S/N,Taxi,Línea,3,"15,00",-3.6872859,40.401497,"CANARIAS, CALLE, DE LAS, S/N"
2.17,"441036,2600000000","4471433,2000000000",39192,ARGANZUELA,DELICIAS,2,Taxi,Batería,10,"25,00",-3.6947482,40.3914115,"LEGAZPI, PLAZA, DE, 2"
2.2,"442435,7700000000","4471460,8100000000",42025,ARGANZUELA,LEGAZPI,S/N,Taxi,Línea,2,"10,10",-3.6782619,40.3917581,"TITAN, CALLE, DE, S/N"
2.21,"441154,1400000000","4472816,3700000000",40508,ARGANZUELA,PALOSDEMOGUER,35,Taxi,Línea,2,"9,50",-3.6934872,40.4038802,"DELICIAS, PASEO, DE LAS, 35"
2.22,"441434,8100000000","4473023,3900000000",40527,ARGANZUELA,ATOCHA,S/N,Taxi,Línea,291,"269,60",-3.6901988,40.4057649,"MENDEZ ALVARO, CALLE, DE, S/N"
2.23,"438746,0000000000","4473115,8900000000",42037,ARGANZUELA,IMPERIAL,57,Taxi,Línea,3,"15,00",-3.7218934,40.4064047,"VIRGEN DEL PUERTO, PASEO, DE LA, 57"
2.24,"441983,3900000000","4472205,9200000000",41148,ARGANZUELA,DELICIAS,44,Taxi,Línea,10,"50,00",-3.6836596,40.3984391,"MENDEZ ALVARO, CALLE, DE, 44"
2.25,"441222,9500000000","4473165,2300000000",41561,ARGANZUELA,ATOCHA,1,Taxi,Línea,5,"25,00",-3.6927085,40.4070277,"MENDEZ ALVARO, CALLE, DE, 1"
2.26,"442314,0600000000","4471400,1900000000",42021,ARGANZUELA,LEGAZPI,13,Taxi,Línea,3,"15,00",-3.6796904,40.3912036,"TITAN, CALLE, DE, 13"
2.27,"442406,5800000000","4471767,2300000000",43522,ARGANZUELA,ATOCHA,Frente 83,Taxi,Línea,14,"70,00",-3.6786335,40.3945165,"MENDEZ ALVARO, CALLE, DE, Frente 83"
3.07,"442659,2300000000","4474412,1300000000",1,RETIRO,IBIZA,21,Taxi,Línea,4,"19,70",-3.675895,40.4183606,"IBIZA, CALLE, DE, 21"
3.09,"442546,7300000000","4473952,4100000000",44176,RETIRO,NIÑOJESÚS,65,Taxi,Línea,11,"55,00",-3.6771794,40.4142115,"MENENDEZ PELAYO, AVENIDA, DE, 65"
3.1,"442658,1500000000","4474727,7000000000",39793,RETIRO,IBIZA,29,Taxi,Línea,4,"20,00",-3.6759362,40.4212034,"NARVAEZ, CALLE, DE, 29"
3.11,"441261,9700000000","4474191,7500000000",1,RETIRO,JERÓNIMOS,2,Taxi,Batería,6,"30,20",-3.6923435,40.4162779,"LEALTAD, PLAZA, DE LA, 2"
3.13,"442647,2900000000","4473055,7400000000",1,RETIRO,PACÍFICO,21,Taxi,Línea,2,"11,20",-3.6759134,40.4061407,"CAVANILLES, CALLE, DE, 21"
3.15,"442968,1100000000","4474607,0200000000",43083,RETIRO,IBIZA,54,Taxi,Línea,8,"42,40",-3.6722718,40.4201375,"DOCTOR CASTELO, CALLE, DEL, 54"
3.16,"443352,5100000000","4473848,6100000000",42021,RETIRO,ESTRELLA,13,Taxi,Línea,2,"10,00",-3.6676734,40.4133316,"PEZ VOLADOR, CALLE, DEL, 13"
3.18,"443210,2600000000","4474446,9700000000",36684,RETIRO,IBIZA,46,Taxi,Línea,8,"39,30",-3.6694033,40.4187123,"DOCTOR ESQUERDO, CALLE, DEL, 46"
3.22,"442997,1200000000","4474732,3600000000",40360,RETIRO,IBIZA,48,Taxi,Línea,4,"21,00",-3.6719411,40.4212686,"O'DONNELL, CALLE, DE, 48"
3.25,"443237,1200000000","4473802,6600000000",39941,RETIRO,ESTRELLA,3,Taxi,Línea,4,"20,00",-3.6690292,40.4129098,"PEZ VOLADOR, CALLE, DEL, 3"
3.26,"442911,3200000000","4474549,1900000000",40283,RETIRO,IBIZA,7,Taxi,Línea,3,"15,00",-3.672936,40.4196127,"MAIQUEZ, CALLE, DE, 7"
3.27,"442385,7300000000","4474560,1100000000",40477,RETIRO,IBIZA,19,Taxi,Línea,2,"11,00",-3.679132,40.4196748,"MENENDEZ PELAYO, AVENIDA, DE, 19"
3.28,"443234,8200000000","4474346,0300000000",44176,RETIRO,ESTRELLA,83,Taxi,Línea,9,"45,00",-3.6691048,40.4178046,"DOCTOR ESQUERDO, CALLE, DEL, 83"
3.32,"441269,2100000000","4474067,3200000000",41457,RETIRO,JERÓNIMOS,1,Taxi,Línea,4,"20,00",-3.6922466,40.4151575,"FELIPE IV, CALLE, DE, 1"
3.33,"443208,2200000000","4473131,6300000000",39645,RETIRO,ESTRELLA,43,Taxi,Línea,7,"37,00",-3.66931,40.4068628,"MEDITERRANEO, AVENIDA, DEL, 43"
3.35,"443203,1300000000","4474598,1900000000",42209,RETIRO,IBIZA,51,Taxi,Línea,5,"25,00",-3.6695009,40.4200741,"DOCTOR CASTELO, CALLE, DEL, 51"
3.36,"441222,6100000000","4474442,7500000000",43455,CENTRO,CORTES,1,Taxi,Línea,4,"20,00",-3.6928306,40.4185362,"PRADO, PASEO, DEL, 1"
3.37,"442403,1100000000","4474406,7700000000",44145,RETIRO,JERÓNIMOS,10,Taxi,Línea,6,"30,00",-3.6789133,40.4182947,"MENENDEZ PELAYO, AVENIDA, DE, 10"
4.01,"443279,2700000000","4474958,2100000000",43685,SALAMANCA,FUENTEDELBERRO,47,Taxi,Línea,2,"10,00",-3.6686355,40.4233225,"DOCTOR ESQUERDO, CALLE, DEL, 47"
4.02,"442587,1600000000","4475142,2300000000",35403,SALAMANCA,GOYA,87,Taxi,Línea,8,"39,80",-3.6768103,40.4249328,"GOYA, CALLE, DE, 87"
4.03,"441863,6600000000","4476310,4300000000",43621,SALAMANCA,CASTELLANA,139,Taxi,Línea,3,"15,10",-3.6854456,40.4354063,"CLAUDIO COELLO, CALLE, DE, 139"
4.04,"442538,8600000000","4475999,1900000000",42023,SALAMANCA,LISTA,41,Taxi,Línea,9,"45,00",-3.6774572,40.4326494,"JUAN BRAVO, CALLE, DE, 41"
4.05,"442649,3600000000","4475991,1700000000",44179,SALAMANCA,LISTA,49 A,Taxi,Línea,8,"37,80",-3.6761537,40.4325848,"JUAN BRAVO, CALLE, DE, 49 A"
4.06,"443225,3400000000","4475488,5400000000",39067,SALAMANCA,GOYA,4,Taxi,Línea,4,"19,19",-3.6693186,40.4280963,"MANUEL BECERRA, PLAZA, DE, 4"
4.07,"441507,7600000000","4475231,7100000000",38803,SALAMANCA,RECOLETOS,1,Taxi,Línea,4,"20,00",-3.6895422,40.4256637,"GOYA, CALLE, DE, 1"
4.08,"442118,2700000000","4475174,5200000000",43288,SALAMANCA,RECOLETOS,47,Taxi,Línea,2,"10,00",-3.6823404,40.4251912,"GOYA, CALLE, DE, 47"
4.09,"442355,7100000000","4475159,1800000000",37168,SALAMANCA,GOYA,67,Taxi,Línea,4,"20,54",-3.6795401,40.4250695,"GOYA, CALLE, DE, 67"
4.1,"442060,4300000000","4475746,4400000000",38322,SALAMANCA,CASTELLANA,29,Taxi,Línea,9,"45,00",-3.6830743,40.4303393,"JOSE ORTEGA Y GASSET, CALLE, DE, 29"
4.12,"441833,2900000000","4475196,6400000000",42021,SALAMANCA,RECOLETOS,25,Taxi,Línea,5,"28,00",-3.6857017,40.4253706,"GOYA, CALLE, DE, 25"
4.13,"442012,6900000000","4475181,9900000000",42021,SALAMANCA,RECOLETOS,37,Taxi,Línea,7,"35,00",-3.6835856,40.4252511,"GOYA, CALLE, DE, 37"
4.14,"442224,7500000000","4475168,8600000000",42033,SALAMANCA,RECOLETOS,57,Taxi,Línea,5,"25,00",-3.6810847,40.4251476,"GOYA, CALLE, DE, 57"
4.15,"442457,9100000000","4475151,9100000000",36725,SALAMANCA,GOYA,77,Taxi,Línea,4,"20,90",-3.6783348,40.4250111,"GOYA, CALLE, DE, 77"
04.15.1,"442482,7100000000","4475149,7200000000",42033,SALAMANCA,GOYA,79,Taxi,Línea,4,"20,10",-3.6780422,40.424993,"GOYA, CALLE, DE, 79"
4.17,"441998,8100000000","4475486,0100000000",1,SALAMANCA,RECOLETOS,58,Taxi,Línea,8,"39,00",-3.683777,40.4279889,"VELAZQUEZ, CALLE, DE, 58"
4.19,"442724,8700000000","4476198,8300000000",35816,SALAMANCA,LISTA,64,Taxi,Línea,4,"20,70",-3.6752823,40.4344607,"DIEGO DE LEON, CALLE, DE, 64"
4.2,"441575,2100000000","4475688,5400000000",1,SALAMANCA,CASTELLANA,22,Taxi,Línea,8,"41,90",-3.6887891,40.4297838,"CASTELLANA, PASEO, DE LA, 22"
4.22,"443107,2200000000","4475105,5200000000",1,SALAMANCA,GOYA,127,Taxi,Línea,3,"15,00",-3.6706767,40.4246378,"GOYA, CALLE, DE, 127"
4.23,"442754,1400000000","4475111,0700000000",42661,SALAMANCA,GOYA,76,Taxi,Línea,4,"26,00",-3.6748392,40.4246636,"GOYA, CALLE, DE, 76"
4.25,"441648,8000000000","4476052,7400000000",37918,SALAMANCA,CASTELLANA,40,Taxi,Línea,6,"30,00",-3.687955,40.4330698,"CASTELLANA, PASEO, DE LA, 40"
04.25.1,"441642,4100000000","4476015,9000000000",40973,SALAMANCA,CASTELLANA,38,Taxi,Línea,5,"20,00",-3.688027,40.4327375,"CASTELLANA, PASEO, DE LA, 38"
4.27,"443795,3000000000","4475830,2500000000",35564,SALAMANCA,GUINDALERA,237,Taxi,Línea,8,"40,10",-3.6626299,40.4312133,"ALCALA, CALLE, DE, 237"
04.27.1,"443851,8200000000","4475886,8600000000",35566,SALAMANCA,GUINDALERA,237,Taxi,Línea,28,"140,60",-3.6619686,40.4317271,"ALCALA, CALLE, DE, 237"
4.29,"441521,2800000000","4475329,4900000000",40446,SALAMANCA,RECOLETOS,2,Taxi,Línea,1,"5,00",-3.6893918,40.4265455,"HERMOSILLA, CALLE, DE, 2"
4.35,"443736,6100000000","4476637,3900000000",37084,SALAMANCA,GUINDALERA,51,Taxi,Batería,3,"7,10",-3.6633933,40.4384805,"BRUSELAS, AVENIDA, DE, 51"
4.36,"443682,8800000000","4476305,2000000000",42094,SALAMANCA,GUINDALERA,1,Taxi,Línea,3,"18,30",-3.6639973,40.4354843,"BIARRITZ, CALLE, DE, 1"
4.37,"443099,4800000000","4475238,5300000000",35724,SALAMANCA,GOYA,19,Taxi,Línea,3,"15,00",-3.6707799,40.4258355,"FUENTE DEL BERRO, CALLE, DE LA, 19"
4.43,"441978,8100000000","4474861,4200000000",37592,SALAMANCA,RECOLETOS,25,Taxi,Línea,5,"25,30",-3.6839558,40.4223609,"VILLANUEVA, CALLE, DE, 25"
4.44,"442963,0900000000","4476593,2200000000",36714,SALAMANCA,GUINDALERA,83,Taxi,Línea,3,"15,10",-3.6725092,40.4380299,"CARTAGENA, CALLE, DE, 83"
4.46,"443005,0200000000","4474840,8000000000",36907,SALAMANCA,GOYA,56,Taxi,Línea,2,"10,90",-3.6718577,40.4222461,"DUQUE DE SESTO, CALLE, DEL, 56"
4.5,"443556,2200000000","4476977,1600000000",40687,SALAMANCA,GUINDALERA,S/N,Taxi,Línea,5,"25,00",-3.6655503,40.4415291,"AMERICA, AVENIDA, DE, S/N"
4.52,"441496,4300000000","4475309,0700000000",42021,SALAMANCA,RECOLETOS,2,Taxi,Línea,7,"35,00",-3.6896829,40.4263598,"CASTELLANA, PASEO, DE LA, 2"
4.53,"442948,5500000000","4476695,8900000000",42023,SALAMANCA,GUINDALERA,32,Taxi,Línea,2,"10,00",-3.6726898,40.4389538,"AMERICA, AVENIDA, DE, 32"
4.55,"442691,4700000000","4476616,9200000000",42006,SALAMANCA,GUINDALERA,10,Taxi,Línea,5,"25,30",-3.6757137,40.4382247,"AMERICA, AVENIDA, DE, 10"
4.56,"442690,0600000000","4476088,8800000000",42201,SALAMANCA,LISTA,52,Taxi,Línea,3,"15,00",-3.6756827,40.4334678,"MALDONADO, CALLE, DE, 52"
4.57,"441753,5000000000","4475946,0000000000",42019,SALAMANCA,CASTELLANA,88,Taxi,Línea,4,"20,00",-3.6867109,40.4321156,"SERRANO, CALLE, DE, 88"
4.59,"441703,1000000000","4475513,1200000000",42018,SALAMANCA,RECOLETOS,54,Taxi,Línea,7,"34,00",-3.6872654,40.4282125,"SERRANO, CALLE, DE, 54"
4.6,"441680,4600000000","4475360,5500000000",42018,SALAMANCA,RECOLETOS,44,Taxi,Línea,8,"36,00",-3.6875183,40.4268365,"SERRANO, CALLE, DE, 44"
4.61,"441664,6900000000","4475255,6100000000",42018,SALAMANCA,RECOLETOS,38,Taxi,Línea,7,"35,00",-3.6876945,40.42589,"SERRANO, CALLE, DE, 38"
4.63,"441587,7300000000","4474690,3600000000",42018,SALAMANCA,RECOLETOS,2,Taxi,Línea,5,"25,00",-3.6885498,40.4207925,"SERRANO, CALLE, DE, 2"
4.64,"441732,3100000000","4475707,3600000000",42299,SALAMANCA,CASTELLANA,70,Taxi,Línea,11,"60,00",-3.6869388,40.4299643,"SERRANO, CALLE, DE, 70"
4.65,"442749,7900000000","4475130,6300000000",42661,SALAMANCA,GOYA,91,Taxi,Línea,3,"13,90",-3.6748923,40.4248395,"GOYA, CALLE, DE, 91"
4.66,"441595,4300000000","4476422,3500000000",43057,SALAMANCA,CASTELLANA,4,Taxi,Línea,3,"15,00",-3.6886182,40.4363957,"LOPEZ DE HOYOS, CALLE, DE, 4"
4.67,"442104,7800000000","4475176,6400000000",43288,SALAMANCA,RECOLETOS,45,Taxi,Línea,3,"15,00",-3.6824996,40.4252093,"GOYA, CALLE, DE, 45"
5.01,"441663,4800000000","4477933,2100000000",1,CHAMARTÍN,ELVISO,15,Taxi,Línea,6,"31,10",-3.6879546,40.450011,"LA HABANA, PASEO, DE, 15"
5.03,"442232,8600000000","4478160,2900000000",1,CHAMARTÍN,HISPANOAMÉRICA,199,Taxi,Línea,4,"25,10",-3.6812611,40.4520964,"SERRANO, CALLE, DE, 199"
5.04,"441480,5100000000","4478118,1300000000",38133,CHAMARTÍN,ELVISO,138,Taxi,Línea,3,"22,00",-3.6901293,40.451664,"CASTELLANA, PASEO, DE LA, 138"
5.05,"441799,5700000000","4478111,9000000000",38383,CHAMARTÍN,ELVISO,1,Taxi,Línea,4,"20,02",-3.6863662,40.4516302,"SAGRADOS CORAZONES, PLAZA, DE LOS, 1"
05.05.1,"441776,3500000000","4478126,7700000000",38383,CHAMARTÍN,ELVISO,16,Taxi,Línea,5,"24,20",-3.6866414,40.4517626,"CONCHA ESPINA, AVENIDA, DE, 16"
5.06,"441672,3400000000","4479113,9300000000",40360,CHAMARTÍN,NUEVAESPAÑA,29,Taxi,Línea,2,"10,00",-3.6879586,40.4606481,"DOCTOR FLEMING, CALLE, DEL, 29"
05.06.1,"441657,2600000000","4479102,1100000000",42018,CHAMARTÍN,NUEVAESPAÑA,7,Taxi,Batería,4,"8,60",-3.6881354,40.4605405,"JUAN HURTADO DE MENDOZA, CALLE, DE, 7"
5.07,"443210,9600000000","4477114,8800000000",36627,CHAMARTÍN,PROSPERIDAD,26,Taxi,Línea,5,"23,30",-3.6696334,40.4427462,"CLARA DEL REY, CALLE, DE, 26"
5.08,"442451,6300000000","4476946,1500000000",40800,CHAMARTÍN,PROSPERIDAD,122,Taxi,Línea,2,"24,50",-3.6785713,40.441174,"PRINCIPE DE VERGARA, CALLE, DEL, 122"
5.15,"441860,3400000000","4478842,0100000000",41983,CHAMARTÍN,HISPANOAMÉRICA,23,Taxi,Línea,3,"15,00",-3.6857165,40.4582117,"PADRE DAMIAN, CALLE, DEL, 23"
5.16,"442591,9400000000","4478857,2000000000",1,CHAMARTÍN,HISPANOAMÉRICA,1,Taxi,Línea,4,"21,00",-3.6770897,40.4583994,"REPUBLICA DOMINICANA, PLAZA, DE LA, 1"
5.17,"443022,0400000000","4478665,1700000000",37760,CHAMARTÍN,HISPANOAMÉRICA,37,Taxi,Línea,4,"20,00",-3.6720001,40.4566991,"VICTOR DE LA SERNA, CALLE, DE, 37"
5.18,"442396,9900000000","4478345,0700000000",37073,CHAMARTÍN,HISPANOAMÉRICA,211,Taxi,Línea,4,"20,00",-3.6793424,40.4537724,"SERRANO, CALLE, DE, 211"
5.19,"441926,2900000000","4480246,3100000000",1,CHAMARTÍN,CASTILLA,27,Taxi,Línea,5,"25,00",-3.6850672,40.4708668,"AGUSTIN DE FOXA, CALLE, DE, 27"
5.22,"441518,5600000000","4478585,8100000000",38385,CHAMARTÍN,HISPANOAMÉRICA,152,Taxi,Línea,3,"5,40",-3.6897236,40.4558797,"CASTELLANA, PASEO, DE LA, 152"
05.22.1,"441517,5300000000","4478571,9200000000",38385,CHAMARTÍN,HISPANOAMÉRICA,150,Taxi,Línea,2,"13,10",-3.6897345,40.4557545,"CASTELLANA, PASEO, DE LA, 150"
5.23,"443183,5500000000","4479388,1700000000",42156,CHAMARTÍN,NUEVAESPAÑA,23,Taxi,Línea,11,"52,80",-3.67016,40.4632232,"DRACENA, CALLE, DE LA, 23"
5.25,"442186,1400000000","4480392,1300000000",37251,CHAMARTÍN,CASTILLA,S/N,Taxi,Línea,45,"225,00",-3.6820154,40.4721985,"HIEDRA, CALLE, DE LA, S/N"
5.26,"441420,7400000000","4477458,5900000000",42033,CHAMARTÍN,ELVISO,108,Taxi,Línea,8,"40,00",-3.6907732,40.4457183,"CASTELLANA, PASEO, DE LA, 108"
05.28.1,"442193,8100000000","4478573,9500000000",36852,CHAMARTÍN,HISPANOAMÉRICA,73,Taxi,Línea,3,"12,50",-3.6817593,40.4558201,"LA HABANA, PASEO, DE, 73"
5.29,"443514,9700000000","4477246,6900000000",42018,CHAMARTÍN,PROSPERIDAD,26,Taxi,Batería,7,"21,00",-3.6660606,40.4439543,"SANTA HORTENSIA, CALLE, DE, 26"
5.31,"442996,3200000000","4479836,3200000000",36728,CHAMARTÍN,CASTILLA,8,Taxi,Línea,3,"14,90",-3.6724086,40.4672476,"JOSE BARDASANO BAOS, CALLE, DE, 8"
5.32,"442647,4100000000","4477777,2900000000",41942,CHAMARTÍN,CIUDADJARDÍN,2,Taxi,Línea,6,"30,00",-3.676338,40.4486749,"PRADILLO, CALLE, DE, 2"
5.36,"442288,7700000000","4476906,4900000000",1,CHAMARTÍN,ELVISO,4,Taxi,Línea,3,"13,90",-3.6804879,40.4408055,"LOPEZ DE HOYOS, GLORIETA, DE, 4"
5.37,"443293,9200000000","4477904,7500000000",41942,CHAMARTÍN,CIUDADJARDÍN,60,Taxi,Línea,5,"28,00",-3.6687258,40.4498674,"PRADILLO, CALLE, DE, 60"
5.39,"441664,1600000000","4479911,0700000000",35586,CHAMARTÍN,CASTILLA,5,Taxi,Línea,4,"21,00",-3.6881284,40.4678285,"AGUSTIN DE FOXA, CALLE, DE, 5"
5.42,"442714,2400000000","4480550,3200000000",36902,CHAMARTÍN,CASTILLA,12,Taxi,Línea,5,"24,94",-3.6758002,40.4736602,"BURGOS, AVENIDA, DE, 12"
5.44,"442591,4100000000","4478749,6600000000",37186,CHAMARTÍN,HISPANOAMÉRICA,267,Taxi,Línea,4,"22,40",-3.6770862,40.4574305,"PRINCIPE DE VERGARA, CALLE, DEL, 267"
5.46,"443238,2300000000","4476899,3500000000",38630,CHAMARTÍN,PROSPERIDAD,43,Taxi,Línea,4,"20,00",-3.6692926,40.4408065,"AMERICA, AVENIDA, DE, 43"
5.47,"442598,0300000000","4476602,0600000000",42006,CHAMARTÍN,PROSPERIDAD,9 A,Taxi,Línea,22,"85,50",-3.676814,40.4380844,"AMERICA, AVENIDA, DE, 9 A"
05.47.1,"442641,5100000000","4476638,3000000000",42006,CHAMARTÍN,PROSPERIDAD,13,Taxi,Línea,3,"16,00",-3.6763047,40.4384139,"AMERICA, AVENIDA, DE, 13"
5.48,"441609,9800000000","4479765,4400000000",40274,CHAMARTÍN,CASTILLA,8,Taxi,Línea,3,"15,00",-3.688754,40.4665128,"CASTILLA, PLAZA, DE, 8"
5.49,"441851,3000000000","4480877,9200000000",40703,CHAMARTÍN,CASTILLA,Fte 1,Taxi,Batería,5,"15,00",-3.6860097,40.4765514,"MANUEL CALDEIRO, CALLE, DE, Fte 1"
5.5,"441557,1600000000","4479645,0500000000",40147,CHAMARTÍN,NUEVAESPAÑA,9,Taxi,Línea,6,"33,00",-3.689366,40.4654245,"CASTILLA, PLAZA, DE, 9"
5.51,"443677,5300000000","4478565,6200000000",41173,CHAMARTÍN,HISPANOAMÉRICA,31,Taxi,Línea,3,"15,00",-3.6642608,40.4558469,"EUCALIPTO, CALLE, DEL, 31"
5.52,"441578,6700000000","4479312,6300000000",41348,CHAMARTÍN,NUEVAESPAÑA,200,Taxi,Línea,4,"19,60",-3.6890817,40.4624314,"CASTELLANA, PASEO, DE LA, 200"
5.53,"442488,2900000000","4477651,4500000000",41348,CHAMARTÍN,ELVISO,187,Taxi,Línea,4,"20,00",-3.6782029,40.4475302,"PRINCIPE DE VERGARA, CALLE, DEL, 187"
5.54,"441830,3000000000","4478898,2500000000",1,CHAMARTÍN,HISPANOAMÉRICA,12 B,Taxi,Línea,8,"40,40",-3.6860759,40.4587162,"ALBERTO ALCOCER, AVENIDA, DE, 12 B"
5.55,"442762,4800000000","4477246,8600000000",42262,CHAMARTÍN,CIUDADJARDÍN,S/N,Taxi,Línea,4,"20,50",-3.6749333,40.4439044,"SUERO DE QUIÑONES, CALLE, DE, S/N"
6.05,"441502,2700000000","4479718,3900000000",40227,TETUÁN,ALMENARA,379,Taxi,Línea,5,"25,10",-3.6900201,40.4660813,"BRAVO MURILLO, CALLE, DE, 379"
6.06,"441349,8700000000","4477652,2000000000",36105,TETUÁN,CUATROCAMINOS,69,Taxi,Línea,10,"50,80",-3.6916268,40.4474575,"CASTELLANA, PASEO, DE LA, 69"
06.06.1,"441353,7200000000","4477698,4900000000",42033,TETUÁN,CUATROCAMINOS,S/N,Taxi,Línea,10,"59,00",-3.6915857,40.4478747,"CASTELLANA, PASEO, DE LA, S/N"
6.07,"440796,6500000000","4478011,1200000000",1,TETUÁN,CUATROCAMINOS,38,Taxi,Línea,7,"35,00",-3.6981836,40.4506515,"AVIADOR ZORITA, CALLE, DEL, 38"
6.09,"441339,3900000000","4479170,9200000000",1,TETUÁN,CASTILLEJOS,46,Taxi,Línea,12,"60,00",-3.6918907,40.461138,"POETA JOAN MARAGALL, CALLE, DEL, 46"
6.1,"441226,8300000000","4477617,6300000000",40077,TETUÁN,CUATROCAMINOS,73,Taxi,Línea,15,"75,00",-3.6930744,40.4471373,"CASTELLANA, PASEO, DE LA, 73"
6.11,"441114,1700000000","4478886,4300000000",1,TETUÁN,CASTILLEJOS,69,Taxi,Línea,3,"15,00",-3.6945205,40.4585593,"ORENSE, CALLE, DE, 69"
6.12,"441108,8700000000","4478060,3700000000",42797,TETUÁN,CUATROCAMINOS,8,Taxi,Línea,4,"19,00",-3.6945064,40.4511174,"CARLOS TRIAS BERTRAN, PLAZA, DE, 8"
6.13,"441021,4600000000","4477730,0700000000",40360,TETUÁN,CUATROCAMINOS,11,Taxi,Línea,2,"10,00",-3.6955065,40.4481357,"ORENSE, CALLE, DE, 11"
06.13.1,"441022,8400000000","4477750,0200000000",40360,TETUÁN,CUATROCAMINOS,11,Taxi,Línea,4,"20,00",-3.6954921,40.4483155,"ORENSE, CALLE, DE, 11"
06.13.2,"441024,4100000000","4477770,7600000000",42032,TETUÁN,CUATROCAMINOS,13,Taxi,Línea,4,"20,00",-3.6954755,40.4485025,"ORENSE, CALLE, DE, 13"
6.15,"441125,5300000000","4478514,1600000000",1,TETUÁN,CUATROCAMINOS,5,Taxi,Batería,4,"10,00",-3.694352,40.4552065,"PEDRO TEIXEIRA, CALLE, DE, 5"
6.16,"441383,5000000000","4478062,4900000000",42040,TETUÁN,CUATROCAMINOS,S/N,Taxi,Línea,9,"40,00",-3.6912681,40.4511559,"CASTELLANA, PASEO, DE LA, S/N"
6.17,"441335,0700000000","4478162,4000000000",40360,TETUÁN,CUATROCAMINOS,S/N,Taxi,Línea,9,"47,80",-3.6918484,40.4520525,"GENERAL PERON, AVENIDA, DEL, S/N"
06.17.1,"441287,6800000000","4478166,2900000000",41054,TETUÁN,CUATROCAMINOS,S/N,Taxi,Línea,6,"31,10",-3.6924076,40.4520842,"GENERAL PERON, AVENIDA, DEL, S/N"
06.17.2,"441258,1600000000","4478168,7800000000",42032,TETUÁN,CUATROCAMINOS,S/N,Taxi,Línea,2,"13,20",-3.692756,40.4521046,"GENERAL PERON, AVENIDA, DEL, S/N"
06.17.3,"441200,8000000000","4478173,4300000000",42033,TETUÁN,CUATROCAMINOS,36,Taxi,Línea,7,"36,40",-3.6934328,40.4521424,"GENERAL PERON, AVENIDA, DEL, 36"
6.19,"439933,0400000000","4478276,5500000000",35543,TETUÁN,BELLASVISTAS,69,Taxi,Línea,3,"12,20",-3.7083925,40.4529807,"JERONIMA LLORENTE, CALLE, DE, 69"
6.24,"440784,2100000000","4478826,7300000000",41719,TETUÁN,CASTILLEJOS,21,Taxi,Línea,2,"8,60",-3.6984063,40.457998,"HUESCA, CALLE, DE, 21"
6.26,"441048,0000000000","4478065,4000000000",42032,TETUÁN,CUATROCAMINOS,25,Taxi,Línea,2,"11,20",-3.6952247,40.4511584,"ORENSE, CALLE, DE, 25"
06.26.1,"441049,3400000000","4478081,0000000000",42032,TETUÁN,CUATROCAMINOS,25,Taxi,Línea,4,"20,00",-3.6952103,40.451299,"ORENSE, CALLE, DE, 25"
6.3,"441006,9600000000","4477585,6400000000",42040,TETUÁN,CUATROCAMINOS,1,Taxi,Línea,5,"25,10",-3.695664,40.4468336,"ORENSE, CALLE, DE, 1"
6.31,"439836,0000000000","4477889,8400000000",42033,TETUÁN,BELLASVISTAS,68,Taxi,Línea,1,"5,12",-3.7095002,40.44949,"ALMANSA, CALLE, DE, 68"
6.32,"441368,8100000000","4479571,6600000000",39218,TETUÁN,CASTILLEJOS,59,Taxi,Batería,3,"7,80",-3.6915807,40.4647501,"POETA JOAN MARAGALL, CALLE, DEL, 59"
6.34,"441436,0700000000","4478912,1300000000",41061,TETUÁN,CASTILLEJOS,133,Taxi,Batería,6,"17,50",-3.6907266,40.4588135,"CASTELLANA, PASEO, DE LA, 133"
6.35,"441368,8300000000","4477882,9400000000",42040,TETUÁN,CUATROCAMINOS,S/N,Taxi,Línea,10,"44,10",-3.6914245,40.4495374,"CASTELLANA, PASEO, DE LA, S/N"
6.36,"441050,6300000000","4477845,4300000000",42033,TETUÁN,CUATROCAMINOS,12,Taxi,Línea,5,"23,70",-3.6951732,40.449177,"ORENSE, CALLE, DE, 12"
6.37,"441149,3900000000","4479034,8500000000",42041,TETUÁN,CASTILLEJOS,60,Taxi,Batería,5,"12,50",-3.6941189,40.4598988,"ORENSE, CALLE, DE, 60"
6.38,"441145,8400000000","4479349,4300000000",44180,TETUÁN,CASTILLEJOS,88,Taxi,Batería,4,"10,00",-3.69419,40.4627324,"INFANTA MERCEDES, CALLE, DE LA, 88"
7.02,"439887,7400000000","4476694,8700000000",1,CHAMBERÍ,ARAPILES,15,Taxi,Línea,4,"20,00",-3.708777,40.438729,"CEA BERMUDEZ, CALLE, DE, 15"
7.03,"440402,1100000000","4475663,2400000000",40360,CHAMBERÍ,TRAFALGAR,109,Taxi,Línea,3,"15,00",-3.7026158,40.4294726,"FUENCARRAL, CALLE, DE, 109"
7.06,"440943,1600000000","4476511,4700000000",1,CHAMBERÍ,ALMAGRO,14,Taxi,Línea,3,"15,10",-3.6963165,40.4371525,"MODESTO LAFUENTE, CALLE, DE, 14"
07.06.1,"440944,4300000000","4476532,8900000000",40970,CHAMBERÍ,ALMAGRO,16 B,Taxi,Línea,4,"18,80",-3.6963035,40.4373455,"MODESTO LAFUENTE, CALLE, DE, 16 B"
7.09,"440767,8700000000","4476202,0000000000",1,CHAMBERÍ,ALMAGRO,54,Taxi,Línea,4,"20,00",-3.6983543,40.4343521,"SANTA ENGRACIA, CALLE, DE, 54"
7.1,"441429,8100000000","4476496,1400000000",38621,CHAMBERÍ,ALMAGRO,51,Taxi,Línea,5,"25,00",-3.6905776,40.4370488,"CASTELLANA, PASEO, DE LA, 51"
07.10.1,"441446,6500000000","4476463,9800000000",1,CHAMBERÍ,ALMAGRO,51,Taxi,Línea,8,"40,10",-3.6903761,40.4367602,"CASTELLANA, PASEO, DE LA, 51"
7.12,"440324,8200000000","4475911,7900000000",39085,CHAMBERÍ,TRAFALGAR,131,Taxi,Línea,3,"16,50",-3.7035503,40.4317061,"FUENCARRAL, CALLE, DE, 131"
7.15,"440257,6600000000","4476414,7700000000",38322,CHAMBERÍ,ARAPILES,27,Taxi,Línea,2,"14,61",-3.7043893,40.4362324,"BRAVO MURILLO, CALLE, DE, 27"
7.16,"439495,4700000000","4476722,5700000000",42037,CHAMBERÍ,GAZTAMBIDE,45,Taxi,Línea,2,"12,41",-3.7134045,40.4389501,"CEA BERMUDEZ, CALLE, DE, 45"
7.17,"439589,6500000000","4477504,8100000000",1,CHAMBERÍ,VALLEHERMOSO,139,Taxi,Línea,5,"25,00",-3.7123685,40.4460037,"GUZMAN EL BUENO, CALLE, DE, 139"
7.2,"439396,0500000000","4477467,1100000000",37778,CHAMBERÍ,VALLEHERMOSO,57,Taxi,Línea,4,"18,40",-3.7146477,40.44565,"REINA VICTORIA, AVENIDA, DE LA, 57"
7.23,"440874,0700000000","4477036,2200000000",36004,CHAMBERÍ,RÍOSROSAS,45,Taxi,Línea,4,"22,22",-3.6971799,40.4418747,"RIOS ROSAS, CALLE, DE, 45"
07.23.1,"440903,3500000000","4477034,1100000000",42040,CHAMBERÍ,RÍOSROSAS,49,Taxi,Línea,4,"23,00",-3.6968345,40.4418578,"RIOS ROSAS, CALLE, DE, 49"
7.24,"440250,4000000000","4476181,7000000000",1,CHAMBERÍ,ARAPILES,1,Taxi,Línea,3,"15,00",-3.704453,40.4341323,"BRAVO MURILLO, CALLE, DE, 1"
7.31,"440036,3600000000","4475849,1600000000",35563,CHAMBERÍ,ARAPILES,14,Taxi,Línea,3,"15,00",-3.706945,40.4311212,"CONDE DEL VALLE DE SUCHIL, PLAZA, DEL, 14"
7.32,"440872,1600000000","4475881,6100000000",35165,CHAMBERÍ,ALMAGRO,32,Taxi,Línea,5,"26,50",-3.697095,40.4314733,"SANTA ENGRACIA, CALLE, DE, 32"
7.33,"440165,0400000000","4475703,8100000000",35735,CHAMBERÍ,TRAFALGAR,4,Taxi,Línea,4,"22,20",-3.7054143,40.4298211,"RUIZ JIMENEZ, GLORIETA, DE, 4"
7.34,"439979,5300000000","4475846,8300000000",35563,CHAMBERÍ,ARAPILES,7,Taxi,Línea,3,"16,70",-3.7076147,40.4310961,"CONDE DEL VALLE DE SUCHIL, PLAZA, DEL, 7"
7.39,"441181,7400000000","4475817,4700000000",36004,CHAMBERÍ,ALMAGRO,36,Taxi,Línea,3,"15,00",-3.6934395,40.4309175,"ZURBANO, CALLE, DE, 36"
7.4,"441204,1600000000","4475914,6100000000",40492,CHAMBERÍ,ALMAGRO,17,Taxi,Línea,3,"17,60",-3.6931841,40.4317942,"GENERAL ARRANDO, CALLE, DEL, 17"
7.41,"441236,1400000000","4476705,0300000000",36725,CHAMBERÍ,RÍOSROSAS,81,Taxi,Línea,2,"13,00",-3.6928802,40.4389169,"ZURBANO, CALLE, DE, 81"
7.42,"441025,9400000000","4476641,1900000000",36742,CHAMBERÍ,RÍOSROSAS,47,Taxi,Línea,2,"11,30",-3.6953526,40.4383269,"JOSE ABASCAL, CALLE, DE, 47"
7.43,"441350,5500000000","4476722,8700000000",36874,CHAMBERÍ,RÍOSROSAS,59,Taxi,Línea,3,"15,20",-3.691533,40.4390857,"CASTELLANA, PASEO, DE LA, 59"
7.47,"440338,6100000000","4477486,5500000000",43033,CHAMBERÍ,RÍOSROSAS,177,Taxi,Línea,2,"10,60",-3.7035356,40.4458932,"SANTA ENGRACIA, CALLE, DE, 177"
7.48,"441560,6200000000","4475995,0400000000",38890,CHAMBERÍ,ALMAGRO,33,Taxi,Línea,2,"10,00",-3.6889893,40.4325438,"CASTELLANA, PASEO, DE LA, 33"
7.5,"439444,5500000000","4477294,9100000000",42040,CHAMBERÍ,VALLEHERMOSO,8,Taxi,Línea,8,"35,60",-3.7140594,40.4441022,"MAESTRO ÁNGEL LLORCA, CALLE, DEL, 8"
7.51,"439277,0700000000","4477471,5700000000",42040,CHAMBERÍ,VALLEHERMOSO,9,Taxi,Línea,1,"7,00",-3.716051,40.4456814,"LOMA, CALLE, DE LA, 9"
7.52,"439179,8000000000","4477496,9400000000",42761,CHAMBERÍ,VALLEHERMOSO,10,Taxi,Línea,3,"15,00",-3.7172004,40.4459029,"GRANJA, CALLE, DE LA, 10"
8.02,"441773,0700000000","4482657,9800000000",1,FUENCARRAL-EL PARDO,VALVERDE,2,Taxi,Línea,2,"12,70",-3.687096,40.4925814,"ISLAS JARVI, CALLE, DE LAS, 2"
08.02.1,"441782,5900000000","4482643,5400000000",38440,FUENCARRAL-EL PARDO,VALVERDE,3,Taxi,Línea,2,"9,50",-3.6869824,40.492452,"ISLAS JARVI, CALLE, DE LAS, 3"
8.03,"441116,6300000000","4482144,9900000000",38434,FUENCARRAL-EL PARDO,VALVERDE,50,Taxi,Línea,21,"106,20",-3.694794,40.4879139,"SAN MODESTO, CALLE, DE, 50"
8.04,"440024,7200000000","4481757,8400000000",40360,FUENCARRAL-EL PARDO,ELPILAR,49,Taxi,Línea,5,"23,20",-3.7076404,40.4843481,"GINZO DE LIMIA, CALLE, DE, 49"
08.04.1,"440048,1600000000","4481737,0700000000",40360,FUENCARRAL-EL PARDO,ELPILAR,S/N,Taxi,Línea,5,"24,40",-3.7073619,40.4841627,"GINZO DE LIMIA, CALLE, DE, S/N"
8.05,"439607,0400000000","4480408,1000000000",37706,FUENCARRAL-EL PARDO,ELPILAR,5,Taxi,Línea,3,"17,00",-3.7124397,40.4721589,"BETANZOS, AVENIDA, DE, 5"
8.07,"441812,9200000000","4481246,5200000000",40360,FUENCARRAL-EL PARDO,LAPAZ,S/N,Taxi,Línea,6,"29,10",-3.6864962,40.4798692,"ARZOBISPO MORCILLO, CALLE, DEL, S/N"
8.08,"438630,7800000000","4481334,8500000000",40912,FUENCARRAL-EL PARDO,PEÑAGRANDE,S/N,Taxi,Línea,4,"20,00",-3.7240452,40.4804358,"RAMON GOMEZ DE LA SERNA, CALLE, DE, S/N"
8.09,"440402,6600000000","4480663,3500000000",1,FUENCARRAL-EL PARDO,ELPILAR,1,Taxi,Línea,6,"31,70",-3.7030786,40.4745157,"EL FERROL, AVENIDA, DE, 1"
8.1,"441183,1500000000","4481562,4900000000",42041,FUENCARRAL-EL PARDO,LAPAZ,23,Taxi,Batería,2,"6,10",-3.6939551,40.4826712,"JULIO PALACIOS, CALLE, DE, 23"
8.11,"439484,2800000000","4482321,7000000000",38428,FUENCARRAL-EL PARDO,MIRASIERRA,83,Taxi,Línea,4,"20,10",-3.7140704,40.4893883,"MASO, CALLE, DE LA, 83"
8.13,"441588,3100000000","4482516,8300000000",40527,FUENCARRAL-EL PARDO,VALVERDE,78 C,Taxi,Línea,3,"14,20",-3.6892631,40.4912969,"CARDENAL HERRERA ORIA, AVENIDA, DEL, 78 C"
8.14,"440551,4400000000","4482921,0200000000",39101,FUENCARRAL-EL PARDO,MIRASIERRA,S/N,Taxi,Línea,6,"28,50",-3.7015353,40.4948643,"COSTA BRAVA, CALLE, DE LA, S/N"
08.14.1,"440609,8600000000","4482893,6800000000",40360,FUENCARRAL-EL PARDO,MIRASIERRA,S/N,Taxi,Línea,9,"45,10",-3.7008434,40.4946222,"COSTA BRAVA, CALLE, DE LA, S/N"
8.17,"437044,2900000000","4480715,9800000000",40360,FUENCARRAL-EL PARDO,FUENTELARREINA,FTE 17,Taxi,Línea,5,"25,00",-3.7427,40.4747421,"ARROYOFRESNO, CALLE, DE, FTE 17"
8.18,"439262,9100000000","4482064,7100000000",38429,FUENCARRAL-EL PARDO,MIRASIERRA,11,Taxi,Línea,2,"10,00",-3.7166577,40.4870571,"VENTISQUERO DE LA CONDESA, AVENIDA, DEL, 11"
8.19,"440211,6600000000","4481167,4000000000",42026,FUENCARRAL-EL PARDO,ELPILAR,S/N,Taxi,Batería,6,"14,40",-3.7053792,40.4790427,"MONFORTE DE LEMOS, AVENIDA, DE, S/N"
08.19.1,"440243,4200000000","4481175,9300000000",37722,FUENCARRAL-EL PARDO,ELPILAR,101,Taxi,Línea,3,"14,20",-3.7050054,40.4791218,"MONFORTE DE LEMOS, AVENIDA, DE, 101"
8.2,"439668,8300000000","4481024,3700000000",42034,FUENCARRAL-EL PARDO,ELPILAR,133,Taxi,Línea,1,"5,10",-3.7117694,40.477715,"MONFORTE DE LEMOS, AVENIDA, DE, 133"
8.21,"439223,7800000000","4482822,9800000000",38429,FUENCARRAL-EL PARDO,MIRASIERRA,44,Taxi,Línea,4,"21,00",-3.7171921,40.493885,"VENTISQUERO DE LA CONDESA, AVENIDA, DEL, 44"
08.21.1,"439233,6000000000","4482807,5300000000",42026,FUENCARRAL-EL PARDO,MIRASIERRA,44 A,Taxi,Línea,3,"14,58",-3.7170747,40.4937465,"VENTISQUERO DE LA CONDESA, AVENIDA, DEL, 44 A"
8.23,"441706,0500000000","4482321,7900000000",38440,FUENCARRAL-EL PARDO,VALVERDE,Fte 1,Taxi,Línea,4,"20,00",-3.6878559,40.4895481,"XAUDARO, CALLE, DE, Fte 1"
8.24,"441151,3700000000","4481969,0200000000",40360,FUENCARRAL-EL PARDO,VALVERDE,S/N,Taxi,Línea,5,"25,00",-3.6943678,40.4863311,"SAN MODESTO, CALLE, DE, S/N"
8.25,"443106,3100000000","4485084,5600000000",38377,FUENCARRAL-EL PARDO,VALVERDE,4,Taxi,Batería,4,"21,00",-3.6715824,40.5145334,"ISABEL COLBRAND, CALLE, DE, 4"
8.26,"440790,9600000000","4482046,7500000000",37509,FUENCARRAL-EL PARDO,LAPAZ,34,Taxi,Línea,3,"15,00",-3.6986273,40.4870057,"SANGENJO, CALLE, DE, 34"
8.27,"440335,6300000000","4482009,3300000000",38433,FUENCARRAL-EL PARDO,LAPAZ,43,Taxi,Línea,1,"10,13",-3.703996,40.486636,"ALFREDO MARQUERIE, CALLE, DE, 43"
8.28,"440966,7200000000","4482215,1900000000",41261,FUENCARRAL-EL PARDO,VALVERDE,S/N,Taxi,Línea,9,"45,40",-3.6965693,40.4885356,"SAN MODESTO, CALLE, DE, S/N"
08.28.1,"440965,3400000000","4482163,2800000000",41261,FUENCARRAL-EL PARDO,VALVERDE,S/N,Taxi,Línea,14,"68,20",-3.6965807,40.4880679,"SAN MODESTO, CALLE, DE, S/N"
8.29,"441775,4000000000","4482242,1200000000",40527,FUENCARRAL-EL PARDO,VALVERDE,10,Taxi,Línea,5,"24,00",-3.6870303,40.4888353,"VALDEGOVIA, CALLE, DE, 10"
8.3,"442730,0100000000","4484873,0100000000",38719,FUENCARRAL-EL PARDO,VALVERDE,16,Taxi,Batería,4,"9,00",-3.6760049,40.5126018,"MARIA TUBAU, CALLE, DE, 16"
8.33,"441803,2400000000","4481220,8700000000",39372,FUENCARRAL-EL PARDO,LAPAZ,S/N,Taxi,Línea,7,"34,90",-3.6866081,40.4796374,"ARZOBISPO MORCILLO, CALLE, DEL, S/N"
8.34,"443157,6100000000","4484303,9300000000",39910,FUENCARRAL-EL PARDO,VALVERDE,46,Taxi,Línea,11,"77,50",-3.6709068,40.5075047,"CAMINO DE SANTIAGO, AVENIDA, DEL, 46"
8.35,"441786,9200000000","4480915,8600000000",39910,FUENCARRAL-EL PARDO,LAPAZ,259,Taxi,Línea,14,"70,70",-3.6867726,40.4768886,"CASTELLANA, PASEO, DE LA, 259"
08.35.1,"441804,2300000000","4480993,8300000000",42025,FUENCARRAL-EL PARDO,LAPAZ,259,Taxi,Línea,8,"40,00",-3.6865756,40.4775922,"CASTELLANA, PASEO, DE LA, 259"
8.36,"442455,7300000000","4484558,1600000000",40360,FUENCARRAL-EL PARDO,VALVERDE,22,Taxi,Línea,7,"35,00",-3.6792136,40.5097465,"ISABEL COLBRAND, CALLE, DE, 22"
8.37,"441086,5100000000","4484099,9100000000",41162,FUENCARRAL-EL PARDO,ELGOLOSO,63,Taxi,Línea,4,"20,00",-3.6953312,40.5055223,"MONASTERIO DE SILOS, AVENIDA, DEL, 63"
8.38,"443828,0700000000","4485261,9000000000",40361,FUENCARRAL-EL PARDO,VALVERDE,S/N,Taxi,Línea,10,"49,85",-3.6630789,40.5161802,"COMUNICACION, RONDA, DE LA, S/N"
8.39,"443779,4700000000","4484893,7900000000",41631,FUENCARRAL-EL PARDO,VALVERDE,S/N,Taxi,Batería,4,"11,90",-3.6636199,40.5128608,"OBISPO GELMÍREZ, CALLE, DEL, S/N"
8.4,"439398,0400000000","4482295,6400000000",40360,FUENCARRAL-EL PARDO,MIRASIERRA,S/N,Taxi,Línea,4,"26,85",-3.7150854,40.4891473,"COLLADO DE CERRO MALEJO, CALLE, DEL, S/N"
8.41,"439962,1500000000","4481130,3300000000",42041,FUENCARRAL-EL PARDO,ELPILAR,34,Taxi,Línea,3,"15,10",-3.7083192,40.4786907,"MONFORTE DE LEMOS, AVENIDA, DE, 34"
8.43,"443292,7600000000","4483326,9300000000",41065,FUENCARRAL-EL PARDO,VALVERDE,23,Taxi,Línea,5,"25,00",-3.6692243,40.4987128,"QUINTANAVIDES, CALLE, DE, 23"
8.45,"440843,1700000000","4484002,4000000000",42034,FUENCARRAL-EL PARDO,ELGOLOSO,S/N,Taxi,Batería,5,"12,50",-3.6981939,40.5046266,"MONASTERIO DE EL ESCORIAL, AVENIDA, DEL, S/N"
8.46,"440421,6400000000","4481214,1700000000",41036,FUENCARRAL-EL PARDO,LAPAZ,85,Taxi,Batería,3,"9,00",-3.7029065,40.4794791,"MONFORTE DE LEMOS, AVENIDA, DE, 85"
8.47,"444011,1100000000","4485082,1100000000",41179,FUENCARRAL-EL PARDO,VALVERDE,S/N,Taxi,Línea,5,"25,00",-3.6609025,40.5145729,"COMUNICACION, RONDA, DE LA, S/N"
8.48,"442836,3900000000","4482805,3600000000",43270,FUENCARRAL-EL PARDO,VALVERDE,8,Taxi,Batería,5,"16,10",-3.6745626,40.4939829,"FUENCARRAL A HORTALEZA, CARRETERA, DE, 8"
8.49,"443787,8100000000","4483706,7700000000",41453,FUENCARRAL-EL PARDO,VALVERDE,8,Taxi,Línea,7,"34,90",-3.6634161,40.5021682,"ABETAL, CALLE, DEL, 8"
8.5,"443865,5900000000","4483563,4100000000",41453,FUENCARRAL-EL PARDO,VALVERDE,S/N,Taxi,Línea,7,"35,00",-3.6624854,40.500882,"ABETAL, CALLE, DEL, S/N"
08.50.1,"443883,5200000000","4483530,4300000000",41453,FUENCARRAL-EL PARDO,VALVERDE,S/N,Taxi,Línea,5,"25,00",-3.6622709,40.5005861,"ABETAL, CALLE, DEL, S/N"
8.51,"443099,3500000000","4484239,6300000000",42845,FUENCARRAL-EL PARDO,VALVERDE,42,Taxi,Línea,2,"10,10",-3.6715886,40.5069215,"CAMINO DE SANTIAGO, AVENIDA, DEL, 42"
8.52,"441480,1600000000","4483568,2400000000",42887,FUENCARRAL-EL PARDO,VALVERDE,1,Taxi,Línea,2,"10,00",-3.6906363,40.5007607,"TRES OLIVOS, PLAZA, DE LOS, 1"
8.53,"443075,4500000000","4483016,9500000000",43874,FUENCARRAL-EL PARDO,VALVERDE,S/N,Taxi,Línea,2,"11,00",-3.6717608,40.4959055,"PUERTO DE SOMPORT, CALLE, DEL, S/N"
8.54,"439029,6600000000","4481011,1100000000",44273,FUENCARRAL-EL PARDO,PEÑAGRANDE,frente al 94 A,Taxi,Línea,10,"30,00",-3.7193084,40.4775488,"SANTIAGO DE COMPOSTELA, CALLE, DE, frente al 94 A"
8.55,"439097,8400000000","4482974,4500000000",44301,FUENCARRAL-EL PARDO,MIRASIERRA,50,Taxi,Línea,5,"25,00",-3.7186927,40.4952403,"VENTISQUERO DE LA CONDESA, AVENIDA, DEL, 50"
9.01,"439426,3300000000","4475445,4100000000",41061,MONCLOA-ARAVACA,ARGÜELLES,27,Taxi,Línea,8,"40,00",-3.7140979,40.4274398,"PRINCESA, CALLE, DE LA, 27"
9.02,"439081,6700000000","4476802,5100000000",35035,MONCLOA-ARAVACA,CIUDADUNIVERSITARIA,S/N,Taxi,Línea,5,"24,10",-3.7182909,40.43964,"DOCTOR JIMENEZ DIAZ, CALLE, DEL, S/N"
09.02.1,"439057,3100000000","4476806,3300000000",39127,MONCLOA-ARAVACA,CIUDADUNIVERSITARIA,S/N,Taxi,Línea,7,"34,00",-3.7185785,40.4396726,"DOCTOR JIMENEZ DIAZ, CALLE, DEL, S/N"
09.02.2,"438995,8100000000","4476767,8900000000",40620,MONCLOA-ARAVACA,CIUDADUNIVERSITARIA,2,Taxi,Línea,17,"87,00",-3.7192999,40.4393218,"DOCTOR JIMENEZ DIAZ, CALLE, DEL, 2"
9.03,"439171,8000000000","4475503,8000000000",1,MONCLOA-ARAVACA,ARGÜELLES,9,Taxi,Línea,2,"10,00",-3.7171039,40.4279473,"QUINTANA, CALLE, DE, 9"
9.04,"439220,1600000000","4475826,6100000000",40648,MONCLOA-ARAVACA,ARGÜELLES,57,Taxi,Línea,6,"32,50",-3.7165647,40.4308588,"PRINCESA, CALLE, DE LA, 57"
9.05,"438789,5600000000","4474779,0800000000",41075,MONCLOA-ARAVACA,CASADECAMPO,13,Taxi,Línea,4,"20,00",-3.7215401,40.4213906,"FLORIDA, PASEO, DE LA, 13"
9.07,"435424,7100000000","4473390,2800000000",38428,MONCLOA-ARAVACA,CASADECAMPO,3,Taxi,Línea,4,"20,00",-3.7610602,40.4086255,"ZOO, CARRETERA, DEL, 3"
9.08,"439009,3800000000","4479976,3800000000",35256,MONCLOA-ARAVACA,VALDEZARZA,53,Taxi,Línea,4,"20,40",-3.7194481,40.4682261,"ANTONIO MACHADO, CALLE, DE, 53"
9.1,"433905,3900000000","4479013,8300000000",39549,MONCLOA-ARAVACA,ARAVACA,13,Taxi,Línea,7,"37,80",-3.7795497,40.4591648,"TEJADILLO, CALLE, DEL, 13"
9.11,"433422,2300000000","4478995,6100000000",38433,MONCLOA-ARAVACA,ARAVACA,1,Taxi,Línea,5,"26,60",-3.7852458,40.4589621,"GALAXIA, AVENIDA, DE LA, 1"
09.11.1,"433422,5600000000","4478970,1700000000",38433,MONCLOA-ARAVACA,ARAVACA,3,Taxi,Línea,3,"16,00",-3.7852393,40.458733,"GALAXIA, AVENIDA, DE LA, 3"
9.16,"438941,5100000000","4476256,3200000000",34914,MONCLOA-ARAVACA,ARGÜELLES,S/N,Taxi,Línea,10,"49,00",-3.7198909,40.4347094,"MORET, PASEO, DE, S/N"
9.17,"437762,9700000000","4476108,9600000000",36307,MONCLOA-ARAVACA,CASADECAMPO,83,Taxi,Línea,3,"15,50",-3.7337706,40.4332946,"VALLADOLID, AVENIDA, DE, 83"
09.17.1,"437795,5300000000","4476058,6900000000",44181,MONCLOA-ARAVACA,CASADECAMPO,81,Taxi,Línea,3,"18,70",-3.7333819,40.4328442,"VALLADOLID, AVENIDA, DE, 81"
9.18,"439900,3900000000","4479235,1400000000",36307,MONCLOA-ARAVACA,VALDEZARZA,61 B,Taxi,Línea,4,"20,00",-3.7088683,40.4616137,"OFELIA NIETO, CALLE, DE, 61 B"
9.19,"436317,9600000000","4473922,8400000000",38429,MONCLOA-ARAVACA,CASADECAMPO,S/N,Taxi,Línea,9,"45,00",-3.7505869,40.4134918,"ALBERGUE JUVENIL, CARRETERA, DEL, S/N"
9.22,"438710,6800000000","4477179,8800000000",36020,MONCLOA-ARAVACA,CIUDADUNIVERSITARIA,5,Taxi,Línea,6,"30,70",-3.7227013,40.4430122,"DOCTOR SEVERO OCHOA, CALLE, DEL, 5"
9.25,"433435,7600000000","4479629,7500000000",38428,MONCLOA-ARAVACA,VALDEMARÍN,3,Taxi,Línea,3,"15,00",-3.7851528,40.4646757,"ZARZUELA, CAMINO, DE LA, 3"
9.26,"432014,4200000000","4479886,8400000000",38428,MONCLOA-ARAVACA,ELPLANTÍO,2,Taxi,Línea,5,"25,00",-3.8019441,40.4668765,"MUSGO, CALLE, DEL, 2"
9.28,"437999,1000000000","4474098,3600000000",38321,MONCLOA-ARAVACA,CASADECAMPO,3,Taxi,Línea,2,"10,00",-3.7307908,40.4151999,"PUERTA DEL ANGEL, PASEO, DE LA, 3"
9.29,"438854,2300000000","4474673,4100000000",44071,MONCLOA-ARAVACA,CASADECAMPO,1,Taxi,Línea,6,"30,00",-3.7207676,40.4204435,"SAN VICENTE, GLORIETA, DE, 1"
9.31,"439153,5300000000","4479377,7000000000",41423,MONCLOA-ARAVACA,VALDEZARZA,9,Taxi,Batería,3,"9,00",-3.7176904,40.4628436,"ALCALDE MARTIN DE ALZAGA, CALLE, DEL, 9"
9.32,"439184,6600000000","4477703,6900000000",34856,MONCLOA-ARAVACA,CIUDADUNIVERSITARIA,22,Taxi,Línea,10,"50,10",-3.7171629,40.4477657,"JUAN XXIII, PASEO, DE, 22"
9.33,"439701,9200000000","4479484,0800000000",42034,MONCLOA-ARAVACA,VALDEZARZA,42,Taxi,Batería,2,"2,80",-3.7112327,40.4638419,"AZUAGA, CALLE, DE, 42"
9.37,"437486,1700000000","4474103,1300000000",43312,MONCLOA-ARAVACA,CASADECAMPO,S/N,Taxi,Línea,5,"27,00",-3.7368366,40.4152045,"FERIAL, CALLE, DEL, S/N"
10.01,"434450,4900000000","4469946,1700000000",38337,LATINA,ÁGUILAS,54,Taxi,Línea,2,"13,00",-3.7721866,40.3775236,"BLAS CABRERA, CALLE, DE, 54"
10.02,"435897,5900000000","4471519,0000000000",42034,LATINA,ALUCHE,S/N,Taxi,Línea,2,"10,70",-3.7552991,40.3918048,"ILLESCAS, CALLE, DE, S/N"
10.03,"434811,2200000000","4471842,3900000000",43487,LATINA,ALUCHE,9,Taxi,Línea,6,"37,20",-3.7681315,40.3946337,"PADRE PIQUER, AVENIDA, DEL, 9"
10.04,"438211,8500000000","4473893,7500000000",44256,LATINA,PUERTADELÁNGEL,2,Taxi,Línea,3,"16,00",-3.7282635,40.4133725,"ANTILLON, CALLE, DE, 2"
10.05,"435166,2900000000","4471926,7800000000",38337,LATINA,ALUCHE,59,Taxi,Línea,4,"20,00",-3.7639566,40.3954217,"ILLESCAS, CALLE, DE, 59"
10.07,"433488,3500000000","4470654,7100000000",42034,LATINA,ÁGUILAS,3,Taxi,Línea,2,"12,00",-3.7835937,40.3838301,"FUENTE DE LIMA, CALLE, DE LA, 3"
10.08,"434636,4000000000","4470136,1300000000",40360,LATINA,ÁGUILAS,S/N,Taxi,Línea,3,"14,80",-3.7700162,40.3792494,"JOSE DE CADALSO, CALLE, DE, S/N"
10.11,"437367,4100000000","4473645,8500000000",40030,LATINA,PUERTADELÁNGEL,155,Taxi,Línea,2,"10,00",-3.7381913,40.4110762,"PORTUGAL, AVENIDA, DE, 155"
10.13,"435382,4400000000","4470814,4100000000",38680,LATINA,ALUCHE,41,Taxi,Línea,5,"25,00",-3.761297,40.3854178,"POBLADOS, AVENIDA, DE LOS, 41"
10.18,"436735,0300000000","4472959,6100000000",40582,LATINA,LUCERO,Fte 40,Taxi,Línea,4,"20,00",-3.7455757,40.4048465,"CEBREROS, CALLE, DE, Fte 40"
10.2,"436056,3600000000","4473109,7100000000",37288,LATINA,LUCERO,48,Taxi,Línea,4,"20,10",-3.7535883,40.4061468,"VILLAMANIN, CALLE, DE, 48"
10.20.1,"436056,5800000000","4473078,7700000000",38331,LATINA,LUCERO,39,Taxi,Línea,2,"11,00",-3.7535826,40.4058681,"VILLAMANIN, CALLE, DE, 39"
10.23,"433769,1700000000","4470110,1400000000",42037,LATINA,ÁGUILAS,19,Taxi,Línea,2,"7,30",-3.780229,40.3789468,"MIRABEL, CALLE, DE, 19"
10.25,"437307,7400000000","4473514,8700000000",44217,LATINA,PUERTADELÁNGEL,154,Taxi,Línea,3,"15,00",-3.7388816,40.4098918,"EXTREMADURA, PASEO, DE, 154"
10.26,"434055,2700000000","4470436,4100000000",44270,LATINA,ÁGUILAS,18,Taxi,Batería,2,"6,00",-3.7768927,40.3819086,"LAS AGUILAS, AVENIDA, DE, 18"
11.01,"439945,8200000000","4471729,4500000000",39229,CARABANCHEL,COMILLA,65,Taxi,Línea,3,"16,50",-3.7076234,40.3940024,"ANTONIO LOPEZ, CALLE, DE, 65"
11.02,"436557,3600000000","4469367,4900000000",40525,CARABANCHEL,BUENAVISTA,1,Taxi,Línea,7,"35,50",-3.7473116,40.3724736,"GUAYABA, CALLE, DE LA, 1"
11.03,"439082,2100000000","4470802,9500000000",38342,CARABANCHEL,OPAÑEL,5,Taxi,Línea,4,"20,00",-3.7177101,40.3855933,"ELÍPTICA, PLAZA, 5"
11.04,"437636,9500000000","4472234,1000000000",38334,CARABANCHEL,SAN ISIDRO,53,Taxi,Línea,3,"16,30",-3.7348764,40.3983788,"VIA CARPETANA, CALLE, 53"
11.05,"436837,6200000000","4471086,7800000000",38336,CARABANCHEL,VISTA ALEGRE,103,Taxi,Línea,4,"21,00",-3.744181,40.387983,"OCA, CALLE, DE LA, 103"
11.06,"439236,0100000000","4472112,7800000000",40247,CARABANCHEL,OPAÑEL,5,Taxi,Línea,3,"15,10",-3.7160232,40.3974041,"MARQUES DE VADILLO, GLORIETA, DEL, 5"
11.08,"438554,3500000000","4470785,4600000000",41821,CARABANCHEL,ABRANTES,27,Taxi,Línea,4,"20,00",-3.723927,40.385397,"OPORTO, AVENIDA, DE, 27"
11.12,"435549,6900000000","4469336,4300000000",1,CARABANCHEL,BUENAVISTA,Fte 70,Taxi,Línea,3,"15,00",-3.7591772,40.3721165,"JOAQUIN TURINA, CALLE, DE, Fte 70"
11.18,"436044,5900000000","4468248,7800000000",38700,CARABANCHEL,BUENAVISTA,73B,Taxi,Línea,2,"10,00",-3.753239,40.3623566,"PESETA, AVENIDA, DE LA, 73B"
11.19,"438695,8500000000","4472249,8400000000",38877,CARABANCHEL,SAN ISIDRO,S/N,Taxi,Batería,2,"6,00",-3.722401,40.3985992,"COMUNEROS DE CASTILLA, CALLE, DE LOS, S/N"
11.2,"437162,1200000000","4468370,3800000000",39965,CARABANCHEL,BUENAVISTA,22,Taxi,Línea,4,"20,00",-3.7400903,40.363537,"CALDERILLA, CALLE, DE LA, 22"
11.21,"437862,8200000000","4471144,9100000000",40260,CARABANCHEL,VISTA ALEGRE,2 B,Taxi,Línea,2,"9,50",-3.7321087,40.3885838,"OCA, CALLE, DE LA, 2 B"
11.21.1,"437854,6100000000","4471149,4400000000",42038,CARABANCHEL,VISTA ALEGRE,4,Taxi,Línea,2,"8,90",-3.7322059,40.388624,"OCA, CALLE, DE LA, 4"
11.24,"435917,9600000000","4468218,9400000000",44054,CARABANCHEL,BUENAVISTA,S/N,Taxi,Línea,4,"20,00",-3.7547273,40.362078,"PESETA, AVENIDA, DE LA, S/N"
12.05,"440597,9200000000","4471100,5700000000",37348,USERA,MOSCARDÓ,174,Taxi,Línea,2,"10,90",-3.6998816,40.3883839,"ANTONIO LOPEZ, CALLE, DE, 174"
12.08,"440736,2200000000","4469648,0100000000",38351,USERA,ORCASUR,2,Taxi,Línea,6,"30,00",-3.6981171,40.3753083,"ANDALUCIA, AVENIDA, DE, 2"
12.11,"441210,3300000000","4469672,7700000000",40360,USERA,SANFERMÍN,S/N,Taxi,Línea,9,"46,30",-3.6925349,40.3755649,"SAN MARIO, CALLE, DE, S/N"
12.12,"441180,7800000000","4469746,4900000000",36110,USERA,SANFERMÍN,33,Taxi,Línea,8,"34,56",-3.6928898,40.3762269,"SAN MAXIMO, CALLE, DE, 33"
12.13,"440877,3400000000","4469725,2100000000",40360,USERA,ORCASUR,S/N,Taxi,Línea,6,"30,00",-3.696462,40.3760138,"MALAGA, GLORIETA, DE, s/n"
12.14,"441760,4800000000","4468870,3800000000",42851,USERA,SANFERMÍN,146,Taxi,Línea,7,"43,00",-3.6859813,40.3683751,"PERALES, CAMINO, DE, 146"
12.15,"441250,3400000000","4469598,7300000000",43007,USERA,SANFERMÍN,21,Taxi,Batería,2,"6,00",-3.6920568,40.3749007,"CARABELOS, CALLE, DE, 21"
12.16,"440449,8200000000","4471305,8200000000",43024,USERA,MOSCARDÓ,111,Taxi,Línea,7,"50,20",-3.7016456,40.3902223,"ANTONIO LOPEZ, CALLE, DE, 111"
13.01,"443052,4100000000","4470145,0600000000",1,VALLECAS,ENTREVÍAS,Fte 2,Taxi,Batería,8,"21,10",-3.670879,40.3799475,"SANTA RAFAELA MARIA DEL SAGRADO CORAZON, CALLE, DE, Fte 2"
13.04,"445160,8000000000","4471295,1900000000",1,VALLECAS,PORTAZGO,9,Taxi,Línea,4,"18,00",-3.6461414,40.39045,"SANTILLANA DEL MAR, CALLE, DE, 9"
13.05,"443962,4700000000","4472447,4100000000",42025,VALLECAS,NUMANCIA,13,Taxi,Línea,2,"10,00",-3.6603612,40.4007501,"SIERRA TOLEDANA, CALLE, DE LA, 13"
13.08,"443766,4600000000","4470295,4300000000",42025,VALLECAS,PALOMERASBAJAS,95,Taxi,Línea,5,"35,00",-3.6624809,40.3813506,"PABLO NERUDA, AVENIDA, DE, 95"
13.15,"443959,8300000000","4471593,5200000000",39183,VALLECAS,PALOMERASBAJAS,3,Taxi,Línea,6,"32,30",-3.6603172,40.3930576,"SIERRA DE CADI, CALLE, DE LA, 3"
13.16,"445770,8800000000","4471100,7900000000",42021,VALLECAS,PALOMERASSURESTE,154,Taxi,Batería,2,"10,00",-3.638937,40.3887387,"SAN CLAUDIO, CALLE, DE, 154"
13.17,"444452,8200000000","4471517,0300000000",42021,VALLECAS,NUMANCIA,10,Taxi,Batería,3,"9,10",-3.654502,40.3924015,"MONLEON, CALLE, DE, 10"
13.18,"444637,4600000000","4470323,3500000000",41605,VALLECAS,PORTAZGO,116 H,Taxi,Línea,3,"15,00",-3.6522228,40.3816604,"PABLO NERUDA, AVENIDA, DE, 116 H"
13.19,"445729,4900000000","4470923,1800000000",43174,VALLECAS,PALOMERASSURESTE,S/N,Taxi,Línea,2,"12,00",-3.6394095,40.3871359,"ALBUFERA, AVENIDA, DE LA, S/N"
14.01,"445021,0900000000","4473365,2800000000",43719,MORATALAZ,MARROQUINA,103,Taxi,Línea,3,"15,00",-3.6479662,40.4090894,"CAMINO DE LOS VINATEROS, CALLE, DEL, 103"
14.02,"445717,1900000000","4472228,7500000000",38393,MORATALAZ,FONTARRÓN,187,Taxi,Línea,3,"14,48",-3.6396657,40.3988965,"ENCOMIENDA DE PALACIOS, CALLE, DE LA, 187"
14.04,"446223,6600000000","4472365,5600000000",38392,MORATALAZ,PAVONES,S/N,Taxi,Línea,4,"12,07",-3.6337094,40.4001619,"HACIENDA DE PAVONES, CALLE, DE LA, S/N"
14.07,"444821,6500000000","4473037,5800000000",42038,MORATALAZ,MARROQUINA,117,Taxi,Línea,12,"60,00",-3.6502882,40.4061241,"MORATALAZ, AVENIDA, DE, 117"
14.08,"446005,1400000000","4473317,5100000000",35256,MORATALAZ,MARROQUINA,139,Taxi,Línea,4,"20,00",-3.6363651,40.4087235,"DOCTOR GARCIA TAPIA, AVENIDA, DEL, 139"
14.12,"445499,7800000000","4473396,1500000000",43719,MORATALAZ,MARROQUINA,195,Taxi,Línea,1,"8,00",-3.6423275,40.409399,"MORATALAZ, AVENIDA, DE, 195"
15.01,"445919,1200000000","4476576,5300000000",38418,LINEAL,QUINTANA,419,Taxi,Línea,4,"28,00",-3.637656,40.438077,"ALCALA, CALLE, DE, 419"
15.02,"445409,2500000000","4476277,1100000000",38398,LINEAL,QUINTANA,375,Taxi,Línea,3,"16,00",-3.6436417,40.4353464,"ALCALA, CALLE, DE, 375"
15.03,"444434,4800000000","4475938,2500000000",38394,LINEAL,QUINTANA,279,Taxi,Línea,4,"23,00",-3.6551042,40.4322292,"ALCALA, CALLE, DE, 279"
15.05,"444189,9200000000","4475335,6800000000",42033,LINEAL,VENTAS,31,Taxi,Línea,3,"15,00",-3.6579344,40.4267845,"RICARDO ORTIZ, CALLE, DE, 31"
15.06,"444180,4500000000","4476269,9600000000",38397,LINEAL,CONCEPCIÓN,29,Taxi,Línea,4,"20,00",-3.6581281,40.4352004,"VIRGEN DE LA ROCA, CALLE, DE LA, 29"
15.08,"444364,8300000000","4474919,6000000000",38394,LINEAL,VENTAS,3,Taxi,Línea,15,"39,69",-3.6558362,40.423048,"MARQUES DE CORBERA, AVENIDA, DEL, 3"
15.09,"444438,2200000000","4477256,4900000000",38400,LINEAL,SANPASCUAL,3,Taxi,Línea,9,"48,00",-3.6551754,40.4441048,"CONDESA DE VENADITO, CALLE, DE LA, 3"
15.1,"445079,4200000000","4476073,2100000000",38398,LINEAL,QUINTANA,339,Taxi,Línea,4,"20,50",-3.6475126,40.4334878,"ALCALA, CALLE, DE, 339"
15.11,"443199,3300000000","4481234,6400000000",36486,LINEAL,COSTILLARES,31 A,Taxi,Línea,6,"29,90",-3.6701393,40.4798582,"CONDADO DE TREVIÑO, CALLE, DEL, 31 A"
15.13,"443292,7100000000","4480989,7100000000",1,LINEAL,COSTILLARES,301,Taxi,Línea,3,"15,90",-3.6690157,40.4776581,"ARTURO SORIA, CALLE, DE, 301"
15.14,"444275,7600000000","4476800,4000000000",38400,LINEAL,SANPASCUAL,11,Taxi,Línea,3,"14,00",-3.6570509,40.4399853,"SALVADOR DE MADARIAGA, CALLE, DE, 11"
15.16,"444482,5600000000","4478319,6600000000",38398,LINEAL,SANJUANBAUTISTA,143,Taxi,Línea,9,"44,00",-3.6547455,40.4536854,"ARTURO SORIA, CALLE, DE, 143"
15.17,"444678,7100000000","4477881,2000000000",41446,LINEAL,SANJUANBAUTISTA,2,Taxi,Línea,14,"70,10",-3.6523941,40.4497486,"RAMIREZ DE ARELLANO, CALLE, DE, 2"
15.18,"443743,0100000000","4479901,4000000000",41269,LINEAL,COSTILLARES,102,Taxi,Línea,9,"45,00",-3.663607,40.4678847,"MESENA, CALLE, DE, 102"
15.22,"443009,2000000000","4480445,6000000000",42023,LINEAL,COSTILLARES,14,Taxi,Línea,2,"10,00",-3.6723114,40.4727371,"SERRANO GALVACHE, CALLE, DE, 14"
15.24,"445578,4200000000","4475890,1300000000",38397,LINEAL,PUEBLO NUEVO,51,Taxi,Línea,5,"25,00",-3.6416141,40.4318713,"EMILIO FERRARI, CALLE, DE, 51"
15.25,"443124,9500000000","4480839,6600000000",41407,LINEAL,COSTILLARES,frente 11,Taxi,Línea,7,"35,00",-3.6709813,40.4762949,"YERMA, CALLE, DE, frente 11"
15.27,"444327,2500000000","4475919,3300000000",38190,LINEAL,CONCEPCIÓN,269,Taxi,Línea,2,"10,00",-3.6563667,40.4320516,"ALCALA, CALLE, DE, 269"
15.28,"443276,6500000000","4480071,3300000000",38455,LINEAL,COSTILLARES,23,Taxi,Línea,3,"15,01",-3.6691231,40.4693838,"BAUSA, CALLE, DE LA, 23"
15.31,"444423,3100000000","4477638,6800000000",39794,LINEAL,SANJUANBAUTISTA,3B,Taxi,Línea,3,"15,10",-3.6553846,40.4475468,"EMILIO VARGAS, CALLE, DE, 3B"
15.33,"443472,6300000000","4480140,6700000000",40666,LINEAL,COSTILLARES,270,Taxi,Línea,3,"15,00",-3.6668176,40.4700218,"ARTURO SORIA, CALLE, DE, 270"
15.34,"444233,5600000000","4477679,9500000000",41446,LINEAL,SANJUANBAUTISTA,27,Taxi,Línea,4,"20,00",-3.6576257,40.4479059,"RAMIREZ DE ARELLANO, CALLE, DE, 27"
15.35,"445689,4600000000","4475740,0700000000",44302,LINEAL,PUEBLO NUEVO,31 B,Taxi,Línea,3,"15,00",-3.6402922,40.4305268,"ASCAO, CALLE, DE, 31 B"
16.01,"446438,6300000000","4479547,4000000000",38442,HORTALEZA,CANILLAS,11,Taxi,Línea,3,"15,00",-3.6317815,40.4648739,"MOTA DEL CUERVO, CALLE, DE, 11"
16.02,"444812,7300000000","4480195,5300000000",38442,HORTALEZA,PINARDELREY,frente 468,Taxi,Línea,9,"45,00",-3.651015,40.4706061,"LOPEZ DE HOYOS, CALLE, DE, frente 468"
16.03,"444623,2100000000","4479917,2100000000",38446,HORTALEZA,PINARDELREY,341,Taxi,Línea,3,"18,00",-3.6532262,40.4680863,"LOPEZ DE HOYOS, CALLE, DE, 341"
16.07,"444132,7500000000","4480890,0200000000",38442,HORTALEZA,APÓSTOLSANTIAGO,Fte 18,Taxi,Línea,3,"15,00",-3.659097,40.476817,"CUEVAS DEL ALMANZORA, CALLE, DE, Fte 18"
16.08,"445083,4500000000","4479375,6100000000",38448,HORTALEZA,CANILLAS,41,Taxi,Batería,2,"6,10",-3.6477507,40.4632378,"CANILLAS, CARRETERA, DE, 41"
16.09,"447989,1400000000","4478201,3400000000",38448,HORTALEZA,PALOMAS,18,Taxi,Línea,3,"15,00",-3.6133832,40.4528463,"LUIS DE LA MATA, CALLE, DE, 18"
16.11,"445295,2900000000","4478697,5600000000",44298,HORTALEZA,PIOVERA,34,Taxi,Línea,6,"27,70",-3.6451937,40.4571436,"MOSCATELAR, CALLE, DE, 34"
16.12,"447568,0400000000","4478618,2100000000",40140,HORTALEZA,PALOMAS,50,Taxi,Línea,6,"34,00",-3.6183836,40.4565753,"ANDES, AVENIDA, DE LOS, 50"
16.15,"445337,2700000000","4484342,9300000000",38630,HORTALEZA,VALDEFUENTES,4,Taxi,Línea,2,"10,00",-3.6451854,40.5080025,"JULIO CARO BAROJA, CALLE, DE, 4"
16.19,"443372,2600000000","4481975,2100000000",40252,HORTALEZA,VALDEFUENTES,20 posterior,Taxi,Línea,5,"25,00",-3.6681653,40.4865413,"MANOTERAS, AVENIDA, DE, 20 posterior"
16.2,"443300,7900000000","4482192,0400000000",40253,HORTALEZA,VALDEFUENTES,20 A,Taxi,Línea,2,"10,00",-3.6690279,40.4884898,"MANOTERAS, AVENIDA, DE, 20 A"
16.21,"444269,1300000000","4482783,2900000000",43145,HORTALEZA,VALDEFUENTES,26,Taxi,Línea,3,"13,70",-3.6576546,40.4938816,"ANA DE AUSTRIA, CALLE, DE, 26"
16.22,"444447,3200000000","4482420,8700000000",42999,HORTALEZA,VALDEFUENTES,29,Taxi,Línea,1,"5,00",-3.6555203,40.4906287,"PRINCESA DE EBOLI, CALLE, DE LA, 29"
16.23,"446541,9200000000","4480437,9500000000",40648,HORTALEZA,VALDEFUENTES,3,Taxi,Línea,3,"15,00",-3.6306383,40.4729031,"TOMAS REDONDO, CALLE, DE, 3"
16.24,"443847,5200000000","4482630,4500000000",41259,HORTALEZA,VALDEFUENTES,S/N,Taxi,Línea,7,"34,80",-3.662616,40.4924763,"FRANCISCO PI Y MARGALL, AVENIDA, DE, S/N"
16.25,"443510,4100000000","4482268,0600000000",44175,HORTALEZA,VALDEFUENTES,8,Taxi,Línea,6,"32,00",-3.6665614,40.4891889,"OÑA, CALLE, DE, 8"
16.26,"446358,0300000000","4480611,3600000000",40911,HORTALEZA,VALDEFUENTES,S/N,Taxi,Línea,8,"40,10",-3.6328221,40.4744534,"VIA DE LOS POBLADOS, CALLE, S/N"
16.27,"443806,1900000000","4480402,4600000000",42041,HORTALEZA,APÓSTOLSANTIAGO,73,Taxi,Línea,2,"10,00",-3.6629062,40.4724028,"SAN LUIS, AVENIDA, DE, 73"
16.27.1,"443812,8700000000","4480421,8000000000",42041,HORTALEZA,APÓSTOLSANTIAGO,73,Taxi,Línea,4,"20,00",-3.6628291,40.4725775,"SAN LUIS, AVENIDA, DE, 73"
16.28,"446122,9800000000","4479353,0200000000",41328,HORTALEZA,CANILLAS,S/N,Taxi,Línea,5,"20,00",-3.635488,40.4631024,"MACHUPICHU, AVENIDA, DE, S/N"
16.29,"444708,2600000000","4484732,9500000000",38463,HORTALEZA,VALDEFUENTES,30,Taxi,Línea,6,"30,00",-3.6526432,40.5114743,"MEDIODIA, CARRETERA, DEL, 30"
16.3,"447794,8100000000","4482726,0000000000",42367,HORTALEZA,VALDEFUENTES,8,Taxi,Línea,2,"10,00",-3.6160473,40.4935947,"LUIS MOYA BLANCO, CALLE, DE, 8"
16.31,"444335,1800000000","4480260,2600000000",42901,HORTALEZA,PINARDELREY,25,Taxi,Línea,2,"10,00",-3.6566537,40.4711574,"SAN LUIS, AVENIDA, DE, 25"
16.32,"447773,7600000000","4482826,0600000000",43175,HORTALEZA,VALDEFUENTES,15,Taxi,Línea,2,"9,90",-3.616304,40.4944948,"LUIS MOYA BLANCO, CALLE, DE, 15"
16.33,"445874,7800000000","4480001,9200000000",44225,HORTALEZA,CANILLAS,S/N,Taxi,Línea,3,"16,00",-3.6384708,40.4689319,"AREQUIPA, CALLE, DE, S/N"
16.34,"443408,4700000000","4482665,9400000000",44300,HORTALEZA,VALDEFUENTES,5,Taxi,Línea,6,"30,10",-3.6677998,40.4927662,"ARROYO DE VALDEBEBAS, CALLE, DEL, 5"
17.01,"440967,3600000000","4467998,6400000000",40360,VILLAVERDE,LOSÁNGELES,3,Taxi,Línea,12,"60,00",-3.6952418,40.3604662,"LA VERBENA DE LA PALOMA, AVENIDA, DE, 3"
17.04,"441273,8000000000","4467026,1900000000",39185,VILLAVERDE,LOSROSALES,S/N,Taxi,Línea,3,"15,00",-3.6915436,40.3517275,"JUAN JOSE MARTINEZ SECO, CALLE, DE, S/N"
17.09,"439784,5300000000","4466455,6800000000",38366,VILLAVERDE,CASCOHISTÓRICODEVILLAVERDE,1,Taxi,Línea,3,"18,00",-3.7090257,40.3464818,"ALBERTO PALACIOS, PASEO, DE, 1"
18.07,"448218,1500000000","4470323,2700000000",38384,VILLADEVALLECAS,SANTAEUGENIA,Fte 48,Taxi,Línea,2,"9,00",-3.6100412,40.3818899,"SANTA EUGENIA, AVENIDA, DE, Fte 48"
18.09,"447252,2600000000","4470095,2600000000",38264,VILLADEVALLECAS,CASCOHISTÓRICODEVALLECAS,1,Taxi,Línea,3,"18,00",-3.6214009,40.3797753,"REAL DE ARGANDA, CALLE, 1"
18.09.1,"447230,0600000000","4470109,9200000000",38383,VILLADEVALLECAS,CASCOHISTÓRICODEVALLECAS,47,Taxi,Línea,1,"7,00",-3.6216636,40.3799059,"SIERRA GADOR, CALLE, DE LA, 47"
18.09.2,"447215,4000000000","4470118,1000000000",38383,VILLADEVALLECAS,CASCOHISTÓRICODEVALLECAS,45,Taxi,Línea,2,"10,50",-3.621837,40.3799787,"SIERRA GADOR, CALLE, DE LA, 45"
18.1,"448728,6500000000","4470350,6200000000",42026,VILLADEVALLECAS,SANTAEUGENIA,2,Taxi,Batería,5,"15,00",-3.6040296,40.3821679,"VIRGEN DE LAS VIÑAS, CALLE, DE LA, 2"
18.11,"447636,1000000000","4470903,0400000000",39507,VILLADEVALLECAS,SANTAEUGENIA,Fte 5,Taxi,Línea,4,"22,30",-3.6169456,40.3870765,"SABINO FERNANDEZ CAMPO, CALLE, DE, Fte 5"
18.12,"449174,9100000000","4468644,9600000000",41050,VILLADEVALLECAS,ENSANCHEDEVALLECAS,53,Taxi,Línea,2,"11,00",-3.5986364,40.3668294,"LAS SUERTES, AVENIDA, DE, 53"
18.12.1,"449144,6600000000","4468664,8300000000",40302,VILLADEVALLECAS,ENSANCHEDEVALLECAS,53,Taxi,Línea,3,"15,00",-3.5989943,40.3670066,"LAS SUERTES, AVENIDA, DE, 53"
18.13,"448751,1000000000","4470155,9100000000",41050,VILLADEVALLECAS,SANTAEUGENIA,2 A,Taxi,Línea,2,"10,00",-3.6037494,40.3804152,"FUENTESPINA, CALLE, DE, 2 A"
18.14,"448826,1100000000","4468511,3500000000",41050,VILLADEVALLECAS,ENSANCHEDEVALLECAS,49,Taxi,Línea,3,"15,00",-3.6027338,40.3656044,"ENSANCHE DE VALLECAS, AVENIDA, DEL, 49"
18.15,"447966,9900000000","4469074,3600000000",44271,VILLADEVALLECAS,ENSANCHEDEVALLECAS,9,Taxi,Línea,3,"15,00",-3.612898,40.3706232,"ENSANCHE DE VALLECAS, AVENIDA, DEL, 9"
19.06,"448374,5700000000","4472804,3200000000",40116,VICÁLVARO,CASCOHISTÓRICODEVICÁLVARO,11,Taxi,Línea,3,"19,70",-3.6083997,40.4042506,"SAN CIPRIANO, CALLE, DE, 11"
19.08,"447243,8100000000","4472089,9400000000",38401,VICÁLVARO,VALDEBERNARDO,21,Taxi,Línea,5,"28,00",-3.6216656,40.3977441,"JOSE PRAT, BULEVAR, DE, 21"
19.09,"447230,5200000000","4472333,1700000000",42019,VICÁLVARO,VALDEBERNARDO,26,Taxi,Línea,3,"14,00",-3.6218424,40.3999345,"INDALECIO PRIETO, BULEVAR, DE, 26"
19.11,"449350,5700000000","4472518,2500000000",42155,VICÁLVARO,VALDERRIVAS,14,Taxi,Línea,3,"16,89",-3.5968755,40.4017335,"GRAN VIA DEL ESTE, AVENIDA, DE LA, 14"
19.14,"447953,7800000000","4473113,6200000000",43328,VICÁLVARO,CASCOHISTÓRICODEVICÁLVARO,114,Taxi,Línea,2,"10,00",-3.6133837,40.4070108,"CALAHORRA, CALLE, DE, 114"
20.01,"446788,2800000000","4474932,9200000000",44176,SAN BLAS-CANILLEJAS,AMPOSTA,89,Taxi,Línea,7,"38,30",-3.6272709,40.4233265,"INSTITUCION LIBRE DE ENSEÑANZA, AVENIDA, DE LA, 89"
20.02,"446393,6100000000","4475657,6700000000",38419,SAN BLAS-CANILLEJAS,SIMANCAS,49,Taxi,Línea,6,"29,00",-3.6319842,40.4298301,"INSTITUCION LIBRE DE ENSEÑANZA, AVENIDA, DE LA, 49"
20.03,"447344,1200000000","4475096,9900000000",37055,SAN BLAS-CANILLEJAS,AMPOSTA,S/N,Taxi,Línea,5,"20,00",-3.6207325,40.4248399,"AMPOSTA, CALLE, DE, S/N"
20.07,"448322,0800000000","4477702,9400000000",40232,SAN BLAS-CANILLEJAS,CANILLEJAS,628,Taxi,Línea,4,"20,00",-3.6094164,40.4483772,"ALCALA, CALLE, DE, 628"
20.08,"447767,6000000000","4475645,8700000000",42019,SAN BLAS-CANILLEJAS,HELLÍN,42,Taxi,Batería,3,"15,00",-3.6157857,40.4298112,"HELLIN, AVENIDA, DE, 42"
20.09.1,"446700,1600000000","4477640,9800000000",38415,SAN BLAS-CANILLEJAS,SALVADOR,34,Taxi,Línea,5,"16,00",-3.6285368,40.4477166,"JUAN IGNACIO LUCA DE TENA, CALLE, DE, 34"
20.1,"447308,9200000000","4474459,5000000000",42021,SAN BLAS-CANILLEJAS,ARCOS,4,Taxi,Línea,5,"25,00",-3.6210946,40.4190948,"GUADALAJARA, AVENIDA, DE, 4"
20.14,"448522,8500000000","4475635,3200000000",42019,SAN BLAS-CANILLEJAS,ROSAS,37,Taxi,Línea,3,"15,00",-3.6068814,40.4297633,"NIZA, AVENIDA, DE, 37"
20.15,"447870,6400000000","4477351,7200000000",42020,SAN BLAS-CANILLEJAS,CANILLEJAS,581,Taxi,Línea,4,"20,10",-3.6147109,40.445185,"ALCALA, CALLE, DE, 581"
20.16,"448714,3500000000","4475403,5200000000",42021,SAN BLAS-CANILLEJAS,ROSAS,64,Taxi,Línea,2,"10,00",-3.6046052,40.4276869,"SUECIA, CALLE, DE, 64"
20.17,"451108,9400000000","4477709,5900000000",42020,SAN BLAS-CANILLEJAS,REJAS,S/N,Taxi,Línea,3,"15,10",-3.5765543,40.4486057,"ARAGON, AVENIDA, DE, S/N"
20.18,"446402,0900000000","4476723,6800000000",38103,SAN BLAS-CANILLEJAS,SIMANCAS,476,Taxi,Línea,2,"9,90",-3.6319741,40.4394339,"ALCALA, CALLE, DE, 476"
20.19,"446359,4200000000","4476106,6700000000",38278,SAN BLAS-CANILLEJAS,SIMANCAS,Fte 4,Taxi,Línea,3,"15,00",-3.6324252,40.4338728,"JULIAN CAMARILLO, CALLE, DE, Fte 4"
20.2,"446001,4500000000","4477646,4400000000",39797,SAN BLAS-CANILLEJAS,SALVADOR,5,Taxi,Línea,3,"15,00",-3.6367763,40.4477207,"JUAN RIZI, CALLE, DE, 5"
20.21,"450586,0600000000","4477438,2700000000",42020,SAN BLAS-CANILLEJAS,REJAS,S/N,Taxi,Línea,2,"10,10",-3.582699,40.4461306,"CAMPEZO, CALLE, DE, S/N"
20.22,"445607,2800000000","4477773,3200000000",39989,SAN BLAS-CANILLEJAS,SALVADOR,40,Taxi,Batería,3,"7,21",-3.6414351,40.448838,"JOSEFA VALCARCEL, CALLE, DE, 40"
20.23,"448520,1500000000","4475068,5700000000",42019,SAN BLAS-CANILLEJAS,ROSAS,8,Taxi,Línea,3,"16,00",-3.6068674,40.4246575,"GINEBRA, PASEO, DE, 8"
20.25,"450622,0000000000","4477640,7300000000",40672,SAN BLAS-CANILLEJAS,REJAS,4,Taxi,Línea,5,"25,00",-3.5822909,40.4479566,"CAMPEZO, CALLE, DE, 4"
20.26,"450617,5800000000","4477596,7400000000",40672,SAN BLAS-CANILLEJAS,REJAS,S/N,Taxi,Línea,5,"20,00",-3.5823396,40.44756,"CAMPEZO, CALLE, DE, S/N"
20.27,"447432,8600000000","4477043,3500000000",40743,SAN BLAS-CANILLEJAS,SIMANCAS,Fte 69,Taxi,Línea,4,"20,10",-3.6198474,40.4423795,"CRONOS, CALLE, DE, Fte 69"
20.28,"448600,8600000000","4476071,2500000000",42993,SAN BLAS-CANILLEJAS,ROSAS,100 E,Taxi,Línea,5,"25,00",-3.605997,40.4336952,"SUECIA, CALLE, DE, 100 E"
20.3,"447057,3200000000","4477651,4700000000",44103,SAN BLAS-CANILLEJAS,SALVADOR,5,Taxi,Batería,8,"21,00",-3.6243261,40.447834,"MARQUESADO DE SANTA MARTA, CALLE, DEL, 5"
20.31,"446519,6500000000","4476410,9000000000",43304,SAN BLAS-CANILLEJAS,SIMANCAS,9,Taxi,Línea,3,"15,00",-3.6305618,40.4366238,"ALBASANZ, CALLE, DE, 9"
20.32,"445991,1600000000","4476395,9600000000",44161,SAN BLAS-CANILLEJAS,SIMANCAS,17 B,Taxi,Línea,2,"10,00",-3.6367913,40.436455,"INSTITUCION LIBRE DE ENSEÑANZA, AVENIDA, DE LA, 17 B"
21.01,"450634,9800000000","4478833,6500000000",40838,BARAJAS,ALAMEDADEOSUNA,27,Taxi,Batería,5,"12,00",-3.5822306,40.4587039,"GALEON, CALLE, DEL, 27"
21.02,"450992,8900000000","4480495,0200000000",38408,BARAJAS,CASCOHISTÓRICODEBARAJAS,2,Taxi,Batería,10,"27,00",-3.5781378,40.4736917,"MAYOR DE BARAJAS, PLAZA, 2"
21.04,"450121,8600000000","4478475,5500000000",38414,BARAJAS,ALAMEDADEOSUNA,S/N,Taxi,Línea,4,"22,00",-3.5882541,40.4554473,"NAVIO, PLAZA, DEL, S/N"
21.05,"450126,0300000000","4478194,5300000000",38414,BARAJAS,ALAMEDADEOSUNA,1,Taxi,Línea,4,"20,00",-3.5881829,40.4529159,"MAR, PLAZA, DEL, 1"
21.07,"447816,7500000000","4479156,4400000000",38384,BARAJAS,CORRALEJOS,4,Taxi,Línea,5,"25,00",-3.6154947,40.4614396,"CAPITAL DE ESPAÑA MADRID, AVENIDA, DE LA, 4"
21.07.1,"447805,3300000000","4479221,0900000000",38384,BARAJAS,CORRALEJOS,6,Taxi,Línea,1,"6,00",-3.6156347,40.4620213,"CAPITAL DE ESPAÑA MADRID, AVENIDA, DE LA, 6"
21.08,"447712,4400000000","4479380,5900000000",39982,BARAJAS,CORRALEJOS,10,Taxi,Línea,6,"32,00",-3.6167434,40.4634523,"PARTENON, AVENIDA, DEL, 10"
21.09,"449606,4100000000","4477999,2900000000",38418,BARAJAS,ALAMEDADEOSUNA,3,Taxi,Línea,3,"17,00",-3.5942951,40.4511258,"OBENQUE, CALLE, DEL, 3"
21.1,"447378,5600000000","4479232,9300000000",40910,BARAJAS,CORRALEJOS,S/N,Taxi,Línea,15,"75,00",-3.6206692,40.462101,"RIBERA DEL LOIRA, CALLE, DE LA, S/N"
21.11,"447631,9600000000","4479019,9600000000",40910,BARAJAS,CORRALEJOS,S/N,Taxi,Línea,12,"60,00",-3.6176629,40.4601985,"RIBERA DEL LOIRA, CALLE, DE LA, S/N"
21.12,"451626,6700000000","4479403,1100000000",38322,BARAJAS,AEROPUERTO,T1,Taxi,Línea,404,"359,30",-3.5705782,40.4638923,"BARAJAS, AEROPUERTO, DE, T1"
21.13,"451700,7000000000","4479900,2200000000",38322,BARAJAS,AEROPUERTO,T2y3,Taxi,Línea,1200,"6000,00",-3.5697429,40.4683749,"BARAJAS, AEROPUERTO, DE, T2y3"
21.14,"449725,2800000000","4482457,8300000000",38776,BARAJAS,TIMÓN,T4,Taxi,Línea,1360,"266,30",-3.5932467,40.4912981,"BARAJAS, AEROPUERTO, DE, T4"
21.15,"450666,0200000000","4480726,4000000000",40557,BARAJAS,CASCOHISTÓRICODEBARAJAS,18,Taxi,Línea,3,"19,50",-3.5820117,40.4757568,"PAJARONES, CALLE, DE LOS, 18"
21.16,"450779,4700000000","4480114,0200000000",40480,BARAJAS,CASCOHISTÓRICODEBARAJAS,36,Taxi,Línea,2,"13,00",-3.5806258,40.4702469,"GENERAL, AVENIDA, 36"
21.17,"447124,9400000000","4479582,8300000000",40910,BARAJAS,CORRALEJOS,20,Taxi,Línea,8,"40,00",-3.6236896,40.465237,"RIBERA DEL LOIRA, CALLE, DE LA, 20"
21.18,"448332,5200000000","4481512,3600000000",44273,BARAJAS,TIMÓN,S/N,Taxi,Batería,5,"15,00",-3.6096035,40.4826953,"FUERZAS ARMADAS, AVENIDA, DE LAS, S/N"
21.19,"448792,6700000000","4481706,0700000000",44273,BARAJAS,TIMÓN,S/N,Taxi,Batería,15,"45,00",-3.6041903,40.4844688,"JULIO CANO LASSO, CALLE, DE, S/N"
