Nº  EXPEDIENTE;FECHA;HORA;CALLE;NÚMERO;DISTRITO;TIPO ACCIDENTE;ESTADO METEREOLÓGICO;TIPO VEHÍCULO;TIPO PERSONA;RANGO DE EDAD;SEXO;LESIVIDAD*
2021S000047;01/01/2021;11:38;CALL. JOSE BERGAMIN / CALL. FLORENCIO CANO CRISTOBAL;-;MORATALAZ;Caída;Despejado;Bicicleta;Conductor;DE 45 A 49 AÑOS;Hombre;02
2021S000142;04/01/2021;11:30;WANDA METROPOLITANO PARQUE FAROLA 20;-;SAN BLAS-CANILLEJAS;Caída;Despejado;Bicicleta;Conductor;DE 21 A 24 AÑOS;Hombre;14
2021S000142;04/01/2021;11:30;WANDA METROPOLITANO PARQUE FAROLA 20;-;SAN BLAS-CANILLEJAS;Caída;Despejado;Bicicleta;Conductor;DE 15 A 17 AÑOS;Hombre;14
2021S000142;04/01/2021;11:30;WANDA METROPOLITANO PARQUE FAROLA 20;-;SAN BLAS-CANILLEJAS;Caída;Despejado;Bicicleta;Conductor;DE 18 A 20 AÑOS;Hombre;14
2021S000142;04/01/2021;11:30;WANDA METROPOLITANO PARQUE FAROLA 20;-;SAN BLAS-CANILLEJAS;Caída;Despejado;Bicicleta;Conductor;DE 50 A 54 AÑOS;Hombre;06
2021S000225;04/01/2021;10:40;PASEO. PRADO / PLAZA. MURILLO;-;RETIRO;Alcance;Despejado;Bicicleta;Conductor;DE 40 A 44 AÑOS;Hombre;07
2021S000204;05/01/2021;16:35;PLAZA EMPERADOR V; Nº11;CENTRO;Colisión fronto-lateral;Despejado;Bicicleta;Conductor;DE 18 A 20 AÑOS;Hombre;
2021S000391;11/01/2021;22:45;CALL. MIGUEL SERVET;13;CENTRO;Caída;Despejado;Bicicleta EPAC (pedaleo asistido);Conductor;DE 35 A 39 AÑOS;Hombre;01
2021S000393;11/01/2021;14:15;CALL. SAN DALMACIO;39;VILLAVERDE;Choque contra obstáculo fijo;Despejado;Bicicleta EPAC (pedaleo asistido);Conductor;DE 60 A 64 AÑOS;Mujer;01
2021S000511;16/01/2021;18:50;AVDA. CIUDAD DE BARCELONA;144;RETIRO;Alcance;Despejado;Bicicleta;Conductor;DE 21 A 24 AÑOS;Hombre;03
2021S000669;17/01/2021;20:45;PASEO. SANTA MARIA DE LA CABEZA / PASEO. ESPERANZA;-;ARGANZUELA;Caída;Despejado;Bicicleta EPAC (pedaleo asistido);Conductor;DE 25 A 29 AÑOS;Mujer;01
2021S000675;18/01/2021;22:42;RONDA. VALENCIA;5;ARGANZUELA;Alcance;Despejado;Bicicleta;Conductor;DE 25 A 29 AÑOS;Hombre;01
2021S000806;22/01/2021;23:25;CALL. BRAVO MURILLO;97;CHAMBERÍ;Caída;;Bicicleta;Conductor;DE 25 A 29 AÑOS;Hombre;
2021S000853;23/01/2021;22:00;CALL. SANTA ENGRACIA;33;CHAMBERÍ;Colisión fronto-lateral;Nublado;Bicicleta EPAC (pedaleo asistido);Conductor;DE 21 A 24 AÑOS;Hombre;07
2021S000933;23/01/2021;11:40;PASEO. YESERIAS / CALL. MELILLA;-;ARGANZUELA;Colisión lateral;Despejado;Bicicleta;Conductor;DE 45 A 49 AÑOS;Hombre;07
2021S000898;24/01/2021;15:35;CALL. ALMIRANTE / PASEO. RECOLETOS;-;CENTRO;Colisión fronto-lateral;;Bicicleta;Conductor;DE 30 A 34 AÑOS;Hombre;
2021S000931;24/01/2021;1:30;PLAZA. CANOVAS DEL CASTILLO;5;CENTRO;Atropello a persona;Despejado;Bicicleta;Conductor;DE 35 A 39 AÑOS;Hombre;14
2021S000931;24/01/2021;1:30;PLAZA. CANOVAS DEL CASTILLO;5;CENTRO;Atropello a persona;Despejado;Bicicleta;Peatón;DE 60 A 64 AÑOS;Mujer;07
2021S000957;25/01/2021;19:20;CALL. JORGE JUAN / CALL. CASTELLO;-;SALAMANCA;Caída;Nublado;Bicicleta EPAC (pedaleo asistido);Conductor;DE 35 A 39 AÑOS;Hombre;06
2021S001084;26/01/2021;23:10;CALL. GRAN VIA;66;CENTRO;Colisión lateral;Despejado;Bicicleta;Conductor;DESCONOCIDA;;
2021S001066;26/01/2021;22:30;CALL. ARENAL / CALL. DONADOS;-;CENTRO;Colisión fronto-lateral;Despejado;Bicicleta EPAC (pedaleo asistido);Conductor;DE 18 A 20 AÑOS;Hombre;01
2021S001062;26/01/2021;20:25;CALL. PRINCIPE DE VERGARA;113;CHAMARTÍN;Caída;Despejado;Bicicleta EPAC (pedaleo asistido);Conductor;DE 35 A 39 AÑOS;Mujer;07
2021S001043;26/01/2021;7:25;GTA. SANTA MARIA DE LA CABEZA / GTA. EMBAJADORES;-;ARGANZUELA;Caída;Lluvia débil;Bicicleta;Conductor;DE 30 A 34 AÑOS;Mujer;06
2021S001122;27/01/2021;22:10;CALL. ORENSE / CALL. SOR ANGELA DE LA CRUZ;-;TETUÁN;Alcance;Despejado;Bicicleta;Conductor;DE 30 A 34 AÑOS;Hombre;02
2021S001109;28/01/2021;17:40;CALL. JUAN DE URBIETA;3;RETIRO;Caída;Despejado;Bicicleta;Conductor;DE 35 A 39 AÑOS;Hombre;01
2021S001184;29/01/2021;23:45;CALL. VILLANUEVA / CALL. VELAZQUEZ;-;SALAMANCA;Caída;Despejado;Bicicleta;Conductor;DE 40 A 44 AÑOS;Hombre;02
2021S001213;29/01/2021;18:30;CALL. PRINCIPE DE VERGARA;24;SALAMANCA;Colisión frontal;Despejado;Bicicleta;Conductor;DE 40 A 44 AÑOS;Hombre;
2021S001149;29/01/2021;16:27;AVDA. COMPLUTENSE;14;MONCLOA-ARAVACA;Colisión frontal;Despejado;Bicicleta EPAC (pedaleo asistido);Conductor;DE 18 A 20 AÑOS;Mujer;06
2021S001149;29/01/2021;16:27;AVDA. COMPLUTENSE;14;MONCLOA-ARAVACA;Colisión frontal;Despejado;Bicicleta EPAC (pedaleo asistido);Conductor;DE 21 A 24 AÑOS;Hombre;14
2021S001147;29/01/2021;16:00;PLAZA. LAVAPIES;1;CENTRO;Caída;Nublado;Bicicleta;Conductor;DE 40 A 44 AÑOS;Mujer;01
2021S001209;29/01/2021;14:55;CALL. BRAVO MURILLO / CALL. SANTA JULIANA;-;TETUÁN;Colisión fronto-lateral;;Bicicleta;Conductor;DESCONOCIDA;;
2021S001227;30/01/2021;20:00;CALL. DOCTOR ESQUERDO / CALL. PEZ VOLADOR;-;RETIRO;Caída;Nublado;Bicicleta EPAC (pedaleo asistido);Conductor;DE 35 A 39 AÑOS;Hombre;14
2021S001294;30/01/2021;19:30;CALL. CONCEJAL FRANCISCO JOSE JIMENEZ MARTIN;16;LATINA;Choque contra obstáculo fijo;Despejado;Bicicleta;Conductor;DE 18 A 20 AÑOS;Hombre;02
2021S001219;30/01/2021;15:00;CALL. ALMAGRO;7;CHAMBERÍ;Alcance;Despejado;Bicicleta;Conductor;DE 25 A 29 AÑOS;Mujer;
2021S001304;31/01/2021;20:25;CALL. SERRANO;102;SALAMANCA;Caída;Despejado;Bicicleta;Conductor;DE 21 A 24 AÑOS;Hombre;06
2021S001449;31/01/2021;15:55;AVDA. MONFORTE DE LEMOS;32;FUENCARRAL-EL PARDO;Alcance;Despejado;Bicicleta;Conductor;DE 35 A 39 AÑOS;Hombre;07
2021S001330;31/01/2021;15:40;CALL. ARROYO FONTARRON / CALL. ENCOMIENDA DE PALACIOS;-;MORATALAZ;Caída;Lluvia débil;Bicicleta;Conductor;DE 25 A 29 AÑOS;Hombre;07
2021S001289;31/01/2021;13:50;PLAZA. CIBELES;1;RETIRO;Colisión lateral;Despejado;Bicicleta;Conductor;DE 35 A 39 AÑOS;Hombre;
2021S001284;31/01/2021;12:55;CALL. HERMOSILLA;59;SALAMANCA;Caída;Despejado;Bicicleta EPAC (pedaleo asistido);Conductor;DE 30 A 34 AÑOS;Mujer;02
2021S001423;31/01/2021;9:00;CALL. VILLAMANIN;35;LATINA;Colisión fronto-lateral;;Bicicleta;Conductor;DE 55 A 59 AÑOS;Hombre;
2021S001326;01/02/2021;13:05;CALL. ANDALUCES DEL POZO / CALL. ANDALUCES DEL POZO;-;PUENTE DE VALLECAS;Colisión fronto-lateral;Despejado;Bicicleta;Conductor;DE 6 A 9 AÑOS;Hombre;07
2021S001366;01/02/2021;9:40;PQUE. MADRID RIO, +00650I;-;ARGANZUELA;Caída;Despejado;Bicicleta;Conductor;DE 21 A 24 AÑOS;Mujer;01
2021S001370;02/02/2021;9:05;PASEO. ERMITA DEL SANTO / PASEO. ERMITA DEL SANTO;-;CARABANCHEL;Caída;Nublado;Bicicleta;Conductor;DE 25 A 29 AÑOS;Hombre;02
2021S001532;03/02/2021;18:43;CALL. PLANETA TIERRA;6;ARGANZUELA;Choque contra obstáculo fijo;Lluvia débil;Bicicleta;Conductor;DE 55 A 59 AÑOS;Hombre;07
2021S001484;04/02/2021;8:10;PLAZA. MARQUES DE SALAMANCA / CALL. JOSE ORTEGA Y GASSET;-;SALAMANCA;Caída;Lluvia débil;Bicicleta EPAC (pedaleo asistido);Conductor;DE 35 A 39 AÑOS;Mujer;02
2021S001645;06/02/2021;14:45;CALL. SERRANO;45;SALAMANCA;Caída;Despejado;Bicicleta;Conductor;DE 18 A 20 AÑOS;Mujer;05
2021S001690;06/02/2021;14:00;PLAZA. CORREGIDOR SANCHO DE CORDOBA / CALL. ARROYO DE LAS PILILLAS;-;MORATALAZ;Colisión lateral;;Bicicleta EPAC (pedaleo asistido);Conductor;DE 30 A 34 AÑOS;Hombre;
2021S001909;06/02/2021;12:42;GTA. ANTONIO BONET / AVDA. FRANCISCO JAVIER SAENZ DE OIZA;-;HORTALEZA;Colisión fronto-lateral;Despejado;Bicicleta;Conductor;DE 55 A 59 AÑOS;Hombre;01
2021S001709;07/02/2021;15:00;AVDA. LUIS ARAGONES / PLAZA. GRECIA;-;SAN BLAS-CANILLEJAS;Caída;Despejado;Bicicleta;Conductor;DE 10 A 14 AÑOS;Hombre;07
2021S001696;07/02/2021;12:10;GTA. CARLOS LLAMAS;0;SAN BLAS-CANILLEJAS;Colisión fronto-lateral;Despejado;Bicicleta;Conductor;DE 40 A 44 AÑOS;Hombre;02
2021S001696;07/02/2021;12:10;GTA. CARLOS LLAMAS;0;SAN BLAS-CANILLEJAS;Colisión fronto-lateral;Despejado;Bicicleta;Conductor;DE 60 A 64 AÑOS;Hombre;14
2021S001691;07/02/2021;11:05;CALL. DIAMANTE / CTRA. VILLAVERDE A VALLECAS;-;VILLAVERDE;Colisión fronto-lateral;Despejado;Bicicleta;Conductor;DE 40 A 44 AÑOS;Hombre;01
2021S001742;07/02/2021;10:51;AVDA. FRANCISCO JAVIER SAENZ DE OIZA / CALL. ALBERTO DE PALACIO;-;HORTALEZA;Colisión lateral;Despejado;Bicicleta;Conductor;DE 25 A 29 AÑOS;Hombre;07
2021S001804;08/02/2021;10:50;AVDA. MEMORIA / PLAZA. CARDENAL CISNEROS;-;MONCLOA-ARAVACA;Caída;Lluvia débil;Bicicleta;Conductor;DE 25 A 29 AÑOS;Mujer;02
2021S001868;10/02/2021;15:45;AVDA. LOS ROSALES;131;VILLAVERDE;Alcance;Despejado;Bicicleta;Conductor;DE 55 A 59 AÑOS;Hombre;
2021S001854;10/02/2021;9:50;CALL. ALCALA;48;CENTRO;Caída;Nublado;Bicicleta EPAC (pedaleo asistido);Conductor;DE 35 A 39 AÑOS;Mujer;07
2021S001947;11/02/2021;20:30;CALL. GENERAL RICARDOS;95;CARABANCHEL;Caída;Lluvia débil;Bicicleta;Conductor;DE 25 A 29 AÑOS;Mujer;07
2021S002241;11/02/2021;17:50;CALL. VALCARLOS / CALL. QUINTANAVIDES;-;FUENCARRAL-EL PARDO;Caída;Despejado;Bicicleta;Conductor;DE 45 A 49 AÑOS;Hombre;07
2021S001998;12/02/2021;20:30;PASEO. CASTELLANA;67;CHAMBERÍ;Colisión fronto-lateral;Despejado;Bicicleta;Conductor;DE 25 A 29 AÑOS;Mujer;06
2021S002054;13/02/2021;17:15;AVDA. MIGUEL HERNANDEZ;116;PUENTE DE VALLECAS;Alcance;Despejado;Bicicleta;Conductor;DE 35 A 39 AÑOS;Hombre;01
2021S002054;13/02/2021;17:15;AVDA. MIGUEL HERNANDEZ;116;PUENTE DE VALLECAS;Alcance;Despejado;Bicicleta;Conductor;DE 35 A 39 AÑOS;Hombre;14
2021S002050;13/02/2021;16:20;CALL. ANICETO MARINAS;74;MONCLOA-ARAVACA;Caída;Despejado;Bicicleta;Conductor;DE 25 A 29 AÑOS;Hombre;07
2021S002050;13/02/2021;16:20;CALL. ANICETO MARINAS;74;MONCLOA-ARAVACA;Caída;Despejado;Bicicleta;Peatón;DESCONOCIDA;Mujer;14
2021S002047;13/02/2021;15:00;PASEO. CASTELLANA;243;TETUÁN;Caída;Despejado;Bicicleta;Conductor;DE 40 A 44 AÑOS;Hombre;07
2021S002188;15/02/2021;18:30;CALL. ALFONSO XII;18;RETIRO;Caída;Despejado;Bicicleta EPAC (pedaleo asistido);Conductor;DE 45 A 49 AÑOS;Mujer;01
2021S002163;15/02/2021;11:40;GTA. MARQUES DE VADILLO / CALL. ANTONIO DE LEYVA;-;CARABANCHEL;Alcance;Despejado;Bicicleta EPAC (pedaleo asistido);Conductor;DE 40 A 44 AÑOS;Hombre;
2021S002207;15/02/2021;8:30;PASEO. CASTELLANA / CALL. PADRE FRANCISCO PALAU Y QUER;-;CHAMARTÍN;Colisión lateral;Despejado;Bicicleta;Conductor;DE 45 A 49 AÑOS;Hombre;14
2021S002248;16/02/2021;21:00;CALL. BEJAR / CALL. AGUSTIN DURAN;-;SALAMANCA;Colisión fronto-lateral;Despejado;Bicicleta;Conductor;DE 25 A 29 AÑOS;Hombre;02
2021S002631;16/02/2021;18:00;CALL. VALLE DE PINARES LLANOS / CALL. RISCOS DE POLANCO;-;FUENCARRAL-EL PARDO;Caída;Despejado;Bicicleta;Conductor;DE 35 A 39 AÑOS;Mujer;07
2021S002235;16/02/2021;14:20;PASEO DE LA CASTELLANA;2;SALAMANCA;Alcance;Despejado;Bicicleta;Conductor;DE 35 A 39 AÑOS;Hombre;
2021S002349;17/02/2021;19:15;AVDA. PLANETARIO;12;ARGANZUELA;Alcance;Despejado;Bicicleta;Conductor;DE 40 A 44 AÑOS;Hombre;07
2021S002359;18/02/2021;20:25;AVDA. INSTITUCION LIBRE DE ENSEÑANZA;41;SAN BLAS-CANILLEJAS;Colisión lateral;Despejado;Bicicleta;Conductor;DE 25 A 29 AÑOS;Hombre;
2021S002498;18/02/2021;19:40;GTA. ANTONIO PERPIÑA / AVDA. JUAN ANTONIO SAMARANCH;-;HORTALEZA;Colisión lateral;Despejado;Bicicleta;Conductor;DE 35 A 39 AÑOS;Hombre;07
2021S002354;18/02/2021;18:30;CALL. SEDANO / CALL. PRADO ALEGRE;-;LATINA;Colisión fronto-lateral;Despejado;Bicicleta;Conductor;DE 10 A 14 AÑOS;Hombre;07
2021S002327;18/02/2021;15:25;CALL. GUTIERREZ SOLANA / CALL. MARCELIANO SANTA MARIA;-;CHAMARTÍN;Colisión fronto-lateral;Despejado;Bicicleta;Conductor;DE 50 A 54 AÑOS;Hombre;03
2021S002416;19/02/2021;21:15;CALL. ALHAMBRA;30;LATINA;Colisión lateral;Despejado;Bicicleta EPAC (pedaleo asistido);Conductor;DE 30 A 34 AÑOS;Hombre;03
2021S003057;19/02/2021;20:20;CALL. NUESTRA SEÑORA DE VALVERDE;138;FUENCARRAL-EL PARDO;Caída;Despejado;Bicicleta;Conductor;DE 35 A 39 AÑOS;Hombre;14
2021S002401;19/02/2021;18:28;CALL. CAPITAN BLANCO ARGIBAY;210;TETUÁN;Colisión fronto-lateral;Despejado;Bicicleta;Conductor;DE 50 A 54 AÑOS;Hombre;07
2021S002810;19/02/2021;18:10;CALL. SANDALIA NAVAS;17;FUENCARRAL-EL PARDO;Caída;Despejado;Bicicleta;Conductor;DE 15 A 17 AÑOS;Hombre;02
2021S002806;19/02/2021;14:30;CALL. MORALZARZAL, 61, PISTAS DEPORTIVAS;-;FUENCARRAL-EL PARDO;Caída;Despejado;Bicicleta;Conductor;DE 10 A 14 AÑOS;Hombre;02
2021S002383;19/02/2021;12:10;AVDA. POBLADOS / AVDA. ABRANTES;-;CARABANCHEL;Choque contra obstáculo fijo;Despejado;Bicicleta;Conductor;DE 70 A 74 AÑOS;Hombre;02
2021S002558;20/02/2021;18:10;CALL. EMBAJADORES / CALL. SEBASTIAN HERRERA;-;ARGANZUELA;Caída;Despejado;Bicicleta;Conductor;DE 25 A 29 AÑOS;Hombre;02
2021S002548;20/02/2021;13:15;CALL. SANCHIDRIAN; 13A;LATINA;Colisión lateral;Despejado;Bicicleta;Conductor;DE 45 A 49 AÑOS;Hombre;07
2021S002541;20/02/2021;13:15;PLAZA. EMPERADOR CARLOS V;8;CENTRO;Colisión lateral;Despejado;Bicicleta;Conductor;DE 35 A 39 AÑOS;Mujer;07
2021S002603;21/02/2021;13:30;CALL. ARROYO FONTARRON;24;MORATALAZ;Caída;Lluvia débil;Bicicleta;Conductor;DE 45 A 49 AÑOS;Hombre;02
2021S002645;22/02/2021;20:40;CALL. SAN BERNARDO;55;CENTRO;Atropello a persona;Despejado;Bicicleta;Conductor;DE 35 A 39 AÑOS;Hombre;14
2021S002645;22/02/2021;20:40;CALL. SAN BERNARDO;55;CENTRO;Atropello a persona;Despejado;Bicicleta;Peatón;DE 70 A 74 AÑOS;Hombre;05
2021S002629;22/02/2021;17:00;PLAZA. EMPERADOR CARLOS V / CALL. ATOCHA;-;CENTRO;Colisión lateral;Despejado;Bicicleta;Conductor;DE 21 A 24 AÑOS;Mujer;06
2021S002693;23/02/2021;22:40;CALL. SERRANO;22;SALAMANCA;Alcance;Despejado;Bicicleta EPAC (pedaleo asistido);Conductor;DE 25 A 29 AÑOS;Mujer;01
2021S002721;24/02/2021;17:55;CALL. BRAVO MURILLO;175;TETUÁN;Colisión fronto-lateral;Despejado;Bicicleta;Conductor;DE 21 A 24 AÑOS;Mujer;
2021S002714;24/02/2021;15:05;CALL. JOSE ORTEGA Y GASSET / CALL. NUÑEZ DE BALBOA;-;SALAMANCA;Alcance;Despejado;Bicicleta;Conductor;DE 25 A 29 AÑOS;Hombre;
2021S003061;26/02/2021;19:50;PASEO. ACACIAS / CALL. RIBERA DE CURTIDORES;-;ARGANZUELA;Caída;Despejado;Bicicleta;Conductor;DE 40 A 44 AÑOS;Hombre;07
2021S002817;26/02/2021;19:29;CALL. HORTALEZA;100;CENTRO;Colisión lateral;Se desconoce;Bicicleta;Conductor;DE 30 A 34 AÑOS;Hombre;07
2021S002812;26/02/2021;14:45;CALL. RIBERA DE CURTIDORES;25;CENTRO;Caída;Despejado;Bicicleta;Conductor;DE 30 A 34 AÑOS;Hombre;06
2021S002807;26/02/2021;14:15;AVDA. ENTREVIAS / CALL. MENDEZ ALVARO;-;PUENTE DE VALLECAS;Colisión lateral;Despejado;Bicicleta;Conductor;DE 21 A 24 AÑOS;Hombre;07
2021S002855;26/02/2021;6:25;CALL. GENERAL RICARDOS / CALL. FRANCISCO ROMERO;-;CARABANCHEL;Colisión fronto-lateral;Despejado;Bicicleta;Conductor;DE 35 A 39 AÑOS;Mujer;05
2021S003050;27/02/2021;21:20;CALL. EDUARDO BARREIROS;21;USERA;Otro;Despejado;Bicicleta;Conductor;DE 35 A 39 AÑOS;Mujer;07
2021S002908;27/02/2021;19:15;PASEO. EMBARCADERO;1;MONCLOA-ARAVACA;Caída;Despejado;Bicicleta;Conductor;DE 30 A 34 AÑOS;Hombre;06
2021S002879;27/02/2021;11:55;CALL. SEGOVIA;8;CENTRO;Caída;Despejado;Bicicleta;Conductor;DE 60 A 64 AÑOS;Hombre;01
2021S003008;28/02/2021;17:15;PASEO. PRADO;9;RETIRO;Colisión lateral;Despejado;Bicicleta;Conductor;DE 30 A 34 AÑOS;Hombre;07
2021S002961;28/02/2021;11:30;CALL. ALCALA;29;CENTRO;Colisión lateral;Despejado;Bicicleta;Conductor;DE 70 A 74 AÑOS;Hombre;07
2021S003217;03/03/2021;17:09;CALL. BRUJAS / CALL. ATENAS;-;MORATALAZ;Atropello a persona;Despejado;Bicicleta;Conductor;DE 50 A 54 AÑOS;Hombre;14
2021S003217;03/03/2021;17:09;CALL. BRUJAS / CALL. ATENAS;-;MORATALAZ;Atropello a persona;Despejado;Bicicleta;Peatón;DE 0 A 5 AÑOS;Hombre;06
2021S003556;04/03/2021;15:58;PLAZA. BEATA MARIA ANA DE JESUS;1;ARGANZUELA;Colisión lateral;Despejado;Bicicleta;Conductor;DE 50 A 54 AÑOS;Hombre;01
2021S003209;04/03/2021;15:35;CALL. FLORENCIO CANO CRISTOBAL / CALL. JOSE BERGAMIN;-;MORATALAZ;Colisión fronto-lateral;Despejado;Bicicleta;Conductor;DE 15 A 17 AÑOS;Hombre;14
2021S003207;04/03/2021;15:30;CALL. BRAVO MURILLO;145;TETUÁN;Colisión múltiple;Despejado;Bicicleta;Conductor;DE 25 A 29 AÑOS;Hombre;02
2021S003197;04/03/2021;11:30;AVDA. MARTIRES MARISTAS; 2E;MONCLOA-ARAVACA;Colisión fronto-lateral;Despejado;Bicicleta;Conductor;MAYOR DE 74 AÑOS;Hombre;03
2021S003348;05/03/2021;21:51;CALL. TORPEDERO TUCUMAN;24;CHAMARTÍN;Caída;Despejado;Bicicleta;Conductor;DE 18 A 20 AÑOS;Hombre;01
2021S003278;05/03/2021;17:30;GTA. RUBEN DARIO / PASEO. EDUARDO DATO;-;CHAMBERÍ;Colisión fronto-lateral;Despejado;Bicicleta EPAC (pedaleo asistido);Conductor;DE 45 A 49 AÑOS;Mujer;
2021S003361;06/03/2021;19:35;CALL. SANTA ENGRACIA;71;CHAMBERÍ;Caída;Despejado;Bicicleta EPAC (pedaleo asistido);Conductor;DE 21 A 24 AÑOS;Hombre;02
2021S003426;06/03/2021;16:40;CALL. JUAN BRAVO / CALL. NUÑEZ DE BALBOA;-;SALAMANCA;Colisión fronto-lateral;Despejado;Bicicleta;Conductor;DE 35 A 39 AÑOS;Hombre;07
2021S003345;06/03/2021;13:35;AVDA. BUENOS AIRES / AVDA. MIGUEL HERNANDEZ;-;PUENTE DE VALLECAS;Caída;Despejado;Bicicleta;Conductor;DE 50 A 54 AÑOS;Mujer;06
2021S003383;06/03/2021;1:12;CALL. TOLEDO;50;CENTRO;Colisión fronto-lateral;Lluvia débil;Bicicleta;Conductor;DE 25 A 29 AÑOS;Hombre;01
2021S003428;07/03/2021;16:45;CALL. OLMO;24;CENTRO;Caída;Nublado;Bicicleta EPAC (pedaleo asistido);Conductor;DE 25 A 29 AÑOS;Hombre;06
2021S003420;07/03/2021;14:20;CALL. GRAN VIA / CALL. SAN BERNARDO;-;CENTRO;Alcance;Despejado;Bicicleta;Conductor;DE 25 A 29 AÑOS;Hombre;
2021S003470;07/03/2021;12:44;CMNO. ARROYO DE VALDEBEBAS / AUTOV. M-40;-;HORTALEZA;Colisión frontal;Despejado;Bicicleta;Conductor;DE 40 A 44 AÑOS;Hombre;07
2021S003470;07/03/2021;12:44;CMNO. ARROYO DE VALDEBEBAS / AUTOV. M-40;-;HORTALEZA;Colisión frontal;Despejado;Bicicleta;Conductor;DE 35 A 39 AÑOS;Hombre;07
2021S003456;07/03/2021;12:10;CALL. VALLE DE MENA;14;FUENCARRAL-EL PARDO;Caída;Despejado;Bicicleta;Conductor;DE 25 A 29 AÑOS;Mujer;07
2021S003486;08/03/2021;17:03;PASEO. REINA CRISTINA;15;RETIRO;Alcance;Lluvia débil;Bicicleta;Conductor;DE 40 A 44 AÑOS;Hombre;02
2021S003555;09/03/2021;18:30;AVDA. MEDITERRANEO / CALL. POZA DE LA SAL;-;VILLA DE VALLECAS;Caída;Despejado;Bicicleta;Conductor;DE 40 A 44 AÑOS;Hombre;03
2021S003623;10/03/2021;18:30;CALL. PEÑARANDA DE BRACAMONTE / AVDA. CERRO MILANO;-;VILLA DE VALLECAS;Colisión fronto-lateral;Despejado;Bicicleta EPAC (pedaleo asistido);Conductor;DE 55 A 59 AÑOS;Hombre;06
2021S003661;10/03/2021;17:22;CALL. PRADILLO;34;CHAMARTÍN;Alcance;Despejado;Bicicleta;Conductor;DE 21 A 24 AÑOS;Hombre;14
2021S003666;10/03/2021;14:40;PASEO. LA HABANA;72;CHAMARTÍN;Caída;Despejado;Bicicleta;Conductor;DE 50 A 54 AÑOS;Hombre;07
2021S003640;10/03/2021;7:54;CALL. MATEO INURRIA / PASEO. LA HABANA;-;CHAMARTÍN;Caída;Despejado;Bicicleta;Conductor;DE 55 A 59 AÑOS;Hombre;07
2021S003640;10/03/2021;7:54;CALL. MATEO INURRIA / PASEO. LA HABANA;-;CHAMARTÍN;Caída;Despejado;Bicicleta;Peatón;DE 40 A 44 AÑOS;Mujer;14
2021S003668;11/03/2021;15:10;CALL. TRAFALGAR;25;CHAMBERÍ;Caída;Despejado;Bicicleta;Conductor;MAYOR DE 74 AÑOS;Hombre;05
2021S003768;12/03/2021;21:30;CALL. SAN BERNARDO / CALL. LUNA;-;CENTRO;Atropello a persona;Despejado;Bicicleta EPAC (pedaleo asistido);Conductor;DE 25 A 29 AÑOS;Mujer;14
2021S003768;12/03/2021;21:30;CALL. SAN BERNARDO / CALL. LUNA;-;CENTRO;Atropello a persona;Despejado;Bicicleta EPAC (pedaleo asistido);Peatón;DE 6 A 9 AÑOS;Hombre;07
2021S003930;13/03/2021;22:18;CALL. BRAVO MURILLO / CALL. AZUCENAS;-;TETUÁN;Alcance;;Bicicleta;Conductor;DE 25 A 29 AÑOS;Hombre;
2021S003918;13/03/2021;11:10;PQUE. JUAN CARLOS I;1;BARAJAS;Atropello a persona;Despejado;Bicicleta;Conductor;DE 50 A 54 AÑOS;Hombre;02
2021S003918;13/03/2021;11:10;PQUE. JUAN CARLOS I;1;BARAJAS;Atropello a persona;Despejado;Bicicleta;Peatón;DE 35 A 39 AÑOS;Mujer;02
2021S003998;14/03/2021;15:45;AVDA. DOCTOR GARCIA TAPIA / CALL. MARROQUINA;-;MORATALAZ;Colisión fronto-lateral;Despejado;Bicicleta;Conductor;DE 18 A 20 AÑOS;Hombre;
2021S004032;14/03/2021;13:00;PASEO. TORRECILLA / PASEO. AZUL;-;MONCLOA-ARAVACA;Colisión fronto-lateral;Despejado;Bicicleta;Conductor;DE 40 A 44 AÑOS;Hombre;07
2021S004032;14/03/2021;13:00;PASEO. TORRECILLA / PASEO. AZUL;-;MONCLOA-ARAVACA;Colisión fronto-lateral;Despejado;Bicicleta;Conductor;DE 50 A 54 AÑOS;Hombre;14
2021S004356;14/03/2021;12:38;PASEO. AZUL / PASEO. EMBARCADERO;-;MONCLOA-ARAVACA;Colisión fronto-lateral;Despejado;Bicicleta;Conductor;DE 45 A 49 AÑOS;Hombre;01
2021S004356;14/03/2021;12:38;PASEO. AZUL / PASEO. EMBARCADERO;-;MONCLOA-ARAVACA;Colisión fronto-lateral;Despejado;Bicicleta;Conductor;DESCONOCIDA;;
2021S003969;14/03/2021;11:00;CALL. ARROYOFRESNO, 1-M-30 CARRIL BICI;-;MONCLOA-ARAVACA;Caída;Despejado;Bicicleta;Conductor;DE 65 A 69 AÑOS;Hombre;07
2021S004021;15/03/2021;15:30;CALL. GALILEO;86;CHAMBERÍ;Colisión lateral;Despejado;Bicicleta;Conductor;DE 15 A 17 AÑOS;Mujer;07
2021S004021;15/03/2021;15:30;CALL. GALILEO;86;CHAMBERÍ;Colisión lateral;Despejado;Bicicleta;Conductor;DE 18 A 20 AÑOS;Hombre;14
2021S004066;16/03/2021;16:40;PASEO. EMBARCADERO / PASEO. AZUL;-;MONCLOA-ARAVACA;Caída;Despejado;Bicicleta;Conductor;DE 50 A 54 AÑOS;Hombre;06
2021S004063;16/03/2021;14:20;CALL. GRAN VIA / CALL. ISABEL LA CATOLICA;-;CENTRO;Colisión fronto-lateral;Despejado;Bicicleta;Conductor;DE 35 A 39 AÑOS;Hombre;07
2021S004190;17/03/2021;22:15;PASEO. ESPERANZA / CALL. CAOBA;-;ARGANZUELA;Caída;Despejado;Bicicleta;Conductor;DE 21 A 24 AÑOS;Hombre;01
2021S004392;17/03/2021;18:35;CTRA. SOMONTES AL PALACIO DE LA REAL QUINTA;1;FUENCARRAL-EL PARDO;Caída;Despejado;Bicicleta;Conductor;DE 35 A 39 AÑOS;Hombre;06
2021S004147;17/03/2021;16:05;PASEO. PRADO;11;RETIRO;Alcance;Despejado;Bicicleta;Conductor;DE 55 A 59 AÑOS;Hombre;07
2021S004263;18/03/2021;23:10;CALL. BARCELO;3;CENTRO;Caída;Despejado;Bicicleta EPAC (pedaleo asistido);Conductor;DE 50 A 54 AÑOS;Hombre;05
2021S004219;18/03/2021;15:00;CALL. CLAUDIO COELLO / CALL. PADILLA;-;SALAMANCA;Colisión fronto-lateral;Despejado;Bicicleta;Conductor;DE 25 A 29 AÑOS;Mujer;07
2021S004521;18/03/2021;14:40;CALL. EVANGELIOS;1;USERA;Colisión frontal;Despejado;Bicicleta;Conductor;DE 25 A 29 AÑOS;Hombre;06
2021S004358;18/03/2021;10:30;CALL. JOSE DE CADALSO / CALL. MAESTRA JUSTA FREIRE;-;LATINA;Colisión fronto-lateral;Despejado;Bicicleta;Conductor;DE 40 A 44 AÑOS;Mujer;01
2021S004358;18/03/2021;10:30;CALL. JOSE DE CADALSO / CALL. MAESTRA JUSTA FREIRE;-;LATINA;Colisión fronto-lateral;Despejado;Bicicleta;Peatón;DE 18 A 20 AÑOS;Hombre;14
2021S004316;19/03/2021;22:00;CALL. DOCTOR ESQUERDO / CALL. ASTROS;-;RETIRO;Colisión fronto-lateral;Despejado;Bicicleta;Conductor;DE 25 A 29 AÑOS;Hombre;02
2021S004294;19/03/2021;16:20;CALL. VIA DE DUBLIN / AUTOV. M-11;-;BARAJAS;Colisión fronto-lateral;Despejado;Bicicleta;Conductor;DE 50 A 54 AÑOS;Hombre;07
2021S004374;20/03/2021;13:10;AVDA. GUADALAJARA;69;SAN BLAS-CANILLEJAS;Colisión lateral;Despejado;Bicicleta;Conductor;DE 40 A 44 AÑOS;Hombre;01
2021S005852;20/03/2021;12:55;ANILLO VERDE KM,58-CAMINO DE LA CAÑADA;-;FUENCARRAL-EL PARDO;Colisión fronto-lateral;Despejado;Bicicleta;Conductor;DE 30 A 34 AÑOS;Hombre;06
2021S005852;20/03/2021;12:55;ANILLO VERDE KM,58-CAMINO DE LA CAÑADA;-;FUENCARRAL-EL PARDO;Colisión fronto-lateral;Despejado;Bicicleta;Conductor;DE 10 A 14 AÑOS;Mujer;07
2021S004559;20/03/2021;10:30;AUTOV. M-500;0;MONCLOA-ARAVACA;Caída;Despejado;Bicicleta;Conductor;DE 50 A 54 AÑOS;Hombre;02
2021S004469;21/03/2021;19:30;AVDA. ALBUFERA;23;PUENTE DE VALLECAS;Caída;Despejado;Bicicleta;Conductor;DE 21 A 24 AÑOS;Hombre;01
2021S004468;21/03/2021;18:25;CALL. CLAVEL;5;CENTRO;Colisión lateral;Despejado;Bicicleta;Conductor;DE 25 A 29 AÑOS;Hombre;07
2021S004507;21/03/2021;18:10;PASEO. YESERIAS / CALL. NAVES;-;ARGANZUELA;Caída;Despejado;Bicicleta;Conductor;DE 15 A 17 AÑOS;Hombre;01
2021S004513;22/03/2021;18:10;CALL. HUESCA / CALL. HERMANO GARATE;-;TETUÁN;Colisión fronto-lateral;Despejado;Bicicleta;Conductor;DE 40 A 44 AÑOS;Mujer;
2021S004548;22/03/2021;11:16;AVDA. CARONDELET;37;HORTALEZA;Caída;Despejado;Bicicleta;Conductor;DE 10 A 14 AÑOS;Hombre;07
2021S004655;23/03/2021;19:00;CALL. PUERTO RICO;15;CHAMARTÍN;Choque contra obstáculo fijo;Despejado;Bicicleta;Conductor;DE 21 A 24 AÑOS;Hombre;07
2021S004736;23/03/2021;19:00;CALL. PALAS DE REY;4;FUENCARRAL-EL PARDO;Caída;Despejado;Bicicleta;Conductor;DE 30 A 34 AÑOS;Mujer;02
2021S004736;23/03/2021;19:00;CALL. PALAS DE REY;4;FUENCARRAL-EL PARDO;Caída;Despejado;Bicicleta;Peatón;DE 6 A 9 AÑOS;Hombre;14
2021S004604;23/03/2021;16:50;FCO. PI Y MARGALL / AVDA. NICETO ALCALA ZAMORA;-;HORTALEZA;Colisión lateral;Despejado;Bicicleta;Conductor;DE 45 A 49 AÑOS;Hombre;07
2021S004692;24/03/2021;9:50;CALL. CAMPAÑA / CTRA. COLMENAR VIEJO;-;FUENCARRAL-EL PARDO;Colisión fronto-lateral;Se desconoce;Bicicleta;Conductor;DE 30 A 34 AÑOS;Hombre;07
2021S004752;25/03/2021;19:00;IDB. PARQUE LINEAL DEL MANZANARES;0;PUENTE DE VALLECAS;Caída;Despejado;Bicicleta;Conductor;DE 18 A 20 AÑOS;Hombre;01
2021S004775;25/03/2021;14:05;AVDA. CERRO MILANO / CALL. CAÑADA DEL SANTISIMO;-;VILLA DE VALLECAS;Colisión fronto-lateral;Despejado;Bicicleta;Conductor;DE 50 A 54 AÑOS;Hombre;07
2021S005131;25/03/2021;8:35;CALL. SERRANO;74;SALAMANCA;Caída;Despejado;Bicicleta;Conductor;DE 40 A 44 AÑOS;Mujer;02
2021S004777;25/03/2021;8:18;PASEO. CASTELLANA;156;CHAMARTÍN;Colisión fronto-lateral;Despejado;Bicicleta;Conductor;DE 55 A 59 AÑOS;Hombre;07
2021S004858;26/03/2021;23:00;AVENIDA DE LOS POBLADOS CON AVENIDA DEL EURO;-;LATINA;Caída;Despejado;Bicicleta;Conductor;DE 30 A 34 AÑOS;Hombre;07
2021S004837;26/03/2021;21:00;C/ CAPITAN BLANCO ARGIBAY, 192 (farola 77 parque );-;TETUÁN;Caída;Despejado;Bicicleta;Conductor;DE 25 A 29 AÑOS;Hombre;01
2021S005303;27/03/2021;13:25;CALL. FRANCISCO Y JACINTO ALCANTARA;1;MONCLOA-ARAVACA;Caída;Despejado;Bicicleta;Conductor;DE 18 A 20 AÑOS;Hombre;07
2021S004987;27/03/2021;12:40;CALL. ATOCHA;3;CENTRO;Colisión lateral;;Bicicleta EPAC (pedaleo asistido);Conductor;DE 35 A 39 AÑOS;Mujer;
2021S004896;27/03/2021;10:40;CALL. ALFONSO XII / PASEO. INFANTA ISABEL;-;RETIRO;Colisión fronto-lateral;Despejado;Bicicleta;Conductor;DE 21 A 24 AÑOS;Hombre;
2021S005262;28/03/2021;16:20;PASEO. ESPERANZA;5;ARGANZUELA;Caída;Despejado;Bicicleta EPAC (pedaleo asistido);Conductor;DE 40 A 44 AÑOS;Hombre;01
2021S005224;28/03/2021;12:47;CALL. ALBERTO DE PALACIO / AVDA. NICETO ALCALA ZAMORA;-;HORTALEZA;Colisión lateral;Despejado;Bicicleta;Conductor;DE 35 A 39 AÑOS;Hombre;
2021S005038;28/03/2021;10:45;RONDA. ATOCHA;27;ARGANZUELA;Colisión lateral;Despejado;Bicicleta;Conductor;DE 35 A 39 AÑOS;Hombre;07
2021S005034;29/03/2021;8:30;AVDA. ENTREVIAS / CALL. MEJORANA;-;PUENTE DE VALLECAS;Caída;Despejado;Bicicleta;Conductor;DE 55 A 59 AÑOS;Mujer;06
2021S005170;30/03/2021;22:45;CALL. ANTEQUERA;23;USERA;Caída;Despejado;Bicicleta;Conductor;DE 50 A 54 AÑOS;Hombre;01
2021S005122;30/03/2021;22:38;PASEO. EDUARDO DATO / CALL. ZURBANO;-;CHAMBERÍ;Alcance;Despejado;Bicicleta;Conductor;DE 30 A 34 AÑOS;Hombre;06
2021S005113;30/03/2021;20:30;CALL. COMUNEROS DE CASTILLA;4;CARABANCHEL;Colisión frontal;;Bicicleta;Conductor;DE 50 A 54 AÑOS;Hombre;
2021S005189;31/03/2021;19:20;CÑADA. REAL DE MERINAS;64;VICÁLVARO;Colisión fronto-lateral;;Bicicleta;Conductor;DESCONOCIDA;;
2021S005246;31/03/2021;19:05;CALL. SEVILLA / CALL. ARLABAN;-;CENTRO;Choque contra obstáculo fijo;Despejado;Bicicleta;Conductor;DE 18 A 20 AÑOS;Hombre;07
2021S005174;31/03/2021;17:45;CALL. IRUN;1;MONCLOA-ARAVACA;Caída;Despejado;Bicicleta;Conductor;DE 30 A 34 AÑOS;Mujer;01
2021S005174;31/03/2021;17:45;CALL. IRUN;1;MONCLOA-ARAVACA;Caída;Despejado;Bicicleta;Conductor;DE 50 A 54 AÑOS;Hombre;07
2021S005266;31/03/2021;17:00;CALL. SEGOVIA;49;ARGANZUELA;Caída;Despejado;Bicicleta;Conductor;DE 55 A 59 AÑOS;Mujer;01
2021S005192;31/03/2021;16:00;AVDA. MANZANARES;216;USERA;Caída;Despejado;Bicicleta EPAC (pedaleo asistido);Conductor;DE 35 A 39 AÑOS;Hombre;02
2021S005274;01/04/2021;22:20;CALL. ALCALA / AUTOV. M-30;-;CIUDAD LINEAL;Colisión fronto-lateral;Despejado;Bicicleta;Conductor;DE 18 A 20 AÑOS;Mujer;
2021S005406;03/04/2021;19:55;PASEO. ERMITA DEL SANTO;16;LATINA;Caída;Despejado;Bicicleta;Conductor;DE 35 A 39 AÑOS;Hombre;03
2021S005460;03/04/2021;18:35;CALL. CASALARREINA / AVDA. DAROCA;-;VICÁLVARO;Caída;Despejado;Bicicleta;Conductor;DE 55 A 59 AÑOS;Hombre;02
2021S005401;03/04/2021;16:56;C/ GRAN VIA72;-;CENTRO;Caída;Despejado;Bicicleta EPAC (pedaleo asistido);Conductor;DE 45 A 49 AÑOS;Mujer;06
2021S005556;03/04/2021;16:45;CALL. SAN ANTONIO DE PADUA / CALL. ANTONIO SALVADOR;-;USERA;Colisión frontal;Despejado;Bicicleta;Conductor;DE 35 A 39 AÑOS;Hombre;07
2021S005399;03/04/2021;16:20;CALL. GRAN VIA;80;CENTRO;Colisión fronto-lateral;Despejado;Bicicleta;Conductor;DE 30 A 34 AÑOS;Hombre;01
2021S005468;03/04/2021;16:15;PQUE. MADRID RIO, +00650I  (TOBOGANES);-;ARGANZUELA;Atropello a persona;Despejado;Bicicleta EPAC (pedaleo asistido);Conductor;DE 25 A 29 AÑOS;Hombre;14
2021S005468;03/04/2021;16:15;PQUE. MADRID RIO, +00650I  (TOBOGANES);-;ARGANZUELA;Atropello a persona;Despejado;Bicicleta EPAC (pedaleo asistido);Peatón;DE 0 A 5 AÑOS;Hombre;07
2021S005496;03/04/2021;12:10;GTA. SIETE HERMANAS / PASEO. CASTAÑOS;-;MONCLOA-ARAVACA;Atropello a animal;Despejado;Bicicleta;Conductor;DE 40 A 44 AÑOS;Hombre;02
2021S005489;04/04/2021;14:00;CALL. ARTURO SORIA / AUTOV. M-11;-;CIUDAD LINEAL;Caída;Despejado;Bicicleta;Conductor;DE 50 A 54 AÑOS;Hombre;01
2021S005488;04/04/2021;13:25;CALL. ATOCHA;36;CENTRO;Colisión lateral;Despejado;Bicicleta;Conductor;DE 50 A 54 AÑOS;Mujer;07
2021S005502;05/04/2021;15:20;AVDA. ALFONSO XIII;145;CHAMARTÍN;Colisión fronto-lateral;Despejado;Bicicleta EPAC (pedaleo asistido);Conductor;DE 60 A 64 AÑOS;Hombre;07
2021S005675;06/04/2021;17:11;AVDA. BURGOS;109;FUENCARRAL-EL PARDO;Caída;Despejado;Bicicleta;Conductor;DE 50 A 54 AÑOS;Hombre;02
2021S005659;06/04/2021;16:35;AVDA. PLANETARIO;15;ARGANZUELA;Caída;Despejado;Bicicleta;Conductor;DE 50 A 54 AÑOS;Mujer;05
2021S005574;06/04/2021;15:20;CALL. PUERTO DE REINOSA;15;VILLA DE VALLECAS;Colisión fronto-lateral;Despejado;Bicicleta;Conductor;DE 10 A 14 AÑOS;Hombre;07
2021S005632;06/04/2021;14:50;CALL. ARGANDA / PASEO. YESERIAS;-;ARGANZUELA;Caída;Despejado;Bicicleta;Conductor;DE 30 A 34 AÑOS;Hombre;01
2021S005629;06/04/2021;14:25;AVDA. LAS FUERZAS ARMADAS / AVDA. LAS FUERZAS ARMADAS;-;BARAJAS;Caída;Despejado;Bicicleta;Conductor;DE 45 A 49 AÑOS;Hombre;07
2021S005801;07/04/2021;22:10;CALL. REQUENA;5;CENTRO;Caída;Despejado;Bicicleta EPAC (pedaleo asistido);Conductor;DE 40 A 44 AÑOS;Hombre;
2021S005791;08/04/2021;20:15;CALL. FERNAN NUÑEZ;19;CHAMARTÍN;Caída;Despejado;Bicicleta;Conductor;DE 18 A 20 AÑOS;Mujer;07
2021S005738;08/04/2021;20:00;AVDA. NICETO ALCALA ZAMORA / AVDA. FRANCISCO PI Y MARGALL;-;HORTALEZA;Colisión lateral;Despejado;Bicicleta;Conductor;DE 55 A 59 AÑOS;Hombre;06
2021S005729;08/04/2021;17:00;CALL. SANTA ENGRACIA / GTA. PINTOR SOROLLA;-;CHAMBERÍ;Atropello a persona;Despejado;Bicicleta;Conductor;DE 25 A 29 AÑOS;Mujer;06
2021S005729;08/04/2021;17:00;CALL. SANTA ENGRACIA / GTA. PINTOR SOROLLA;-;CHAMBERÍ;Atropello a persona;Despejado;Bicicleta;Peatón;DE 21 A 24 AÑOS;Hombre;14
2021S005961;08/04/2021;16:15;AVDA. CARDENAL HERRERA ORIA; 76B;FUENCARRAL-EL PARDO;Colisión fronto-lateral;Despejado;Bicicleta;Conductor;DE 50 A 54 AÑOS;Hombre;02
2021S005691;08/04/2021;8:50;CALL. SAN BERNARDO;46;CENTRO;Caída;Nublado;Bicicleta EPAC (pedaleo asistido);Conductor;DE 35 A 39 AÑOS;Mujer;02
2021S005746;09/04/2021;6:45;AVDA. RAMON Y CAJAL / PLAZA. VIRGEN GUADALUPANA;-;CHAMARTÍN;Colisión fronto-lateral;Nublado;Bicicleta;Conductor;DE 30 A 34 AÑOS;Hombre;03
2021S005954;10/04/2021;22:15;CTRA. GARABITAS;0;MONCLOA-ARAVACA;Caída;LLuvia intensa;Bicicleta;Conductor;DESCONOCIDA;;
2021S005943;10/04/2021;12:30;AVDA. MIGUEL DELIBES / CALL. ALTO DEL ESPARRAGAL;-;VICÁLVARO;Otro;Nublado;Bicicleta;Conductor;DE 50 A 54 AÑOS;Hombre;01
2021S005978;11/04/2021;22:35;CALL. VALVERDE / CALL. PUEBLA;-;CENTRO;Alcance;Nublado;Bicicleta EPAC (pedaleo asistido);Conductor;DE 45 A 49 AÑOS;Hombre;06
2021S006010;11/04/2021;17:00;CALL. PRINCIPE DE VERGARA;262;CHAMARTÍN;Alcance;Despejado;Bicicleta;Conductor;DE 35 A 39 AÑOS;Hombre;14
2021S006039;12/04/2021;18:35;CALL. JACINTO VERDAGUER / CALL. ANTONIO DE LEYVA;-;CARABANCHEL;Colisión frontal;Despejado;Bicicleta;Conductor;DE 30 A 34 AÑOS;Hombre;02
2021S006181;12/04/2021;10:40;AVDA. LOS ROSALES;408;VILLAVERDE;Caída;Despejado;Bicicleta;Conductor;DE 65 A 69 AÑOS;Hombre;02
2021S006181;12/04/2021;10:40;AVDA. LOS ROSALES;408;VILLAVERDE;Caída;Despejado;Bicicleta;Peatón;DE 50 A 54 AÑOS;Mujer;14
2021S006064;12/04/2021;10:25;CALL. PADRE LLANOS / AVDA. ENTREVIAS;-;PUENTE DE VALLECAS;Colisión fronto-lateral;Despejado;Bicicleta;Conductor;DE 40 A 44 AÑOS;Hombre;07
2021S006007;12/04/2021;7:37;AVDA. CIUDAD DE BARCELONA / CALL. CATALINA SUAREZ;-;RETIRO;Atropello a persona;Despejado;Bicicleta;Conductor;DE 15 A 17 AÑOS;Hombre;14
2021S006007;12/04/2021;7:37;AVDA. CIUDAD DE BARCELONA / CALL. CATALINA SUAREZ;-;RETIRO;Atropello a persona;Despejado;Bicicleta;Peatón;DE 45 A 49 AÑOS;Mujer;01
2021S006107;13/04/2021;20:20;CALL. GUZMAN EL BUENO / CALL. FERNANDEZ DE LOS RIOS;-;CHAMBERÍ;Colisión lateral;Despejado;Bicicleta;Conductor;DE 25 A 29 AÑOS;Hombre;01
2021S006070;13/04/2021;10:25;CALL. GRAN VIA;56;CENTRO;Caída;Lluvia débil;Bicicleta;Conductor;DE 35 A 39 AÑOS;Mujer;
2021S006160;14/04/2021;19:40;CALL. MARQUES DE URQUIJO;30;MONCLOA-ARAVACA;Alcance;Despejado;Bicicleta EPAC (pedaleo asistido);Conductor;DE 35 A 39 AÑOS;Mujer;07
2021S006140;14/04/2021;16:45;CALL. CONVENIO;41;PUENTE DE VALLECAS;Alcance;Despejado;Bicicleta;Conductor;DE 40 A 44 AÑOS;Hombre;07
2021S006259;15/04/2021;20:30;PLAZA. DUQUE DE PASTRANA / CALL. SANTA MAGDALENA SOFIA;-;CHAMARTÍN;Caída;Lluvia débil;Bicicleta;Conductor;DE 35 A 39 AÑOS;Mujer;01
2021S006240;15/04/2021;12:30;CALL. FINISTERRE;29;FUENCARRAL-EL PARDO;Alcance;Se desconoce;Bicicleta;Conductor;DE 21 A 24 AÑOS;Hombre;01
2021S006261;16/04/2021;14:45;CALL. ALBERTO AGUILERA;18;CHAMBERÍ;Colisión lateral;Despejado;Bicicleta EPAC (pedaleo asistido);Conductor;DE 40 A 44 AÑOS;Hombre;07
2021S006603;21/04/2021;18:40;AVDA. CIUDAD DE BARCELONA;202;RETIRO;Atropello a persona;Nublado;Bicicleta;Conductor;DE 55 A 59 AÑOS;Hombre;14
2021S006603;21/04/2021;18:40;AVDA. CIUDAD DE BARCELONA;202;RETIRO;Atropello a persona;Nublado;Bicicleta;Peatón;DE 65 A 69 AÑOS;Mujer;07
2021S006574;21/04/2021;12:00;MADRID RIO - PUENTE DEL REY;-;MONCLOA-ARAVACA;Caída;Despejado;Bicicleta;Conductor;DE 55 A 59 AÑOS;Hombre;01
2021S006667;22/04/2021;19:50;PASEO. ERMITA DEL SANTO;40;LATINA;Caída;Lluvia débil;Bicicleta;Conductor;DE 21 A 24 AÑOS;Mujer;07
2021S006807;22/04/2021;17:12;PQUE. MADRID RIO, +00500E;-;CARABANCHEL;Caída;Lluvia débil;Bicicleta;Conductor;DE 25 A 29 AÑOS;Hombre;
2021S006807;22/04/2021;17:12;PQUE. MADRID RIO, +00500E;-;CARABANCHEL;Caída;Lluvia débil;Bicicleta;Conductor;DE 35 A 39 AÑOS;Mujer;
2021S006724;23/04/2021;17:20;CALL. FRANCISCO LARGO CABALLERO / AVDA. INSTITUCION LIBRE DE ENSEÑANZA;-;CIUDAD LINEAL;Colisión fronto-lateral;Despejado;Bicicleta;Conductor;DE 50 A 54 AÑOS;Hombre;03
2021S006709;23/04/2021;13:30;CALL. GAZTAMBIDE;23;CHAMBERÍ;Caída;Despejado;Bicicleta;Conductor;DE 21 A 24 AÑOS;Hombre;02
2021S006837;24/04/2021;23:30;CALL. SERRANO;44;SALAMANCA;Caída;Lluvia débil;Bicicleta;Conductor;DE 18 A 20 AÑOS;Hombre;07
2021S006873;24/04/2021;22:47;PASEO. ACACIAS / CALL. NOGALES;-;ARGANZUELA;Colisión múltiple;LLuvia intensa;Bicicleta;Conductor;DE 25 A 29 AÑOS;Hombre;07
2021S006823;24/04/2021;22:30;PASEO. REY;22;MONCLOA-ARAVACA;Atropello a persona;LLuvia intensa;Bicicleta EPAC (pedaleo asistido);Conductor;DESCONOCIDA;;
2021S006823;24/04/2021;22:30;PASEO. REY;22;MONCLOA-ARAVACA;Atropello a persona;LLuvia intensa;Bicicleta EPAC (pedaleo asistido);Peatón;DE 50 A 54 AÑOS;Mujer;14
2021S006899;24/04/2021;22:00;PASEO. MARCELINO CAMACHO / CALL. GENERAL RICARDOS;-;CARABANCHEL;Colisión fronto-lateral;;Bicicleta;Conductor;DE 10 A 14 AÑOS;Hombre;
2021S006899;24/04/2021;22:00;PASEO. MARCELINO CAMACHO / CALL. GENERAL RICARDOS;-;CARABANCHEL;Colisión fronto-lateral;;Bicicleta;Pasajero;DE 10 A 14 AÑOS;Hombre;
2021S006803;24/04/2021;17:40;CALL. JOSE PAULETE;5;PUENTE DE VALLECAS;Caída;Despejado;Bicicleta;Conductor;DE 25 A 29 AÑOS;Mujer;02
2021S006876;24/04/2021;11:15;METRO. RONDA DE LA COMUNICACION;0;FUENCARRAL-EL PARDO;Colisión fronto-lateral;Despejado;Bicicleta;Conductor;DE 50 A 54 AÑOS;Mujer;06
2021S006876;24/04/2021;11:15;METRO. RONDA DE LA COMUNICACION;0;FUENCARRAL-EL PARDO;Colisión fronto-lateral;Despejado;Bicicleta;Conductor;DE 45 A 49 AÑOS;Mujer;14
2021S006894;25/04/2021;12:35;CALL. TINTOREROS -C/ CUCHILLEROS Y PUERTA CERRADA;-;CENTRO;Alcance;Lluvia débil;Bicicleta;Conductor;DE 40 A 44 AÑOS;Hombre;01
2021S007017;26/04/2021;18:30;CALL. PLAYA DE LA CALETA / CALL. VALHONDO;-;BARAJAS;Colisión fronto-lateral;Despejado;Bicicleta;Conductor;DE 10 A 14 AÑOS;Hombre;07
2021S006976;26/04/2021;12:45;PASEO. PRADO;48;CENTRO;Colisión lateral;Despejado;Bicicleta EPAC (pedaleo asistido);Conductor;DE 30 A 34 AÑOS;Hombre;06
2021S007119;27/04/2021;23:00;CALL. BRAVO MURILLO;137;TETUÁN;Alcance;LLuvia intensa;Bicicleta;Conductor;DE 25 A 29 AÑOS;Mujer;07
2021S007112;27/04/2021;19:15;CALL. RAIMUNDO FERNANDEZ VILLAVERDE / PASEO. CASTELLANA;-;CHAMBERÍ;Alcance;;Bicicleta EPAC (pedaleo asistido);Conductor;DE 45 A 49 AÑOS;Mujer;14
2021S007058;27/04/2021;15:30;AVDA. POBLADOS / CALL. DOBLA;-;CARABANCHEL;Colisión lateral;Despejado;Bicicleta;Conductor;DE 15 A 17 AÑOS;Hombre;02
2021S007050;27/04/2021;15:05;CALL. CERILLERAS / AVDA. POBLADOS;-;CARABANCHEL;Colisión fronto-lateral;Despejado;Bicicleta;Conductor;DE 50 A 54 AÑOS;Hombre;07
2021S007182;28/04/2021;20:15;CMNO. VIEJO DE VICALVARO / AVDA. DAROCA;-;VICÁLVARO;Caída;Nublado;Bicicleta;Conductor;DE 55 A 59 AÑOS;Hombre;02
2021S007136;28/04/2021;19:10;CALL. CARLOS MARTIN ALVAREZ;2;PUENTE DE VALLECAS;Caída;Despejado;Bicicleta;Conductor;DE 25 A 29 AÑOS;Mujer;07
2021S007197;29/04/2021;17:20;CALL. CHIQUINQUIRA;60;HORTALEZA;Caída;Despejado;Bicicleta;Conductor;DE 35 A 39 AÑOS;Hombre;01
2021S007177;29/04/2021;11:00;CALL. ARTURO SORIA / CUSTA. SAGRADO CORAZON;-;CIUDAD LINEAL;Atropello a persona;Nublado;Bicicleta;Conductor;DE 35 A 39 AÑOS;Hombre;14
2021S007177;29/04/2021;11:00;CALL. ARTURO SORIA / CUSTA. SAGRADO CORAZON;-;CIUDAD LINEAL;Atropello a persona;Nublado;Bicicleta;Peatón;DE 65 A 69 AÑOS;Hombre;03
2021S007489;29/04/2021;8:20;AVDA. PORTUGAL;3;LATINA;Caída;Lluvia débil;Bicicleta EPAC (pedaleo asistido);Conductor;DE 30 A 34 AÑOS;Mujer;07
2021S007306;30/04/2021;23:30;PLAZA. COLON / PASEO. RECOLETOS;-;CENTRO;Alcance;Despejado;Bicicleta EPAC (pedaleo asistido);Conductor;DE 21 A 24 AÑOS;Mujer;
2021S007285;30/04/2021;18:35;CALL. CONDESA DE VENADITO / CALL. MARTINEZ VILLERGAS;-;CIUDAD LINEAL;Colisión fronto-lateral;Despejado;Bicicleta;Conductor;DE 40 A 44 AÑOS;Mujer;03
2021S007365;01/05/2021;18:50;AVDA. VALDEMARIN / CMNO. LAVADERO;-;MONCLOA-ARAVACA;Caída;Despejado;Bicicleta;Conductor;DE 55 A 59 AÑOS;Hombre;06
2021S007454;02/05/2021;22:10;CALL. DOCTOR ESQUERDO;47;SALAMANCA;Caída;Despejado;Bicicleta;Conductor;DE 15 A 17 AÑOS;Hombre;01
2021S007478;02/05/2021;11:00;CALL. AFUERAS A VALVERDE / CALL. ISLA DE RODAS;-;FUENCARRAL-EL PARDO;Colisión fronto-lateral;Despejado;Bicicleta;Conductor;DE 30 A 34 AÑOS;Hombre;07
2021S007427;02/05/2021;10:40;PQUE. MADRID RIO, SENDA CICLABLE  PK 6.400;-;ARGANZUELA;Caída;Despejado;Bicicleta;Conductor;DE 55 A 59 AÑOS;Hombre;02
2021S007427;02/05/2021;10:40;PQUE. MADRID RIO, SENDA CICLABLE  PK 6.400;-;ARGANZUELA;Caída;Despejado;Bicicleta;Peatón;DE 18 A 20 AÑOS;Mujer;14
2021S007563;03/05/2021;17:30;PISTA. CRISTO DE EL PARDO;17;FUENCARRAL-EL PARDO;Colisión fronto-lateral;Despejado;Bicicleta;Conductor;DE 45 A 49 AÑOS;Hombre;02
2021S007989;04/05/2021;23:29;CALL. JOSE ANTONIO NOVAIS / CALL. RAMIRO DE MAEZTU;-;MONCLOA-ARAVACA;Caída;Despejado;Bicicleta;Conductor;DE 21 A 24 AÑOS;Mujer;03
2021S007989;04/05/2021;23:29;CALL. JOSE ANTONIO NOVAIS / CALL. RAMIRO DE MAEZTU;-;MONCLOA-ARAVACA;Caída;Despejado;Bicicleta;Conductor;DE 21 A 24 AÑOS;Mujer;14
2021S007583;04/05/2021;13:20;CALL. LOS YEBENES;6;LATINA;Colisión fronto-lateral;Despejado;Bicicleta;Conductor;DE 45 A 49 AÑOS;Hombre;07
2021S007614;05/05/2021;19:00;CALL. JEMENUÑO / PASEO. MELANCOLICOS;-;ARGANZUELA;Caída;Despejado;Bicicleta EPAC (pedaleo asistido);Conductor;DE 60 A 64 AÑOS;Hombre;03
2021S007626;05/05/2021;18:40;CUSTA. SAN VICENTE;8;MONCLOA-ARAVACA;Alcance;Despejado;Bicicleta EPAC (pedaleo asistido);Conductor;DESCONOCIDA;;
2021S007611;05/05/2021;16:40;CALL. VICENTE BLASCO IBAÑEZ / CALL. ENRIQUE AZCOAGA;-;HORTALEZA;Colisión fronto-lateral;Despejado;Bicicleta;Conductor;DE 15 A 17 AÑOS;Hombre;03
2021S007645;05/05/2021;13:15;CALL. MANUEL AGUILAR MUÑOZ / PASEO. ALAMEDA DE OSUNA;-;BARAJAS;Colisión frontal;Despejado;Bicicleta;Conductor;DE 60 A 64 AÑOS;Hombre;07
2021S007593;05/05/2021;12:20;CALL. ALHAMBRA / CALL. CUART DE POBLET;-;LATINA;Colisión fronto-lateral;Despejado;Bicicleta;Conductor;DE 55 A 59 AÑOS;Hombre;03
2021S007766;07/05/2021;19:00;CALL. SEGOVIA / CALL. BEATRIZ GALINDO;-;CENTRO;Alcance;Despejado;Bicicleta EPAC (pedaleo asistido);Conductor;DE 25 A 29 AÑOS;Hombre;01
2021S007727;07/05/2021;15:55;PLAZA. SAN JUAN DE LA CRUZ / CALL. ZURBANO;-;CHAMBERÍ;Colisión fronto-lateral;Despejado;Bicicleta;Conductor;DE 50 A 54 AÑOS;Hombre;03
2021S007724;07/05/2021;14:10;CTRA. PARQUE DE ATRACCIONES;1;MONCLOA-ARAVACA;Caída;Despejado;Bicicleta EPAC (pedaleo asistido);Conductor;DE 40 A 44 AÑOS;Hombre;03
2021S008110;07/05/2021;12:50;CMNO. PRINCIPE;2;MONCLOA-ARAVACA;Caída;Despejado;Bicicleta;Conductor;DE 21 A 24 AÑOS;Mujer;02
2021S007877;08/05/2021;21:50;CALL. SANTANDER / CALL. MELQUIADES ALVAREZ;-;CHAMBERÍ;Colisión fronto-lateral;Despejado;Bicicleta EPAC (pedaleo asistido);Conductor;DE 21 A 24 AÑOS;Mujer;02
2021S008075;08/05/2021;21:50;CALL. MARCELO USERA;131;USERA;Alcance;Despejado;Bicicleta;Conductor;DE 30 A 34 AÑOS;Hombre;07
2021S008025;08/05/2021;12:05;AVDA. LOS ROSALES / AUTOV. M-40;-;USERA;Alcance;Despejado;Bicicleta;Conductor;DE 30 A 34 AÑOS;Hombre;02
2021S007960;09/05/2021;22:52;CALL. SANTA ENGRACIA;80;CHAMBERÍ;Alcance;Despejado;Bicicleta;Conductor;DE 35 A 39 AÑOS;Hombre;07
2021S007953;09/05/2021;20:15;CALL. ALCALA;211;SALAMANCA;Alcance;Despejado;Bicicleta;Conductor;DE 21 A 24 AÑOS;Hombre;07
2021S007930;09/05/2021;15:55;AVDA. CAMILO JOSE CELA;29;SALAMANCA;Caída;Lluvia débil;Bicicleta;Conductor;DE 30 A 34 AÑOS;Mujer;07
2021S007983;09/05/2021;13:05;CALL. MAYORAZGO DE DUARTE;40;VICÁLVARO;Caída;Despejado;Bicicleta;Conductor;DE 10 A 14 AÑOS;Hombre;02
2021S007918;09/05/2021;11:00;AVDA. MIGUEL HERNANDEZ / CALL. TORREMOLINOS;-;PUENTE DE VALLECAS;Caída;Nublado;Bicicleta;Conductor;DE 60 A 64 AÑOS;Hombre;02
2021S007900;09/05/2021;3:45;CALL. PRINCESA;43;MONCLOA-ARAVACA;Caída;Despejado;Bicicleta EPAC (pedaleo asistido);Conductor;DE 40 A 44 AÑOS;Hombre;01
2021S008016;10/05/2021;18:10;PLAZA. MANUEL BECERRA;6;SALAMANCA;Caída;Despejado;Bicicleta;Conductor;DE 18 A 20 AÑOS;Hombre;02
2021S008139;11/05/2021;21:10;CALL. GOLONDRINA;52;MONCLOA-ARAVACA;Caída;Despejado;Bicicleta;Conductor;DE 10 A 14 AÑOS;Hombre;06
2021S008088;11/05/2021;14:30;GTA. QUEVEDO / CALL. ARAPILES;-;CHAMBERÍ;Colisión fronto-lateral;Despejado;Bicicleta;Conductor;DE 70 A 74 AÑOS;Hombre;02
2021S008192;12/05/2021;13:50;CALL. ALMAGRO;21;CHAMBERÍ;Colisión lateral;Despejado;Bicicleta;Conductor;DE 50 A 54 AÑOS;Hombre;01
2021S008384;14/05/2021;20:20;PASEO. PONTONES / PASEO. MELANCOLICOS;-;ARGANZUELA;Colisión fronto-lateral;;Bicicleta;Conductor;DE 40 A 44 AÑOS;Hombre;14
2021S008288;14/05/2021;15:10;CALL. MORALZARZAL / CALL. LA MASO;-;FUENCARRAL-EL PARDO;Colisión fronto-lateral;Despejado;Bicicleta;Conductor;DE 45 A 49 AÑOS;Hombre;03
2021S008264;14/05/2021;10:21;"AVDA. MANUEL FRAGA IRIBARNE / GTA. ANTONIO CHENEL ""ANTOÑETE""";-;BARAJAS;Colisión fronto-lateral;Despejado;Bicicleta;Conductor;DE 40 A 44 AÑOS;Hombre;02
2021S008408;15/05/2021;23:35;CALL. SAN BERNARDO / CALL. PALMA;-;CENTRO;Alcance;Despejado;Bicicleta;Conductor;DE 30 A 34 AÑOS;Hombre;
2021S008396;15/05/2021;20:45;CALL. SAN HILARIO;5;SAN BLAS-CANILLEJAS;Caída;Despejado;Bicicleta;Conductor;DE 15 A 17 AÑOS;Hombre;07
2021S008368;15/05/2021;11:15;IDB. PARQUE LINEAL DEL MANZANARES;0;PUENTE DE VALLECAS;Atropello a persona;Despejado;Bicicleta EPAC (pedaleo asistido);Conductor;DE 45 A 49 AÑOS;Hombre;07
2021S008368;15/05/2021;11:15;IDB. PARQUE LINEAL DEL MANZANARES;0;PUENTE DE VALLECAS;Atropello a persona;Despejado;Bicicleta EPAC (pedaleo asistido);Peatón;DE 45 A 49 AÑOS;Hombre;07
2021S008364;15/05/2021;10:35;CALL. CEA BERMUDEZ;52;CHAMBERÍ;Colisión lateral;Despejado;Bicicleta;Conductor;DE 40 A 44 AÑOS;Hombre;07
2021S008604;15/05/2021;9:25;CALL. ANTONIO LOPEZ; 195E;USERA;Colisión lateral;;Bicicleta;Conductor;DE 50 A 54 AÑOS;Hombre;
2021S008532;16/05/2021;22:28;CALL. SEPULVEDA;1;LATINA;Caída;Despejado;Bicicleta;Conductor;DE 40 A 44 AÑOS;Hombre;07
2021S008466;16/05/2021;18:45;CALL. VELAZQUEZ / CALL. GOYA;-;SALAMANCA;Colisión fronto-lateral;Despejado;Bicicleta;Conductor;DE 30 A 34 AÑOS;Hombre;14
2021S008458;16/05/2021;15:40;AVDA. LAS FUERZAS ARMADAS / CALL. EDUARDO HARO;-;HORTALEZA;Caída;Despejado;Bicicleta;Conductor;DE 10 A 14 AÑOS;Mujer;06
2021S008496;16/05/2021;8:50;AVDA. DOCTOR GARCIA TAPIA / AUTOV. M-40;-;MORATALAZ;Colisión fronto-lateral;Despejado;Bicicleta;Conductor;DE 40 A 44 AÑOS;Hombre;07
2021S008525;17/05/2021;19:33;PLAZA. MANUEL BECERRA / CALL. ALCALA;-;SALAMANCA;Alcance;Despejado;Bicicleta;Conductor;DE 40 A 44 AÑOS;Hombre;05
2021S008583;18/05/2021;20:25;CALL. BRAVO MURILLO / CALL. LOPE DE HARO;-;TETUÁN;Colisión fronto-lateral;Despejado;Bicicleta;Conductor;DE 30 A 34 AÑOS;Mujer;03
2021S008569;18/05/2021;16:40;CALL. CERRO DE LA PLATA;6;RETIRO;Caída;Despejado;Bicicleta;Conductor;DE 50 A 54 AÑOS;Hombre;
2021S008670;19/05/2021;23:40;AVDA. POBLADOS;70;LATINA;Colisión lateral;Despejado;Bicicleta;Conductor;DE 50 A 54 AÑOS;Hombre;07
2021S008660;19/05/2021;19:50;CTRA. ALCOBENDAS A BARAJAS;30;BARAJAS;Colisión lateral;Despejado;Bicicleta;Conductor;DE 15 A 17 AÑOS;Hombre;01
2021S008621;19/05/2021;14:55;PASEO. RECOLETOS;22;SALAMANCA;Alcance;Despejado;Bicicleta EPAC (pedaleo asistido);Conductor;DE 18 A 20 AÑOS;Hombre;07
2021S008803;20/05/2021;20:15;CMNO. VIEJO DE VICALVARO, FRENTE AL Nº 9;-;VICÁLVARO;Caída;Despejado;Bicicleta;Conductor;DE 55 A 59 AÑOS;Hombre;07
2021S008998;20/05/2021;13:27;CTRA. CASTILLA, +00300S;-;MONCLOA-ARAVACA;Caída;Despejado;Bicicleta;Conductor;DE 15 A 17 AÑOS;Hombre;07
2021S008766;20/05/2021;10:45;GTA. OLGA RAMOS (FAROLA 84);-;FUENCARRAL-EL PARDO;Colisión fronto-lateral;Se desconoce;Bicicleta;Conductor;DE 65 A 69 AÑOS;Hombre;01
2021S008881;21/05/2021;20:15;CTRA. RODAJOS;2;MONCLOA-ARAVACA;Caída;Despejado;Bicicleta;Conductor;DE 45 A 49 AÑOS;Hombre;02
2021S008811;21/05/2021;19:05;CTRA. ESTACION DE HORTALEZA;56;HORTALEZA;Colisión frontal;Despejado;Bicicleta;Conductor;DE 55 A 59 AÑOS;Hombre;14
2021S008811;21/05/2021;19:05;CTRA. ESTACION DE HORTALEZA;56;HORTALEZA;Colisión frontal;Despejado;Bicicleta EPAC (pedaleo asistido);Conductor;DE 55 A 59 AÑOS;Hombre;03
2021S008907;22/05/2021;21:40;CALL. TOLEDO;52;CENTRO;Alcance;Despejado;Bicicleta;Conductor;DE 18 A 20 AÑOS;Hombre;
2021S008866;22/05/2021;8:40;CALL. ALCALA;253;CIUDAD LINEAL;Alcance;Despejado;Bicicleta;Conductor;DE 35 A 39 AÑOS;Hombre;06
2021S008974;23/05/2021;16:45;CALL. PUERTO ALTO / CALL. MONTE PERDIDO;-;PUENTE DE VALLECAS;Colisión fronto-lateral;Nublado;Bicicleta;Conductor;DE 35 A 39 AÑOS;Hombre;
2021S008970;23/05/2021;14:55;CALL. MINERVA / CALL. TITANIO;-;VICÁLVARO;Alcance;Nublado;Bicicleta;Conductor;DE 40 A 44 AÑOS;Hombre;
2021S009054;24/05/2021;13:20;AVDA. ENTREVIAS / AVDA. BUENOS AIRES;-;PUENTE DE VALLECAS;Caída;Despejado;Bicicleta;Conductor;DE 55 A 59 AÑOS;Hombre;05
2021S009101;25/05/2021;20:00;CALL. MATEO INURRIA;5;CHAMARTÍN;Alcance;Despejado;Bicicleta;Conductor;DE 25 A 29 AÑOS;Hombre;07
2021S009096;25/05/2021;19:40;CALL. VIRGEN DE LOS ROSALES / CALL. VELETA;-;MONCLOA-ARAVACA;Caída;Despejado;Bicicleta;Conductor;DE 55 A 59 AÑOS;Hombre;06
2021S009087;25/05/2021;17:15;AVDA. ARCENTALES;7;SAN BLAS-CANILLEJAS;Colisión lateral;Despejado;Bicicleta;Conductor;DE 25 A 29 AÑOS;Mujer;
2021S009116;25/05/2021;14:50;PASEO. CHOPERA;10;ARGANZUELA;Caída;Despejado;Bicicleta;Conductor;DE 40 A 44 AÑOS;Hombre;07
2021S009051;25/05/2021;4:45;CALL. MESON DE PAREDES / CALL. MIGUEL SERVET;-;CENTRO;Colisión múltiple;Despejado;Bicicleta;Conductor;DE 30 A 34 AÑOS;Hombre;07
2021S009168;26/05/2021;22:20;PASEO. MELANCOLICOS;4;ARGANZUELA;Caída;Despejado;Bicicleta;Conductor;DE 30 A 34 AÑOS;Hombre;03
2021S009154;26/05/2021;20:00;AVDA. ANDES;52;HORTALEZA;Caída;Despejado;Bicicleta;Conductor;DE 30 A 34 AÑOS;Hombre;06
2021S009155;26/05/2021;19:42;CALL. ALFONSO XII;3;RETIRO;Caída;Despejado;Bicicleta EPAC (pedaleo asistido);Conductor;DE 15 A 17 AÑOS;Hombre;01
2021S009155;26/05/2021;19:42;CALL. ALFONSO XII;3;RETIRO;Caída;Despejado;Bicicleta EPAC (pedaleo asistido);Pasajero;DE 10 A 14 AÑOS;Hombre;14
2021S009147;26/05/2021;17:40;AVDA. MONASTERIO DE SILOS; 7B;FUENCARRAL-EL PARDO;Colisión fronto-lateral;Despejado;Bicicleta;Conductor;DE 45 A 49 AÑOS;Mujer;03
2021S009147;26/05/2021;17:40;AVDA. MONASTERIO DE SILOS; 7B;FUENCARRAL-EL PARDO;Colisión fronto-lateral;Despejado;Bicicleta;Conductor;DESCONOCIDA;;
2021S009241;27/05/2021;23:45;CALL. SANTA ENGRACIA;140;CHAMBERÍ;Choque contra obstáculo fijo;Despejado;Bicicleta;Conductor;DE 30 A 34 AÑOS;Hombre;01
2021S009224;27/05/2021;19:30;CALL. ANTONIO MACHADO / CALL. VALDERREY;-;MONCLOA-ARAVACA;Colisión lateral;Despejado;Bicicleta;Conductor;DE 25 A 29 AÑOS;Hombre;06
2021S009261;27/05/2021;14:05;CMNO. POZO DEL TIO RAIMUNDO;37;VILLA DE VALLECAS;Colisión lateral;Despejado;Bicicleta;Conductor;DE 30 A 34 AÑOS;Hombre;01
2021S009171;27/05/2021;0:00;CALL. GENOVA;24;CENTRO;Caída;Despejado;Bicicleta EPAC (pedaleo asistido);Conductor;DE 25 A 29 AÑOS;Hombre;07
2021S009492;28/05/2021;7:40;CALL. EMBAJADORES;300;ARGANZUELA;Caída;Despejado;Bicicleta;Conductor;DE 35 A 39 AÑOS;Mujer;07
2021S009258;28/05/2021;3:40;PASEO. CASTELLANA;180;CHAMARTÍN;Choque contra obstáculo fijo;Despejado;Bicicleta;Conductor;DE 30 A 34 AÑOS;Mujer;01
2021S009357;29/05/2021;12:30;CALL. SEGOVIA;21;CENTRO;Caída;Despejado;Bicicleta;Conductor;DE 50 A 54 AÑOS;Hombre;06
2021S009484;29/05/2021;11:15;PASEO PIÑONEROS KM 46,708 VIA VERDE CASA DE CAMPO;-;MONCLOA-ARAVACA;Colisión fronto-lateral;Despejado;Bicicleta;Conductor;DE 35 A 39 AÑOS;Hombre;02
2021S009484;29/05/2021;11:15;PASEO PIÑONEROS KM 46,708 VIA VERDE CASA DE CAMPO;-;MONCLOA-ARAVACA;Colisión fronto-lateral;Despejado;Bicicleta;Conductor;DE 45 A 49 AÑOS;Hombre;07
2021S009421;29/05/2021;10:00;AVDA. CARDENAL HERRERA ORIA / AVDA. LLANO CASTELLANO;-;FUENCARRAL-EL PARDO;Caída;Despejado;Bicicleta;Conductor;DE 60 A 64 AÑOS;Hombre;06
2021S009421;29/05/2021;10:00;AVDA. CARDENAL HERRERA ORIA / AVDA. LLANO CASTELLANO;-;FUENCARRAL-EL PARDO;Caída;Despejado;Bicicleta;Conductor;DE 50 A 54 AÑOS;Hombre;07
2021S009511;30/05/2021;15:10;CALL. PEDRO RICO / CALL. ARTURO DUPERIER;-;FUENCARRAL-EL PARDO;Caída;Despejado;Bicicleta;Conductor;DE 60 A 64 AÑOS;Hombre;02
2021S009423;30/05/2021;11:45;CALL. EMBAJADORES / ACCESO CAJA MAGICA;-;ARGANZUELA;Colisión fronto-lateral;Despejado;Bicicleta;Conductor;DE 45 A 49 AÑOS;Mujer;02
2021S009537;31/05/2021;22:15;PASEO. RECOLETOS / CALL. ARMADA ESPAÑOLA;-;SALAMANCA;Caída;Lluvia débil;Bicicleta;Conductor;DE 40 A 44 AÑOS;Hombre;05
2021S009532;31/05/2021;20:35;CALL. VIA CARPETANA;57;CARABANCHEL;Caída;;Bicicleta;Conductor;DESCONOCIDA;;
2021S009570;31/05/2021;14:20;PLAZA. EMPERADOR CARLOS V;1;CENTRO;Alcance;Despejado;Bicicleta EPAC (pedaleo asistido);Conductor;DE 30 A 34 AÑOS;Hombre;
2021S009686;01/06/2021;21:35;AVDA. BRASILIA / AVDA. BADAJOZ;-;SALAMANCA;Alcance;Despejado;Bicicleta;Conductor;DE 55 A 59 AÑOS;Hombre;07
2021S009606;01/06/2021;19:30;CUSTA. SAN VICENTE / CALL. BAILEN;-;MONCLOA-ARAVACA;Caída;Despejado;Bicicleta;Conductor;DE 25 A 29 AÑOS;Mujer;06
2021S009665;01/06/2021;15:34;RONDA. VALENCIA / CALL. ALONSO DEL BARCO;-;ARGANZUELA;Alcance;Despejado;Bicicleta;Conductor;DE 35 A 39 AÑOS;Hombre;01
2021S009635;01/06/2021;11:05;GTA. EMBAJADORES / RONDA. VALENCIA;-;CENTRO;Atropello a persona;Despejado;Bicicleta;Conductor;DESCONOCIDA;;
2021S009635;01/06/2021;11:05;GTA. EMBAJADORES / RONDA. VALENCIA;-;CENTRO;Atropello a persona;Despejado;Bicicleta;Peatón;DE 30 A 34 AÑOS;Hombre;05
2021S009673;02/06/2021;16:40;CALL. ALCALDE SAINZ DE BARANDA / AUTOV. M-23;-;RETIRO;Colisión frontal;Despejado;Bicicleta;Conductor;DE 50 A 54 AÑOS;Hombre;14
2021S009753;02/06/2021;14:55;PASEO. CASTELLANA;216;CHAMARTÍN;Colisión lateral;Despejado;Bicicleta;Conductor;DE 40 A 44 AÑOS;Hombre;07
2021S009724;02/06/2021;13:10;CALL. ALEJANDRO SANCHEZ;72;CARABANCHEL;Choque contra obstáculo fijo;Despejado;Bicicleta;Conductor;DE 30 A 34 AÑOS;Hombre;07
2021S009732;02/06/2021;12:30;AVDA. MENENDEZ PELAYO / CALL. DOCTOR CASTELO;-;RETIRO;Colisión fronto-lateral;Despejado;Bicicleta;Conductor;DE 55 A 59 AÑOS;Hombre;
2021S009701;02/06/2021;11:30;CALL. VIRGEN DE LOS PELIGROS;12;CENTRO;Otro;Despejado;Bicicleta EPAC (pedaleo asistido);Conductor;DE 30 A 34 AÑOS;Hombre;07
2021S009776;03/06/2021;19:45;GTA. MARQUES DE VADILLO;1;CARABANCHEL;Alcance;Despejado;Bicicleta;Conductor;DE 60 A 64 AÑOS;Hombre;07
2021S009818;03/06/2021;13:40;PLAZA. INDEPENDENCIA / CALL. ALFONSO XII;-;SALAMANCA;Colisión lateral;Despejado;Bicicleta EPAC (pedaleo asistido);Conductor;DE 30 A 34 AÑOS;Mujer;07
2021S009877;04/06/2021;23:50;CALL. INFANTA MERCEDES;27;TETUÁN;Otro;Despejado;Bicicleta EPAC (pedaleo asistido);Conductor;DE 30 A 34 AÑOS;Hombre;07
2021S009839;04/06/2021;19:05;CALL. FUENCARRAL / CALL. JERONIMO DE LA QUINTANA;-;CHAMBERÍ;Colisión fronto-lateral;Despejado;Bicicleta;Conductor;DE 40 A 44 AÑOS;Hombre;03
2021S009947;05/06/2021;23:00;CALL. ALCALA / AUTOV. M-30;-;SALAMANCA;Colisión lateral;Despejado;Bicicleta;Conductor;DE 30 A 34 AÑOS;Hombre;03
2021S009902;05/06/2021;5:30;PLAZA. LEGAZPI CON PASEO DE LA CHOPERA;-;ARGANZUELA;Caída;Despejado;Bicicleta;Conductor;DE 30 A 34 AÑOS;Hombre;06
2021S010125;06/06/2021;13:35;AVDA. MONASTERIO DE SILOS;96;FUENCARRAL-EL PARDO;Colisión frontal;Despejado;Bicicleta;Conductor;DE 55 A 59 AÑOS;Hombre;07
2021S010125;06/06/2021;13:35;AVDA. MONASTERIO DE SILOS;96;FUENCARRAL-EL PARDO;Colisión frontal;Despejado;Bicicleta;Conductor;DE 50 A 54 AÑOS;Hombre;06
2021S010149;06/06/2021;11:35;CALL. ISABEL COLBRAND / CALL. MARIA TUBAU;-;FUENCARRAL-EL PARDO;Caída;Despejado;Bicicleta;Conductor;DE 10 A 14 AÑOS;Mujer;05
2021S010047;06/06/2021;11:30;AVDA. LAS FUERZAS ARMADAS;136;HORTALEZA;Caída;Despejado;Bicicleta;Conductor;DE 40 A 44 AÑOS;Mujer;01
2021S009991;06/06/2021;11:15;AVDA. MENENDEZ PELAYO;38;RETIRO;Caída;Despejado;Bicicleta EPAC (pedaleo asistido);Conductor;DE 55 A 59 AÑOS;Mujer;02
2021S010099;07/06/2021;19:45;PLAZA. ALSACIA / AVDA. INSTITUCION LIBRE DE ENSEÑANZA;-;SAN BLAS-CANILLEJAS;Colisión fronto-lateral;Despejado;Bicicleta;Conductor;DE 21 A 24 AÑOS;Hombre;
2021S010076;07/06/2021;15:00;PLAZA. CORTES;2;CENTRO;Colisión fronto-lateral;Despejado;Bicicleta;Conductor;DE 25 A 29 AÑOS;Mujer;07
2021S010188;07/06/2021;6:47;AVDA. PORTUGAL / AVDA. PRINCIPAL;-;LATINA;Colisión fronto-lateral;Despejado;Bicicleta;Conductor;DE 50 A 54 AÑOS;Hombre;01
2021S010131;08/06/2021;8:50;PLAZA CIBELES - CALLE ALCALA;-;RETIRO;Colisión lateral;Despejado;Bicicleta;Conductor;DE 50 A 54 AÑOS;Mujer;03
2021S010245;09/06/2021;19:15;CALL. PINOS ALTA;5;TETUÁN;Atropello a persona;Despejado;Bicicleta;Conductor;DE 21 A 24 AÑOS;Hombre;14
2021S010245;09/06/2021;19:15;CALL. PINOS ALTA;5;TETUÁN;Atropello a persona;Despejado;Bicicleta;Peatón;DE 40 A 44 AÑOS;Mujer;02
2021S010810;09/06/2021;7:00;PASEO. PRADO;1;RETIRO;Caída;Despejado;Bicicleta;Conductor;DE 30 A 34 AÑOS;Hombre;01
2021S010364;10/06/2021;22:30;CALL. CARTAGENA;158;CHAMARTÍN;Alcance;Despejado;Bicicleta EPAC (pedaleo asistido);Conductor;DE 21 A 24 AÑOS;Mujer;01
2021S010311;10/06/2021;16:30;CALL. ALCALA / ARCON;-;CIUDAD LINEAL;Caída;Despejado;Bicicleta EPAC (pedaleo asistido);Conductor;DE 21 A 24 AÑOS;Mujer;06
2021S010414;10/06/2021;16:05;CALL. PLANETA TIERRA / CALL. EROS;-;ARGANZUELA;Caída;Despejado;Bicicleta;Conductor;DE 40 A 44 AÑOS;Hombre;01
2021S010419;10/06/2021;14:20;PASEO. SANTA MARIA DE LA CABEZA;18;ARGANZUELA;Caída;Despejado;Bicicleta;Conductor;DE 18 A 20 AÑOS;Hombre;01
2021S010276;10/06/2021;12:39;CALL. SAN DALMACIO;19;VILLAVERDE;Colisión lateral;Despejado;Bicicleta;Conductor;DE 25 A 29 AÑOS;Hombre;
2021S010572;11/06/2021;19:25;CALL. MONASTERIO DE LAS HUELGAS;5;FUENCARRAL-EL PARDO;Caída;Despejado;Bicicleta;Conductor;DE 15 A 17 AÑOS;Hombre;07
2021S010514;12/06/2021;21:30;CALL. GENOVA;24;CENTRO;Caída;Despejado;Bicicleta;Conductor;DE 30 A 34 AÑOS;Hombre;02
2021S010483;12/06/2021;10:15;CALL. ALEGRIA DE ORIA / CALL. TESEO;-;SAN BLAS-CANILLEJAS;Colisión lateral;Despejado;Bicicleta;Conductor;DE 55 A 59 AÑOS;Hombre;07
2021S010567;12/06/2021;9:45;CALL. SAMARIA / CALL. DOCTOR ESQUERDO;-;RETIRO;Caída;Despejado;Bicicleta;Conductor;DE 50 A 54 AÑOS;Hombre;01
2021S010587;13/06/2021;21:20;CALL. GENOVA;16;CENTRO;Colisión fronto-lateral;Nublado;Bicicleta;Conductor;DE 25 A 29 AÑOS;Hombre;02
2021S010564;13/06/2021;11:50;REAL DE ARGANDA;74;VILLA DE VALLECAS;Colisión fronto-lateral;Despejado;Bicicleta;Conductor;DE 65 A 69 AÑOS;Hombre;
2021S010594;13/06/2021;5:05;CALL. PRINCESA;31;MONCLOA-ARAVACA;Alcance;Despejado;Bicicleta;Conductor;DE 25 A 29 AÑOS;Hombre;02
2021S010709;14/06/2021;21:41;CALL. MONASTERIO DE EL PAULAR / AVDA. MONASTERIO DE SILOS;-;FUENCARRAL-EL PARDO;Caída;Despejado;Bicicleta;Conductor;DE 50 A 54 AÑOS;Hombre;07
2021S010725;15/06/2021;23:02;AVDA. MARQUES DE CORBERA;22;CIUDAD LINEAL;Colisión lateral;Despejado;Bicicleta;Conductor;DE 25 A 29 AÑOS;Hombre;01
2021S010698;15/06/2021;15:00;PASEO. ERMITA DEL SANTO;16;LATINA;Colisión fronto-lateral;Despejado;Bicicleta;Conductor;DE 25 A 29 AÑOS;Hombre;14
2021S010698;15/06/2021;15:00;PASEO. ERMITA DEL SANTO;16;LATINA;Colisión fronto-lateral;Despejado;Bicicleta;Conductor;DE 55 A 59 AÑOS;Hombre;07
2021S010739;15/06/2021;11:30;PASEO. CAMOENS Y VALERO / PASEO. RUPERTO CHAPI;-;MONCLOA-ARAVACA;Colisión fronto-lateral;Despejado;Bicicleta;Conductor;DE 40 A 44 AÑOS;Hombre;01
2021S010831;15/06/2021;10:20;AVDA. FRANCISCO PI Y MARGALL / CALL. MARIA DE PORTUGAL;-;HORTALEZA;Colisión frontal;Despejado;Bicicleta;Conductor;DE 35 A 39 AÑOS;Hombre;
2021S010682;15/06/2021;8:55;CALL. LOMBIA / CALL. JORGE JUAN;-;SALAMANCA;Colisión fronto-lateral;;Bicicleta;Conductor;DE 40 A 44 AÑOS;Hombre;14
2021S010916;16/06/2021;20:00;CALL. RICARDO BELTRAN Y ROZPIDE / CALL. ALBARDIN;-;USERA;Alcance;Despejado;Bicicleta;Conductor;DE 10 A 14 AÑOS;Hombre;07
2021S010860;16/06/2021;19:10;CALL. VIA CARPETANA / PASEO. ERMITA DEL SANTO;-;CARABANCHEL;Caída;Lluvia débil;Bicicleta EPAC (pedaleo asistido);Conductor;DE 50 A 54 AÑOS;Mujer;14
2021S010868;17/06/2021;18:35;CALL. VILLANUEVA / CALL. SERRANO;-;SALAMANCA;Alcance;Despejado;Bicicleta EPAC (pedaleo asistido);Conductor;DE 40 A 44 AÑOS;Mujer;07
2021S010803;17/06/2021;8:25;CALL. VELAZQUEZ;6;SALAMANCA;Alcance;Lluvia débil;Bicicleta;Conductor;DE 35 A 39 AÑOS;Mujer;02
2021S011089;19/06/2021;21:35;GTA. EDIMBURGO;1;BARAJAS;Colisión fronto-lateral;Despejado;Bicicleta;Conductor;DE 45 A 49 AÑOS;Hombre;14
2021S011227;19/06/2021;21:05;CALL. BLAS CABRERA;125;LATINA;Choque contra obstáculo fijo;;Bicicleta;Conductor;DE 50 A 54 AÑOS;Hombre;14
2021S011084;19/06/2021;21:00;CALL. VALLE DE ARAN;5;MONCLOA-ARAVACA;Caída;Lluvia débil;Bicicleta EPAC (pedaleo asistido);Conductor;DE 18 A 20 AÑOS;Mujer;
2021S011201;19/06/2021;20:55;BIBLM. EUGENIO TRIAS CASA DE FIERAS DEL RETIRO;0;RETIRO;Caída;Despejado;Bicicleta EPAC (pedaleo asistido);Conductor;DE 25 A 29 AÑOS;Mujer;05
2021S010978;19/06/2021;1:40;CALL. JUAN BRAVO / CALL. ALCANTARA;-;SALAMANCA;Caída;Despejado;Bicicleta;Conductor;DE 25 A 29 AÑOS;Hombre;06
2021S011098;20/06/2021;18:55;CALL. LUIS DE HOYOS SAINZ / CALL. VALDEBERNARDO;-;MORATALAZ;Alcance;Despejado;Bicicleta;Conductor;DE 15 A 17 AÑOS;Hombre;03
2021S011097;20/06/2021;18:10;CALL. TOLEDO;74;CENTRO;Caída;Despejado;Bicicleta;Conductor;DE 25 A 29 AÑOS;Mujer;01
2021S011221;21/06/2021;20:39;AVDA. DOCTOR GARCIA TAPIA;232;MORATALAZ;Choque contra obstáculo fijo;Despejado;Bicicleta;Conductor;DE 10 A 14 AÑOS;Hombre;07
2021S011142;21/06/2021;10:10;CALL. ARTURO SORIA / CALL. LOPEZ DE HOYOS;-;CIUDAD LINEAL;Caída;Despejado;Bicicleta EPAC (pedaleo asistido);Conductor;DE 45 A 49 AÑOS;Hombre;07
2021S011192;21/06/2021;7:50;CALL. BIGASTRO / CALL. NAVACEPEDILLA;-;LATINA;Caída;Despejado;Bicicleta;Conductor;DE 45 A 49 AÑOS;Hombre;07
2021S011286;23/06/2021;18:20;CALL. TOLEDO;107;CENTRO;Caída;Despejado;Bicicleta;Conductor;DE 30 A 34 AÑOS;Mujer;01
2021S011439;24/06/2021;22:15;AVDA. PLANETARIO;18;ARGANZUELA;Caída;Despejado;Bicicleta;Conductor;DE 25 A 29 AÑOS;Hombre;01
2021S011442;24/06/2021;21:50;PASEO. OLMOS;14;ARGANZUELA;Caída;Despejado;Bicicleta;Conductor;DE 25 A 29 AÑOS;Hombre;07
2021S011367;24/06/2021;17:45;CALL. GENERAL ALVAREZ DE CASTRO;24;CHAMBERÍ;Atropello a persona;Despejado;Bicicleta EPAC (pedaleo asistido);Conductor;DE 18 A 20 AÑOS;Hombre;14
2021S011367;24/06/2021;17:45;CALL. GENERAL ALVAREZ DE CASTRO;24;CHAMBERÍ;Atropello a persona;Despejado;Bicicleta EPAC (pedaleo asistido);Peatón;DE 50 A 54 AÑOS;Mujer;01
2021S011347;24/06/2021;17:05;CALL. O'DONNELL;44;RETIRO;Colisión fronto-lateral;Despejado;Bicicleta;Conductor;DE 30 A 34 AÑOS;Hombre;06
2021S011444;24/06/2021;16:30;PASEO. SANTA MARIA DE LA CABEZA;13;ARGANZUELA;Alcance;Despejado;Bicicleta EPAC (pedaleo asistido);Conductor;DE 55 A 59 AÑOS;Mujer;07
2021S011348;24/06/2021;15:00;CSTAN. ANGELES;12;CENTRO;Caída;Despejado;Bicicleta EPAC (pedaleo asistido);Conductor;DE 21 A 24 AÑOS;Hombre;01
2021S011478;25/06/2021;23:25;CALL. PRINCIPE DE VERGARA / CALL. MALDONADO;-;SALAMANCA;Caída;Despejado;Bicicleta;Conductor;DE 30 A 34 AÑOS;Mujer;07
2021S011762;25/06/2021;20:04;CMNO. PERALES;98;USERA;Caída;Despejado;Bicicleta;Conductor;DE 30 A 34 AÑOS;Hombre;07
2021S011380;25/06/2021;1:10;CALL. BALTASAR SANTOS;2;PUENTE DE VALLECAS;Caída;Despejado;Bicicleta;Conductor;DE 40 A 44 AÑOS;Mujer;07
2021S011553;26/06/2021;21:00;AVDA. INSTITUCION LIBRE DE ENSEÑANZA / CALL. CASTILLO DE UCLES;-;SAN BLAS-CANILLEJAS;Colisión fronto-lateral;Despejado;Bicicleta;Conductor;DE 6 A 9 AÑOS;Hombre;
2021S011544;26/06/2021;18:00;CALL. CRUZ / CALL. BARCELONA;-;CENTRO;Colisión lateral;Despejado;Bicicleta;Conductor;DE 35 A 39 AÑOS;Hombre;
2021S011535;26/06/2021;13:52;CALL. HORTALEZA;73;CENTRO;Colisión lateral;Despejado;Bicicleta;Conductor;DE 30 A 34 AÑOS;Hombre;
2021S011606;26/06/2021;11:12;CALL. FERMIN CABALLERO;89;FUENCARRAL-EL PARDO;Colisión fronto-lateral;Despejado;Bicicleta;Conductor;DE 35 A 39 AÑOS;Hombre;07
2021S011494;26/06/2021;1:40;CALL. ALCALA;48;CENTRO;Choque contra obstáculo fijo;Despejado;Bicicleta EPAC (pedaleo asistido);Conductor;DE 25 A 29 AÑOS;Hombre;01
2021S011675;27/06/2021;23:35;CALL. PRINCIPE DE VERGARA; 209A;CHAMARTÍN;Caída;Despejado;Bicicleta;Conductor;DE 25 A 29 AÑOS;Mujer;02
2021S011690;27/06/2021;13:05;CALL. LA ALBERCA;7;FUENCARRAL-EL PARDO;Caída;Despejado;Bicicleta;Conductor;DE 25 A 29 AÑOS;Hombre;06
2021S011676;27/06/2021;10:30;CALL. LA TABERNERA DEL PUERTO;2;VILLAVERDE;Colisión fronto-lateral;Despejado;Bicicleta;Conductor;DE 60 A 64 AÑOS;Hombre;06
2021S011682;27/06/2021;10:30;CALL. ENCOMIENDA DE PALACIOS;1;MORATALAZ;Caída;Despejado;Bicicleta;Conductor;DE 18 A 20 AÑOS;Hombre;07
2021S011563;27/06/2021;0:00;CALL. JORGE JUAN;38;SALAMANCA;Colisión fronto-lateral;Despejado;Bicicleta;Conductor;DE 21 A 24 AÑOS;Mujer;06
2021S011716;28/06/2021;17:55;PASEO. EMBARCADERO;6;MONCLOA-ARAVACA;Caída;Despejado;Bicicleta;Conductor;DE 10 A 14 AÑOS;Hombre;06
2021S011845;29/06/2021;19:00;CALL. SAN EPIFANIO;5;ARGANZUELA;Colisión fronto-lateral;;Bicicleta;Conductor;DE 30 A 34 AÑOS;Hombre;14
2021S011852;30/06/2021;18:50;CALL. PLATANO;32;TETUÁN;Caída;Despejado;Bicicleta EPAC (pedaleo asistido);Conductor;DE 15 A 17 AÑOS;Hombre;07
2021S011847;30/06/2021;16:45;PASEO. RECOLETOS / CALL. ARMADA ESPAÑOLA;-;SALAMANCA;Colisión lateral;Despejado;Bicicleta;Conductor;DE 30 A 34 AÑOS;Hombre;14
