EXPEDIENTE,DATETIME,CALLE,NUMERO,DISTRITO,TIPOACCIDENTE,TIEMPO,TIPOVEHICULO,VICTIMA,TIPOPERSONA,RANGOEDAD,SEXO,LESIVIDAD
2021S000047,2021-01-01T11:38:00Z,CALLE_JOSE_BERGAMIN_-_CALLE_FLORENCIO_CANO_CRISTOBAL,62,MORATALAZ,Caída,Despejado,Bicicleta,10001,Conductor,De 45 a 49 años,Hombre,2
2021S000142,2021-04-01T11:30:00Z,WANDA_METROPOLITANO_PARQUE_FAROLA_,1,SAN_BLAS-CANILLEJAS,Caída,Despejado,Bicicleta,10002,Conductor,De 15 a 17 años,Hombre,14
2021S000142,2021-04-01T11:30:00Z,WANDA_METROPOLITANO_PARQUE_FAROLA_,1,SAN_BLAS-CANILLEJAS,Caída,Despejado,Bicicleta,10003,Conductor,De 18 a 20 años,Hombre,14
2021S000142,2021-04-01T11:30:00Z,WANDA_METROPOLITANO_PARQUE_FAROLA_,1,SAN_BLAS-CANILLEJAS,Caída,Despejado,Bicicleta,10004,Conductor,De 21 a 24 años,Hombre,14
2021S000142,2021-04-01T11:30:00Z,WANDA_METROPOLITANO_PARQUE_FAROLA_,1,SAN_BLAS-CANILLEJAS,Caída,Despejado,Bicicleta,10005,Conductor,De 50 a 54 años,Hombre,6
2021S000204,2021-05-01T16:35:00Z,PLAZA_EMPERADOR_V_N,11,CENTRO,Colisión fronto-lateral,Despejado,Bicicleta,10006,Conductor,De 18 a 20 años,Hombre,
2021S000225,2021-04-01T10:40:00Z,PASEO_PRADO_-_PLAZA_MURILLO,11,RETIRO,Alcance,Despejado,Bicicleta,10007,Conductor,De 40 a 44 años,Hombre,7
2021S000511,2021-01-16T18:50:00Z,AVENIDA_CIUDAD_DE_BARCELONA_,144,RETIRO,Alcance,Despejado,Bicicleta,10008,Conductor,De 21 a 24 años,Hombre,3
2021S000675,2021-01-18T22:42:00Z,RONDA_VALENCIA_,5,ARGANZUELA,Alcance,Despejado,Bicicleta,10009,Conductor,De 25 a 29 años,Hombre,1
2021S000806,2021-01-22T23:25:00Z,CALLE_BRAVO_MURILLO_,97,CHAMBERI,Caída,,Bicicleta,10010,Conductor,De 25 a 29 años,Hombre,
2021S000898,2021-01-24T15:35:00Z,CALLE_ALMIRANTE_-_PASEO_RECOLETOS,32,CENTRO,Colisión fronto-lateral,,Bicicleta,10011,Conductor,De 30 a 34 años,Hombre,
2021S000931,2021-01-24T01:30:00Z,PLAZA_CANOVAS_DEL_CASTILLO_,5,CENTRO,Atropello a persona,Despejado,Bicicleta,10012,Conductor,De 35 a 39 años,Hombre,14
2021S000931,2021-01-24T01:30:00Z,PLAZA_CANOVAS_DEL_CASTILLO_,5,CENTRO,Atropello a persona,Despejado,Bicicleta,10013,Peatón,De 60 a 64 años,Mujer,7
2021S000933,2021-01-23T11:40:00Z,PASEO_YESERIAS_-_CALLE_MELILLA,15A,ARGANZUELA,Colisión lateral,Despejado,Bicicleta,10014,Conductor,De 45 a 49 años,Hombre,7
2021S001043,2021-01-26T07:25:00Z,GLORIETA_SANTA_MARIA_DE_LA_CABEZA_-_GLORIETA_EMBAJADORES,7,ARGANZUELA,Caída,Lluvia débil,Bicicleta,10015,Conductor,De 30 a 34 años,Mujer,6
2021S001084,2021-01-26T23:10:00Z,CALLE_GRAN_VIA_,66,CENTRO,Colisión lateral,Despejado,Bicicleta,10016,Conductor,Desconocido,Desconocido,
2021S001109,2021-01-28T17:40:00Z,CALLE_JUAN_DE_URBIETA_,3,RETIRO,Caída,Despejado,Bicicleta,10017,Conductor,De 35 a 39 años,Hombre,1
2021S001122,2021-01-27T22:10:00Z,CALLE_ORENSE_-_CALLE_SOR_ANGELA_DE_LA_CRUZ,69,TETUAN,Alcance,Despejado,Bicicleta,10018,Conductor,De 30 a 34 años,Hombre,2
2021S001147,2021-01-29T16:00:00Z,PLAZA_LAVAPIES_,1,CENTRO,Caída,Nublado,Bicicleta,10019,Conductor,De 40 a 44 años,Mujer,1
2021S001184,2021-01-29T23:45:00Z,CALLE_VILLANUEVA_-_CALLE_VELAZQUEZ,34,SALAMANCA,Caída,Despejado,Bicicleta,10020,Conductor,De 40 a 44 años,Hombre,2
2021S001209,2021-01-29T14:55:00Z,CALLE_BRAVO_MURILLO_-_CALLE_SANTA_JULIANA,163,TETUAN,Colisión fronto-lateral,,Bicicleta,10021,Conductor,Desconocido,Desconocido,
2021S001213,2021-01-29T18:30:00Z,CALLE_PRINCIPE_DE_VERGARA_,24,SALAMANCA,Colisión frontal,Despejado,Bicicleta,10022,Conductor,De 40 a 44 años,Hombre,
2021S001219,2021-01-30T15:00:00Z,CALLE_ALMAGRO_,7,CHAMBERI,Alcance,Despejado,Bicicleta,10023,Conductor,De 25 a 29 años,Mujer,
2021S001289,2021-01-31T13:50:00Z,PLAZA_CIBELES_,1,RETIRO,Colisión lateral,Despejado,Bicicleta,10024,Conductor,De 35 a 39 años,Hombre,
2021S001294,2021-01-30T19:30:00Z,CALLE_CONCEJAL_FRANCISCO_JOSE_JIMENEZ_MARTIN_,16,LATINA,Choque contra obstáculo fijo,Despejado,Bicicleta,10025,Conductor,De 18 a 20 años,Hombre,2
2021S001304,2021-01-31T20:25:00Z,CALLE_SERRANO_,102,SALAMANCA,Caída,Despejado,Bicicleta,10026,Conductor,De 21 a 24 años,Hombre,6
2021S001326,2021-01-02T13:05:00Z,CALLE_ANDALUCES_DEL_POZO_-_CALLE_ANDALUCES_DEL_POZO,9,PUENTE_DE_VALLECAS,Colisión fronto-lateral,Despejado,Bicicleta,10027,Conductor,De 6  a  9 años,Hombre,7
2021S001330,2021-01-31T15:40:00Z,CALLE_ARROYO_FONTARRON_-_CALLE_ENCOMIENDA_DE_PALACIOS,24,MORATALAZ,Caída,Lluvia débil,Bicicleta,10028,Conductor,De 25 a 29 años,Hombre,7
2021S001366,2021-01-02T09:40:00Z,PARQUE_MADRID_RIO_+I,+00650I,ARGANZUELA,Caída,Despejado,Bicicleta,10029,Conductor,De 21 a 24 años,Mujer,1
2021S001370,2021-02-02T09:05:00Z,PASEO_ERMITA_DEL_SANTO_-_PASEO_ERMITA_DEL_SANTO,68,CARABANCHEL,Caída,Nublado,Bicicleta,10030,Conductor,De 25 a 29 años,Hombre,2
2021S001423,2021-01-31T09:00:00Z,CALLE_VILLAMANIN_,35,LATINA,Colisión fronto-lateral,,Bicicleta,10031,Conductor,De 55 a 59 años,Hombre,
2021S001449,2021-01-31T15:55:00Z,AVENIDA_MONFORTE_DE_LEMOS_,32,FUENCARRAL-EL_PARDO,Alcance,Despejado,Bicicleta,10032,Conductor,De 35 a 39 años,Hombre,7
2021S001532,2021-03-02T18:43:00Z,CALLE_PLANETA_TIERRA_,6,ARGANZUELA,Choque contra obstáculo fijo,Lluvia débil,Bicicleta,10033,Conductor,De 55 a 59 años,Hombre,7
2021S001645,2021-06-02T14:45:00Z,CALLE_SERRANO_,45,SALAMANCA,Caída,Despejado,Bicicleta,10034,Conductor,De 18 a 20 años,Mujer,5
2021S001691,2021-07-02T11:05:00Z,CALLE_DIAMANTE_-_CARRETERA_VILLAVERDE_A_VALLECAS,1,VILLAVERDE,Colisión fronto-lateral,Despejado,Bicicleta,10035,Conductor,De 40 a 44 años,Hombre,1
2021S001696,2021-07-02T12:10:00Z,GLORIETA_CARLOS_LLAMAS_,0,SAN_BLAS-CANILLEJAS,Colisión fronto-lateral,Despejado,Bicicleta,10036,Conductor,De 40 a 44 años,Hombre,2
2021S001696,2021-07-02T12:10:00Z,GLORIETA_CARLOS_LLAMAS_,0,SAN_BLAS-CANILLEJAS,Colisión fronto-lateral,Despejado,Bicicleta,10037,Conductor,De 60 a 64 años,Hombre,14
2021S001709,2021-07-02T15:00:00Z,AVENIDA_LUIS_ARAGONES_-_PLAZA_GRECIA,4,SAN_BLAS-CANILLEJAS,Caída,Despejado,Bicicleta,10038,Conductor,De 10 a 14 años,Hombre,7
2021S001742,2021-07-02T10:51:00Z,AVENIDA_FRANCISCO_JAVIER_SAENZ_DE_OIZA_-_CALLE_ALBERTO_DE_PALACIO,4,HORTALEZA,Colisión lateral,Despejado,Bicicleta,10039,Conductor,De 25 a 29 años,Hombre,7
2021S001804,2021-08-02T10:50:00Z,AVENIDA_MEMORIA_-_PLAZA_CARDENAL_CISNEROS,2,MONCLOA-ARAVACA,Caída,Lluvia débil,Bicicleta,10040,Conductor,De 25 a 29 años,Mujer,2
2021S001868,2021-10-02T15:45:00Z,AVENIDA_LOS_ROSALES_,131,VILLAVERDE,Alcance,Despejado,Bicicleta,10041,Conductor,De 55 a 59 años,Hombre,
2021S001909,2021-06-02T12:42:00Z,GLORIETA_ANTONIO_BONET_-_AVENIDA_FRANCISCO_JAVIER_SAENZ_DE_OIZA,0,HORTALEZA,Colisión fronto-lateral,Despejado,Bicicleta,10042,Conductor,De 55 a 59 años,Hombre,1
2021S001947,2021-11-02T20:30:00Z,CALLE_GENERAL_RICARDOS_,95,CARABANCHEL,Caída,Lluvia débil,Bicicleta,10043,Conductor,De 25 a 29 años,Mujer,7
2021S001998,2021-12-02T20:30:00Z,PASEO_CASTELLANA_,67,CHAMBERI,Colisión fronto-lateral,Despejado,Bicicleta,10044,Conductor,De 25 a 29 años,Mujer,6
2021S002047,2021-02-13T15:00:00Z,PASEO_CASTELLANA_,243,TETUAN,Caída,Despejado,Bicicleta,10045,Conductor,De 40 a 44 años,Hombre,7
2021S002050,2021-02-13T16:20:00Z,CALLE_ANICETO_MARINAS_,74,MONCLOA-ARAVACA,Caída,Despejado,Bicicleta,10046,Conductor,De 25 a 29 años,Hombre,7
2021S002050,2021-02-13T16:20:00Z,CALLE_ANICETO_MARINAS_,74,MONCLOA-ARAVACA,Caída,Despejado,Bicicleta,10047,Peatón,Desconocido,Mujer,14
2021S002054,2021-02-13T17:15:00Z,AVENIDA_MIGUEL_HERNANDEZ_,116,PUENTE_DE_VALLECAS,Alcance,Despejado,Bicicleta,10048,Conductor,De 35 a 39 años,Hombre,1
2021S002054,2021-02-13T17:15:00Z,AVENIDA_MIGUEL_HERNANDEZ_,116,PUENTE_DE_VALLECAS,Alcance,Despejado,Bicicleta,10049,Conductor,De 35 a 39 años,Hombre,14
2021S002207,2021-02-15T08:30:00Z,PASEO_CASTELLANA_-_CALLE_PADRE_FRANCISCO_PALAU_Y_QUER,274,CHAMARTIN,Colisión lateral,Despejado,Bicicleta,10050,Conductor,De 45 a 49 años,Hombre,14
2021S002235,2021-02-16T14:20:00Z,PASEO_DE_LA_CASTELLANA_,2,SALAMANCA,Alcance,Despejado,Bicicleta,10051,Conductor,De 35 a 39 años,Hombre,
2021S002241,2021-11-02T17:50:00Z,CALLE_VALCARLOS_-_CALLE_QUINTANAVIDES,24,FUENCARRAL-EL_PARDO,Caída,Despejado,Bicicleta,10052,Conductor,De 45 a 49 años,Hombre,7
2021S002248,2021-02-16T21:00:00Z,CALLE_BEJAR_-_CALLE_AGUSTIN_DURAN,15,SALAMANCA,Colisión fronto-lateral,Despejado,Bicicleta,10053,Conductor,De 25 a 29 años,Hombre,2
2021S002327,2021-02-18T15:25:00Z,CALLE_GUTIERREZ_SOLANA_-_CALLE_MARCELIANO_SANTA_MARIA,4,CHAMARTIN,Colisión fronto-lateral,Despejado,Bicicleta,10054,Conductor,De 50 a 54 años,Hombre,3
2021S002349,2021-02-17T19:15:00Z,AVENIDA_PLANETARIO_,12,ARGANZUELA,Alcance,Despejado,Bicicleta,10055,Conductor,De 40 a 44 años,Hombre,7
2021S002354,2021-02-18T18:30:00Z,CALLE_SEDANO_-_CALLE_PRADO_ALEGRE,24,LATINA,Colisión fronto-lateral,Despejado,Bicicleta,10056,Conductor,De 10 a 14 años,Hombre,7
2021S002359,2021-02-18T20:25:00Z,AVENIDA_INSTITUCION_LIBRE_DE_ENSEÑANZA_,41,SAN_BLAS-CANILLEJAS,Colisión lateral,Despejado,Bicicleta,10057,Conductor,De 25 a 29 años,Hombre,
2021S002383,2021-02-19T12:10:00Z,AVENIDA_POBLADOS_-_AVENIDA_ABRANTES,106,CARABANCHEL,Choque contra obstáculo fijo,Despejado,Bicicleta,10058,Conductor,De 70 a 74 años,Hombre,2
2021S002401,2021-02-19T18:28:00Z,CALLE_CAPITAN_BLANCO_ARGIBAY_,210,TETUAN,Colisión fronto-lateral,Despejado,Bicicleta,10059,Conductor,De 50 a 54 años,Hombre,7
2021S002498,2021-02-18T19:40:00Z,GLORIETA_ANTONIO_PERPIÑA_-_AVENIDA_JUAN_ANTONIO_SAMARANCH,0,HORTALEZA,Colisión lateral,Despejado,Bicicleta,10060,Conductor,De 35 a 39 años,Hombre,7
2021S002541,2021-02-20T13:15:00Z,PLAZA_EMPERADOR_CARLOS_V_,8,CENTRO,Colisión lateral,Despejado,Bicicleta,10061,Conductor,De 35 a 39 años,Mujer,7
2021S002548,2021-02-20T13:15:00Z,CALLE_SANCHIDRIAN_A,13A,LATINA,Colisión lateral,Despejado,Bicicleta,10062,Conductor,De 45 a 49 años,Hombre,7
2021S002558,2021-02-20T18:10:00Z,CALLE_EMBAJADORES_-_CALLE_SEBASTIAN_HERRERA,69,ARGANZUELA,Caída,Despejado,Bicicleta,10063,Conductor,De 25 a 29 años,Hombre,2
2021S002603,2021-02-21T13:30:00Z,CALLE_ARROYO_FONTARRON_,24,MORATALAZ,Caída,Lluvia débil,Bicicleta,10064,Conductor,De 45 a 49 años,Hombre,2
2021S002629,2021-02-22T17:00:00Z,PLAZA_EMPERADOR_CARLOS_V_-_CALLE_ATOCHA,1,CENTRO,Colisión lateral,Despejado,Bicicleta,10065,Conductor,De 21 a 24 años,Mujer,6
2021S002631,2021-02-16T18:00:00Z,CALLE_VALLE_DE_PINARES_LLANOS_-_CALLE_RISCOS_DE_POLANCO,27,FUENCARRAL-EL_PARDO,Caída,Despejado,Bicicleta,10066,Conductor,De 35 a 39 años,Mujer,7
2021S002645,2021-02-22T20:40:00Z,CALLE_SAN_BERNARDO_,55,CENTRO,Atropello a persona,Despejado,Bicicleta,10067,Conductor,De 35 a 39 años,Hombre,14
2021S002645,2021-02-22T20:40:00Z,CALLE_SAN_BERNARDO_,55,CENTRO,Atropello a persona,Despejado,Bicicleta,10068,Peatón,De 70 a 74 años,Hombre,5
2021S002714,2021-02-24T15:05:00Z,CALLE_JOSE_ORTEGA_Y_GASSET_-_CALLE_NUÑEZ_DE_BALBOA,26,SALAMANCA,Alcance,Despejado,Bicicleta,10069,Conductor,De 25 a 29 años,Hombre,
2021S002721,2021-02-24T17:55:00Z,CALLE_BRAVO_MURILLO_,175,TETUAN,Colisión fronto-lateral,Despejado,Bicicleta,10070,Conductor,De 21 a 24 años,Mujer,
2021S002806,2021-02-19T14:30:00Z,CALLE_MORALZARZAL__PISTAS_DEPORTIVAS,61,FUENCARRAL-EL_PARDO,Caída,Despejado,Bicicleta,10071,Conductor,De 10 a 14 años,Hombre,2
2021S002807,2021-02-26T14:15:00Z,AVENIDA_ENTREVIAS_-_CALLE_MENDEZ_ALVARO,2,PUENTE_DE_VALLECAS,Colisión lateral,Despejado,Bicicleta,10072,Conductor,De 21 a 24 años,Hombre,7
2021S002810,2021-02-19T18:10:00Z,CALLE_SANDALIA_NAVAS_,17,FUENCARRAL-EL_PARDO,Caída,Despejado,Bicicleta,10073,Conductor,De 15 a 17 años,Hombre,2
2021S002812,2021-02-26T14:45:00Z,CALLE_RIBERA_DE_CURTIDORES_,25,CENTRO,Caída,Despejado,Bicicleta,10074,Conductor,De 30 a 34 años,Hombre,6
2021S002817,2021-02-26T19:29:00Z,CALLE_HORTALEZA_,100,CENTRO,Colisión lateral,Se desconoce,Bicicleta,10075,Conductor,De 30 a 34 años,Hombre,7
2021S002855,2021-02-26T06:25:00Z,CALLE_GENERAL_RICARDOS_-_CALLE_FRANCISCO_ROMERO,2,CARABANCHEL,Colisión fronto-lateral,Despejado,Bicicleta,10076,Conductor,De 35 a 39 años,Mujer,5
2021S002879,2021-02-27T11:55:00Z,CALLE_SEGOVIA_,8,CENTRO,Caída,Despejado,Bicicleta,10077,Conductor,De 60 a 64 años,Hombre,1
2021S002908,2021-02-27T19:15:00Z,PASEO_EMBARCADERO_,1,MONCLOA-ARAVACA,Caída,Despejado,Bicicleta,10078,Conductor,De 30 a 34 años,Hombre,6
2021S002961,2021-02-28T11:30:00Z,CALLE_ALCALA_,29,CENTRO,Colisión lateral,Despejado,Bicicleta,10079,Conductor,De 70 a 74 años,Hombre,7
2021S003008,2021-02-28T17:15:00Z,PASEO_PRADO_,9,RETIRO,Colisión lateral,Despejado,Bicicleta,10080,Conductor,De 30 a 34 años,Hombre,7
2021S003050,2021-02-27T21:20:00Z,CALLE_EDUARDO_BARREIROS_,21,USERA,Choque contra obstáculo fijo,Despejado,Bicicleta,10081,Conductor,De 35 a 39 años,Mujer,7
2021S003057,2021-02-19T20:20:00Z,CALLE_NUESTRA_SEÑORA_DE_VALVERDE_,138,FUENCARRAL-EL_PARDO,Caída,Despejado,Bicicleta,10082,Conductor,De 35 a 39 años,Hombre,14
2021S003061,2021-02-26T19:50:00Z,PASEO_ACACIAS_-_CALLE_RIBERA_DE_CURTIDORES,20,ARGANZUELA,Caída,Despejado,Bicicleta,10083,Conductor,De 40 a 44 años,Hombre,7
2021S003197,2021-04-03T11:30:00Z,AVENIDA_MARTIRES_MARISTAS_E,2E,MONCLOA-ARAVACA,Colisión fronto-lateral,Despejado,Bicicleta,10084,Conductor,Más de 74 años,Hombre,3
2021S003207,2021-04-03T15:30:00Z,CALLE_BRAVO_MURILLO_,145,TETUAN,Colisión múltiple,Despejado,Bicicleta,10085,Conductor,De 25 a 29 años,Hombre,2
2021S003209,2021-04-03T15:35:00Z,CALLE_FLORENCIO_CANO_CRISTOBAL_-_CALLE_JOSE_BERGAMIN,14,MORATALAZ,Colisión fronto-lateral,Despejado,Bicicleta,10086,Conductor,De 15 a 17 años,Hombre,14
2021S003217,2021-03-03T17:09:00Z,CALLE_BRUJAS_-_CALLE_ATENAS,3A,MORATALAZ,Atropello a persona,Despejado,Bicicleta,10087,Conductor,De 50 a 54 años,Hombre,14
2021S003217,2021-03-03T17:09:00Z,CALLE_BRUJAS_-_CALLE_ATENAS,3A,MORATALAZ,Atropello a persona,Despejado,Bicicleta,10088,Peatón,Menor de 5 años,Hombre,6
2021S003345,2021-06-03T13:35:00Z,AVENIDA_BUENOS_AIRES_-_AVENIDA_MIGUEL_HERNANDEZ,101,PUENTE_DE_VALLECAS,Caída,Despejado,Bicicleta,10089,Conductor,De 50 a 54 años,Mujer,6
2021S003348,2021-05-03T21:51:00Z,CALLE_TORPEDERO_TUCUMAN_,24,CHAMARTIN,Caída,Despejado,Bicicleta,10090,Conductor,De 18 a 20 años,Hombre,1
2021S003383,2021-06-03T01:12:00Z,CALLE_TOLEDO_,50,CENTRO,Colisión fronto-lateral,Lluvia débil,Bicicleta,10091,Conductor,De 25 a 29 años,Hombre,1
2021S003420,2021-07-03T14:20:00Z,CALLE_GRAN_VIA_-_CALLE_SAN_BERNARDO,56,CENTRO,Alcance,Despejado,Bicicleta,10092,Conductor,De 25 a 29 años,Hombre,
2021S003426,2021-06-03T16:40:00Z,CALLE_JUAN_BRAVO_-_CALLE_NUÑEZ_DE_BALBOA,15,SALAMANCA,Colisión fronto-lateral,Despejado,Bicicleta,10093,Conductor,De 35 a 39 años,Hombre,7
2021S003456,2021-07-03T12:10:00Z,CALLE_VALLE_DE_MENA_,14,FUENCARRAL-EL_PARDO,Caída,Despejado,Bicicleta,10094,Conductor,De 25 a 29 años,Mujer,7
2021S003470,2021-07-03T12:44:00Z,CAMINO_ARROYO_DE_VALDEBEBAS_-_AUTOV_M-,9,HORTALEZA,Colisión frontal,Despejado,Bicicleta,10095,Conductor,De 35 a 39 años,Hombre,7
2021S003470,2021-07-03T12:44:00Z,CAMINO_ARROYO_DE_VALDEBEBAS_-_AUTOV_M-,9,HORTALEZA,Colisión frontal,Despejado,Bicicleta,10096,Conductor,De 40 a 44 años,Hombre,7
2021S003486,2021-08-03T17:03:00Z,PASEO_REINA_CRISTINA_,15,RETIRO,Alcance,Lluvia débil,Bicicleta,10097,Conductor,De 40 a 44 años,Hombre,2
2021S003555,2021-09-03T18:30:00Z,AVENIDA_MEDITERRANEO_-_CALLE_POZA_DE_LA_SAL,136,VILLA_DE_VALLECAS,Caída,Despejado,Bicicleta,10098,Conductor,De 40 a 44 años,Hombre,3
2021S003556,2021-04-03T15:58:00Z,PLAZA_BEATA_MARIA_ANA_DE_JESUS_,1,ARGANZUELA,Colisión lateral,Despejado,Bicicleta,10099,Conductor,De 50 a 54 años,Hombre,1
2021S003640,2021-10-03T07:54:00Z,CALLE_MATEO_INURRIA_-_PASEO_LA_HABANA,58,CHAMARTIN,Caída,Despejado,Bicicleta,10100,Conductor,De 55 a 59 años,Hombre,7
2021S003640,2021-10-03T07:54:00Z,CALLE_MATEO_INURRIA_-_PASEO_LA_HABANA,58,CHAMARTIN,Caída,Despejado,Bicicleta,10101,Peatón,De 40 a 44 años,Mujer,14
2021S003661,2021-10-03T17:22:00Z,CALLE_PRADILLO_,34,CHAMARTIN,Alcance,Despejado,Bicicleta,10102,Conductor,De 21 a 24 años,Hombre,14
2021S003666,2021-10-03T14:40:00Z,PASEO_LA_HABANA_,72,CHAMARTIN,Caída,Despejado,Bicicleta,10103,Conductor,De 50 a 54 años,Hombre,7
2021S003668,2021-11-03T15:10:00Z,CALLE_TRAFALGAR_,25,CHAMBERI,Caída,Despejado,Bicicleta,10104,Conductor,Más de 74 años,Hombre,5
2021S003918,2021-03-13T11:10:00Z,PARQUE_JUAN_CARLOS_I_,1,BARAJAS,Atropello a persona,Despejado,Bicicleta,10105,Conductor,De 50 a 54 años,Hombre,2
2021S003918,2021-03-13T11:10:00Z,PARQUE_JUAN_CARLOS_I_,1,BARAJAS,Atropello a persona,Despejado,Bicicleta,10106,Peatón,De 35 a 39 años,Mujer,2
2021S003930,2021-03-13T22:18:00Z,CALLE_BRAVO_MURILLO_-_CALLE_AZUCENAS,309,TETUAN,Alcance,,Bicicleta,10107,Conductor,De 25 a 29 años,Hombre,
2021S003969,2021-03-14T11:00:00Z,CALLE_ARROYOFRESNO_-M-_CARRIL_BICI,1,MONCLOA-ARAVACA,Caída,Despejado,Bicicleta,10108,Conductor,De 65 a 69 años,Hombre,7
2021S003998,2021-03-14T15:45:00Z,AVENIDA_DOCTOR_GARCIA_TAPIA_-_CALLE_MARROQUINA,53,MORATALAZ,Colisión fronto-lateral,Despejado,Bicicleta,10109,Conductor,De 18 a 20 años,Hombre,
2021S004021,2021-03-15T15:30:00Z,CALLE_GALILEO_,86,CHAMBERI,Colisión lateral,Despejado,Bicicleta,10110,Conductor,De 15 a 17 años,Mujer,7
2021S004021,2021-03-15T15:30:00Z,CALLE_GALILEO_,86,CHAMBERI,Colisión lateral,Despejado,Bicicleta,10111,Conductor,De 18 a 20 años,Hombre,14
2021S004032,2021-03-14T13:00:00Z,PASEO_TORRECILLA_-_PASEO_AZUL,4,MONCLOA-ARAVACA,Colisión fronto-lateral,Despejado,Bicicleta,10112,Conductor,De 40 a 44 años,Hombre,7
2021S004032,2021-03-14T13:00:00Z,PASEO_TORRECILLA_-_PASEO_AZUL,4,MONCLOA-ARAVACA,Colisión fronto-lateral,Despejado,Bicicleta,10113,Conductor,De 50 a 54 años,Hombre,14
2021S004063,2021-03-16T14:20:00Z,CALLE_GRAN_VIA_-_CALLE_ISABEL_LA_CATOLICA,70,CENTRO,Colisión fronto-lateral,Despejado,Bicicleta,10114,Conductor,De 35 a 39 años,Hombre,7
2021S004066,2021-03-16T16:40:00Z,PASEO_EMBARCADERO_-_PASEO_AZUL,1,MONCLOA-ARAVACA,Caída,Despejado,Bicicleta,10115,Conductor,De 50 a 54 años,Hombre,6
2021S004147,2021-03-17T16:05:00Z,PASEO_PRADO_,11,RETIRO,Alcance,Despejado,Bicicleta,10116,Conductor,De 55 a 59 años,Hombre,7
2021S004190,2021-03-17T22:15:00Z,PASEO_ESPERANZA_-_CALLE_CAOBA,11,ARGANZUELA,Caída,Despejado,Bicicleta,10117,Conductor,De 21 a 24 años,Hombre,1
2021S004219,2021-03-18T15:00:00Z,CALLE_CLAUDIO_COELLO_-_CALLE_PADILLA,90,SALAMANCA,Colisión fronto-lateral,Despejado,Bicicleta,10118,Conductor,De 25 a 29 años,Mujer,7
2021S004294,2021-03-19T16:20:00Z,CALLE_VIA_DE_DUBLIN_-_AUTOV_M-,3,BARAJAS,Colisión fronto-lateral,Despejado,Bicicleta,10119,Conductor,De 50 a 54 años,Hombre,7
2021S004316,2021-03-19T22:00:00Z,CALLE_DOCTOR_ESQUERDO_-_CALLE_ASTROS,96,RETIRO,Colisión fronto-lateral,Despejado,Bicicleta,10120,Conductor,De 25 a 29 años,Hombre,2
2021S004356,2021-03-14T12:38:00Z,PASEO_AZUL_-_PASEO_EMBARCADERO,2,MONCLOA-ARAVACA,Colisión fronto-lateral,Despejado,Bicicleta,10121,Conductor,Desconocido,Desconocido,
2021S004356,2021-03-14T12:38:00Z,PASEO_AZUL_-_PASEO_EMBARCADERO,2,MONCLOA-ARAVACA,Colisión fronto-lateral,Despejado,Bicicleta,10122,Conductor,De 45 a 49 años,Hombre,1
2021S004358,2021-03-18T10:30:00Z,CALLE_JOSE_DE_CADALSO_-_CALLE_MAESTRA_JUSTA_FREIRE,130,LATINA,Colisión fronto-lateral,Despejado,Bicicleta,10123,Conductor,De 40 a 44 años,Mujer,1
2021S004358,2021-03-18T10:30:00Z,CALLE_JOSE_DE_CADALSO_-_CALLE_MAESTRA_JUSTA_FREIRE,130,LATINA,Colisión fronto-lateral,Despejado,Bicicleta,10124,Peatón,De 18 a 20 años,Hombre,14
2021S004370,2021-03-20T12:10:00Z,AVENIDA_LA_GAVIA_,42,VILLA_DE_VALLECAS,Atropello a persona,Despejado,Bicicleta,10125,Conductor,De 6  a  9 años,Hombre,14
2021S004370,2021-03-20T12:10:00Z,AVENIDA_LA_GAVIA_,42,VILLA_DE_VALLECAS,Atropello a persona,Despejado,Bicicleta,10126,Peatón,De 70 a 74 años,Mujer,7
2021S004374,2021-03-20T13:10:00Z,AVENIDA_GUADALAJARA_,69,SAN_BLAS-CANILLEJAS,Colisión lateral,Despejado,Bicicleta,10127,Conductor,De 40 a 44 años,Hombre,1
2021S004392,2021-03-17T18:35:00Z,CARRETERA_SOMONTES_AL_PALACIO_DE_LA_REAL_QUINTA_,1,FUENCARRAL-EL_PARDO,Caída,Despejado,Bicicleta,10128,Conductor,De 35 a 39 años,Hombre,6
2021S004468,2021-03-21T18:25:00Z,CALLE_CLAVEL_,5,CENTRO,Colisión lateral,Despejado,Bicicleta,10129,Conductor,De 25 a 29 años,Hombre,7
2021S004469,2021-03-21T19:30:00Z,AVENIDA_ALBUFERA_,23,PUENTE_DE_VALLECAS,Caída,Despejado,Bicicleta,10130,Conductor,De 21 a 24 años,Hombre,1
2021S004507,2021-03-21T18:10:00Z,PASEO_YESERIAS_-_CALLE_NAVES,43,ARGANZUELA,Caída,Despejado,Bicicleta,10131,Conductor,De 15 a 17 años,Hombre,1
2021S004513,2021-03-22T18:10:00Z,CALLE_HUESCA_-_CALLE_HERMANO_GARATE,20,TETUAN,Colisión fronto-lateral,Despejado,Bicicleta,10132,Conductor,De 40 a 44 años,Mujer,
2021S004521,2021-03-18T14:40:00Z,CALLE_EVANGELIOS_,1,USERA,Colisión frontal,Despejado,Bicicleta,10133,Conductor,De 25 a 29 años,Hombre,6
2021S004548,2021-03-22T11:16:00Z,AVENIDA_CARONDELET_,37,HORTALEZA,Caída,Despejado,Bicicleta,10134,Conductor,De 10 a 14 años,Hombre,7
2021S004559,2021-03-20T10:30:00Z,AUTOV_M-_,0,MONCLOA-ARAVACA,Caída,Despejado,Bicicleta,10135,Conductor,De 50 a 54 años,Hombre,2
2021S004604,2021-03-23T16:50:00Z,FCO_PI_Y_MARGALL_-_AVENIDA_NICETO_ALCALA_ZAMORA,5,HORTALEZA,Colisión lateral,Despejado,Bicicleta,10136,Conductor,De 45 a 49 años,Hombre,7
2021S004655,2021-03-23T19:00:00Z,CALLE_PUERTO_RICO_,15,CHAMARTIN,Choque contra obstáculo fijo,Despejado,Bicicleta,10137,Conductor,De 21 a 24 años,Hombre,7
2021S004692,2021-03-24T09:50:00Z,CALLE_CAMPAÑA_-_CARRETERA_COLMENAR_VIEJO,1,FUENCARRAL-EL_PARDO,Colisión fronto-lateral,Se desconoce,Bicicleta,10138,Conductor,De 30 a 34 años,Hombre,7
2021S004736,2021-03-23T19:00:00Z,CALLE_PALAS_DE_REY_,4,FUENCARRAL-EL_PARDO,Caída,Despejado,Bicicleta,10139,Conductor,De 30 a 34 años,Mujer,2
2021S004736,2021-03-23T19:00:00Z,CALLE_PALAS_DE_REY_,4,FUENCARRAL-EL_PARDO,Caída,Despejado,Bicicleta,10140,Peatón,De 6  a  9 años,Hombre,14
2021S004752,2021-03-25T19:00:00Z,IDB_PARQUE_LINEAL_DEL_MANZANARES_,0,PUENTE_DE_VALLECAS,Caída,Despejado,Bicicleta,10141,Conductor,De 18 a 20 años,Hombre,1
2021S004775,2021-03-25T14:05:00Z,AVENIDA_CERRO_MILANO_-_CALLE_CAÑADA_DEL_SANTISIMO,631,VILLA_DE_VALLECAS,Colisión fronto-lateral,Despejado,Bicicleta,10142,Conductor,De 50 a 54 años,Hombre,7
2021S004777,2021-03-25T08:18:00Z,PASEO_CASTELLANA_,156,CHAMARTIN,Colisión fronto-lateral,Despejado,Bicicleta,10143,Conductor,De 55 a 59 años,Hombre,7
2021S004837,2021-03-26T21:00:00Z,C-_CAPITAN_BLANCO_ARGIBAY__(farola__parque_),192,TETUAN,Caída,Despejado,Bicicleta,10144,Conductor,De 25 a 29 años,Hombre,1
2021S004858,2021-03-26T23:00:00Z,AVENIDA_DE_LOS_POBLADOS_CON_AVENIDA_DEL_EURO,0,LATINA,Caída,Despejado,Bicicleta,10145,Conductor,De 30 a 34 años,Hombre,7
2021S004896,2021-03-27T10:40:00Z,CALLE_ALFONSO_XII_-_PASEO_INFANTA_ISABEL,66,RETIRO,Colisión fronto-lateral,Despejado,Bicicleta,10146,Conductor,De 21 a 24 años,Hombre,
2021S005003,2021-03-28T15:20:00Z,LUGAR_CAÑADA_REAL_-_CARRETERA_VALDEMINGOMEZ,0,VILLA_DE_VALLECAS,Caída,Despejado,Bicicleta,10147,Conductor,De 10 a 14 años,Hombre,6
2021S005034,2021-03-29T08:30:00Z,AVENIDA_ENTREVIAS_-_CALLE_MEJORANA,34,PUENTE_DE_VALLECAS,Caída,Despejado,Bicicleta,10148,Conductor,De 55 a 59 años,Mujer,6
2021S005038,2021-03-28T10:45:00Z,RONDA_ATOCHA_,27,ARGANZUELA,Colisión lateral,Despejado,Bicicleta,10149,Conductor,De 35 a 39 años,Hombre,7
2021S005113,2021-03-30T20:30:00Z,CALLE_COMUNEROS_DE_CASTILLA_,4,CARABANCHEL,Colisión frontal,,Bicicleta,10150,Conductor,De 50 a 54 años,Hombre,
2021S005122,2021-03-30T22:38:00Z,PASEO_EDUARDO_DATO_-_CALLE_ZURBANO,17,CHAMBERI,Alcance,Despejado,Bicicleta,10151,Conductor,De 30 a 34 años,Hombre,6
2021S005131,2021-03-25T08:35:00Z,CALLE_SERRANO_,74,SALAMANCA,Caída,Despejado,Bicicleta,10152,Conductor,De 40 a 44 años,Mujer,2
2021S005170,2021-03-30T22:45:00Z,CALLE_ANTEQUERA_,23,USERA,Caída,Despejado,Bicicleta,10153,Conductor,De 50 a 54 años,Hombre,1
2021S005174,2021-03-31T17:45:00Z,CALLE_IRUN_,1,MONCLOA-ARAVACA,Caída,Despejado,Bicicleta,10154,Conductor,De 30 a 34 años,Mujer,1
2021S005174,2021-03-31T17:45:00Z,CALLE_IRUN_,1,MONCLOA-ARAVACA,Caída,Despejado,Bicicleta,10155,Conductor,De 50 a 54 años,Hombre,7
2021S005189,2021-03-31T19:20:00Z,CÑADA_REAL_DE_MERINAS_,64,VICALVARO,Colisión fronto-lateral,,Bicicleta,10156,Conductor,Desconocido,Desconocido,
2021S005224,2021-03-28T12:47:00Z,CALLE_ALBERTO_DE_PALACIO_-_AVENIDA_NICETO_ALCALA_ZAMORA,0,HORTALEZA,Colisión lateral,Despejado,Bicicleta,10157,Conductor,De 35 a 39 años,Hombre,
2021S005246,2021-03-31T19:05:00Z,CALLE_SEVILLA_-_CALLE_ARLABAN,4,CENTRO,Choque contra obstáculo fijo,Despejado,Bicicleta,10158,Conductor,De 18 a 20 años,Hombre,7
2021S005266,2021-03-31T17:00:00Z,CALLE_SEGOVIA_,49,ARGANZUELA,Caída,Despejado,Bicicleta,10159,Conductor,De 55 a 59 años,Mujer,1
2021S005274,2021-01-04T22:20:00Z,CALLE_ALCALA_-_AUTOV_M-,251,CIUDAD_LINEAL,Colisión fronto-lateral,Despejado,Bicicleta,10160,Conductor,De 18 a 20 años,Mujer,
2021S005303,2021-03-27T13:25:00Z,CALLE_FRANCISCO_Y_JACINTO_ALCANTARA_,1,MONCLOA-ARAVACA,Caída,Despejado,Bicicleta,10161,Conductor,De 18 a 20 años,Hombre,7
2021S005399,2021-03-04T16:20:00Z,CALLE_GRAN_VIA_,80,CENTRO,Colisión fronto-lateral,Despejado,Bicicleta,10162,Conductor,De 30 a 34 años,Hombre,1
2021S005406,2021-03-04T19:55:00Z,PASEO_ERMITA_DEL_SANTO_,16,LATINA,Caída,Despejado,Bicicleta,10163,Conductor,De 35 a 39 años,Hombre,3
2021S005460,2021-03-04T18:35:00Z,CALLE_CASALARREINA_-_AVENIDA_DAROCA,29,VICALVARO,Caída,Despejado,Bicicleta,10164,Conductor,De 55 a 59 años,Hombre,2
2021S005488,2021-04-04T13:25:00Z,CALLE_ATOCHA_,36,CENTRO,Colisión lateral,Despejado,Bicicleta,10165,Conductor,De 50 a 54 años,Mujer,7
2021S005489,2021-04-04T14:00:00Z,CALLE_ARTURO_SORIA_-_AUTOV_M-,348,CIUDAD_LINEAL,Caída,Despejado,Bicicleta,10166,Conductor,De 50 a 54 años,Hombre,1
2021S005496,2021-03-04T12:10:00Z,GLORIETA_SIETE_HERMANAS_-_PASEO_CASTAÑOS,0,MONCLOA-ARAVACA,Atropello a animal,Despejado,Bicicleta,10167,Conductor,De 40 a 44 años,Hombre,2
2021S005556,2021-03-04T16:45:00Z,CALLE_SAN_ANTONIO_DE_PADUA_-_CALLE_ANTONIO_SALVADOR,36,USERA,Colisión frontal,Despejado,Bicicleta,10168,Conductor,De 35 a 39 años,Hombre,7
2021S005574,2021-06-04T15:20:00Z,CALLE_PUERTO_DE_REINOSA_,15,VILLA_DE_VALLECAS,Colisión fronto-lateral,Despejado,Bicicleta,10169,Conductor,De 10 a 14 años,Hombre,7
2021S005629,2021-06-04T14:25:00Z,AVENIDA_LAS_FUERZAS_ARMADAS_-_AVENIDA_LAS_FUERZAS_ARMADAS,402,BARAJAS,Caída,Despejado,Bicicleta,10170,Conductor,De 45 a 49 años,Hombre,7
2021S005632,2021-06-04T14:50:00Z,CALLE_ARGANDA_-_PASEO_YESERIAS,50,ARGANZUELA,Caída,Despejado,Bicicleta,10171,Conductor,De 30 a 34 años,Hombre,1
2021S005659,2021-06-04T16:35:00Z,AVENIDA_PLANETARIO_,15,ARGANZUELA,Caída,Despejado,Bicicleta,10172,Conductor,De 50 a 54 años,Mujer,5
2021S005675,2021-06-04T17:11:00Z,AVENIDA_BURGOS_,109,FUENCARRAL-EL_PARDO,Caída,Despejado,Bicicleta,10173,Conductor,De 50 a 54 años,Hombre,2
2021S005729,2021-08-04T17:00:00Z,CALLE_SANTA_ENGRACIA_-_GLORIETA_PINTOR_SOROLLA,71,CHAMBERI,Atropello a persona,Despejado,Bicicleta,10174,Conductor,De 25 a 29 años,Mujer,6
2021S005729,2021-08-04T17:00:00Z,CALLE_SANTA_ENGRACIA_-_GLORIETA_PINTOR_SOROLLA,71,CHAMBERI,Atropello a persona,Despejado,Bicicleta,10175,Peatón,De 21 a 24 años,Hombre,14
2021S005738,2021-08-04T20:00:00Z,AVENIDA_NICETO_ALCALA_ZAMORA_-_AVENIDA_FRANCISCO_PI_Y_MARGALL,6,HORTALEZA,Colisión lateral,Despejado,Bicicleta,10176,Conductor,De 55 a 59 años,Hombre,6
2021S005746,2021-09-04T06:45:00Z,AVENIDA_RAMON_Y_CAJAL_-_PLAZA_VIRGEN_GUADALUPANA,1,CHAMARTIN,Colisión fronto-lateral,Nublado,Bicicleta,10177,Conductor,De 30 a 34 años,Hombre,3
2021S005791,2021-08-04T20:15:00Z,CALLE_FERNAN_NUÑEZ_,19,CHAMARTIN,Caída,Despejado,Bicicleta,10178,Conductor,De 18 a 20 años,Mujer,7
2021S005852,2021-03-20T12:55:00Z,ANILLO_VERDE_KM-CAMINO_DE_LA_CAÑADA,0,FUENCARRAL-EL_PARDO,Colisión fronto-lateral,Despejado,Bicicleta,10179,Conductor,De 10 a 14 años,Mujer,7
2021S005852,2021-03-20T12:55:00Z,ANILLO_VERDE_KM-CAMINO_DE_LA_CAÑADA,0,FUENCARRAL-EL_PARDO,Colisión fronto-lateral,Despejado,Bicicleta,10180,Conductor,De 30 a 34 años,Hombre,6
2021S005943,2021-10-04T12:30:00Z,AVENIDA_MIGUEL_DELIBES_-_CALLE_ALTO_DEL_ESPARRAGAL,30,VICALVARO,Caída,Nublado,Bicicleta,10181,Conductor,De 50 a 54 años,Hombre,1
2021S005954,2021-10-04T22:15:00Z,CARRETERA_GARABITAS_,0,MONCLOA-ARAVACA,Caída,LLuvia intensa,Bicicleta,10182,Conductor,Desconocido,Desconocido,
2021S005961,2021-08-04T16:15:00Z,AVENIDA_CARDENAL_HERRERA_ORIA_B,76B,FUENCARRAL-EL_PARDO,Colisión fronto-lateral,Despejado,Bicicleta,10183,Conductor,De 50 a 54 años,Hombre,2
2021S006007,2021-12-04T07:37:00Z,AVENIDA_CIUDAD_DE_BARCELONA_-_CALLE_CATALINA_SUAREZ,93,RETIRO,Atropello a persona,Despejado,Bicicleta,10184,Conductor,De 15 a 17 años,Hombre,14
2021S006007,2021-12-04T07:37:00Z,AVENIDA_CIUDAD_DE_BARCELONA_-_CALLE_CATALINA_SUAREZ,93,RETIRO,Atropello a persona,Despejado,Bicicleta,10185,Peatón,De 45 a 49 años,Mujer,1
2021S006010,2021-11-04T17:00:00Z,CALLE_PRINCIPE_DE_VERGARA_,262,CHAMARTIN,Alcance,Despejado,Bicicleta,10186,Conductor,De 35 a 39 años,Hombre,14
2021S006039,2021-12-04T18:35:00Z,CALLE_JACINTO_VERDAGUER_-_CALLE_ANTONIO_DE_LEYVA,8,CARABANCHEL,Colisión frontal,Despejado,Bicicleta,10187,Conductor,De 30 a 34 años,Hombre,2
2021S006064,2021-12-04T10:25:00Z,CALLE_PADRE_LLANOS_-_AVENIDA_ENTREVIAS,24,PUENTE_DE_VALLECAS,Colisión fronto-lateral,Despejado,Bicicleta,10188,Conductor,De 40 a 44 años,Hombre,7
2021S006070,2021-04-13T10:25:00Z,CALLE_GRAN_VIA_,56,CENTRO,Caída,Lluvia débil,Bicicleta,10189,Conductor,De 35 a 39 años,Mujer,
2021S006107,2021-04-13T20:20:00Z,CALLE_GUZMAN_EL_BUENO_-_CALLE_FERNANDEZ_DE_LOS_RIOS,59,CHAMBERI,Colisión lateral,Despejado,Bicicleta,10190,Conductor,De 25 a 29 años,Hombre,1
2021S006140,2021-04-14T16:45:00Z,CALLE_CONVENIO_,41,PUENTE_DE_VALLECAS,Alcance,Despejado,Bicicleta,10191,Conductor,De 40 a 44 años,Hombre,7
2021S006181,2021-12-04T10:40:00Z,AVENIDA_LOS_ROSALES_,408,VILLAVERDE,Caída,Despejado,Bicicleta,10192,Conductor,De 65 a 69 años,Hombre,2
2021S006181,2021-12-04T10:40:00Z,AVENIDA_LOS_ROSALES_,408,VILLAVERDE,Caída,Despejado,Bicicleta,10193,Peatón,De 50 a 54 años,Mujer,14
2021S006240,2021-04-15T12:30:00Z,CALLE_FINISTERRE_,29,FUENCARRAL-EL_PARDO,Alcance,Se desconoce,Bicicleta,10194,Conductor,De 21 a 24 años,Hombre,1
2021S006259,2021-04-15T20:30:00Z,PLAZA_DUQUE_DE_PASTRANA_-_CALLE_SANTA_MAGDALENA_SOFIA,3,CHAMARTIN,Caída,Lluvia débil,Bicicleta,10195,Conductor,De 35 a 39 años,Mujer,1
2021S006574,2021-04-21T12:00:00Z,PARQUE_MADRID_RIO_-_PNTE_REY,+00200E,MONCLOA-ARAVACA,Caída,Despejado,Bicicleta,10196,Conductor,De 55 a 59 años,Hombre,1
2021S006603,2021-04-21T18:40:00Z,AVENIDA_CIUDAD_DE_BARCELONA_,202,RETIRO,Atropello a persona,Nublado,Bicicleta,10197,Conductor,De 55 a 59 años,Hombre,14
2021S006603,2021-04-21T18:40:00Z,AVENIDA_CIUDAD_DE_BARCELONA_,202,RETIRO,Atropello a persona,Nublado,Bicicleta,10198,Peatón,De 65 a 69 años,Mujer,7
2021S006667,2021-04-22T19:50:00Z,PASEO_ERMITA_DEL_SANTO_,40,LATINA,Caída,Lluvia débil,Bicicleta,10199,Conductor,De 21 a 24 años,Mujer,7
2021S006709,2021-04-23T13:30:00Z,CALLE_GAZTAMBIDE_,23,CHAMBERI,Caída,Despejado,Bicicleta,10200,Conductor,De 21 a 24 años,Hombre,2
2021S006724,2021-04-23T17:20:00Z,CALLE_FRANCISCO_LARGO_CABALLERO_-_AVENIDA_INSTITUCION_LIBRE_DE_ENSEÑANZA,15,CIUDAD_LINEAL,Colisión fronto-lateral,Despejado,Bicicleta,10201,Conductor,De 50 a 54 años,Hombre,3
2021S006803,2021-04-24T17:40:00Z,CALLE_JOSE_PAULETE_,5,PUENTE_DE_VALLECAS,Caída,Despejado,Bicicleta,10202,Conductor,De 25 a 29 años,Mujer,2
2021S006807,2021-04-22T17:12:00Z,PARQUE_MADRID_RIO_+E,+00500E,CARABANCHEL,Caída,Lluvia débil,Bicicleta,10203,Conductor,De 25 a 29 años,Hombre,
2021S006807,2021-04-22T17:12:00Z,PARQUE_MADRID_RIO_+E,+00500E,CARABANCHEL,Caída,Lluvia débil,Bicicleta,10204,Conductor,De 35 a 39 años,Mujer,
2021S006837,2021-04-24T23:30:00Z,CALLE_SERRANO_,44,SALAMANCA,Caída,Lluvia débil,Bicicleta,10205,Conductor,De 18 a 20 años,Hombre,7
2021S006873,2021-04-24T22:47:00Z,PASEO_ACACIAS_-_CALLE_NOGALES,41,ARGANZUELA,Colisión múltiple,LLuvia intensa,Bicicleta,10206,Conductor,De 25 a 29 años,Hombre,7
2021S006876,2021-04-24T11:15:00Z,METRO_RONDA_DE_LA_COMUNICACION_,0,FUENCARRAL-EL_PARDO,Colisión fronto-lateral,Despejado,Bicicleta,10207,Conductor,De 45 a 49 años,Mujer,14
2021S006876,2021-04-24T11:15:00Z,METRO_RONDA_DE_LA_COMUNICACION_,0,FUENCARRAL-EL_PARDO,Colisión fronto-lateral,Despejado,Bicicleta,10208,Conductor,De 50 a 54 años,Mujer,6
2021S006894,2021-04-25T12:35:00Z,CALLE_TINTOREROS_-C-_CUCHILLEROS_Y_PUERTA_CERRADA,4,CENTRO,Alcance,Lluvia débil,Bicicleta,10209,Conductor,De 40 a 44 años,Hombre,1
2021S006899,2021-04-24T22:00:00Z,PASEO_MARCELINO_CAMACHO_-_CALLE_GENERAL_RICARDOS,1,CARABANCHEL,Colisión fronto-lateral,,Bicicleta,10210,Conductor,De 10 a 14 años,Hombre,
2021S006899,2021-04-24T22:00:00Z,PASEO_MARCELINO_CAMACHO_-_CALLE_GENERAL_RICARDOS,1,CARABANCHEL,Colisión fronto-lateral,,Bicicleta,10211,Pasajero,De 10 a 14 años,Hombre,
2021S007017,2021-04-26T18:30:00Z,CALLE_PLAYA_DE_LA_CALETA_-_CALLE_VALHONDO,6,BARAJAS,Colisión fronto-lateral,Despejado,Bicicleta,10212,Conductor,De 10 a 14 años,Hombre,7
2021S007050,2021-04-27T15:05:00Z,CALLE_CERILLERAS_-_AVENIDA_POBLADOS,4,CARABANCHEL,Colisión fronto-lateral,Despejado,Bicicleta,10213,Conductor,De 50 a 54 años,Hombre,7
2021S007058,2021-04-27T15:30:00Z,AVENIDA_POBLADOS_-_CALLE_DOBLA,94,CARABANCHEL,Colisión lateral,Despejado,Bicicleta,10214,Conductor,De 15 a 17 años,Hombre,2
2021S007119,2021-04-27T23:00:00Z,CALLE_BRAVO_MURILLO_,137,TETUAN,Alcance,LLuvia intensa,Bicicleta,10215,Conductor,De 25 a 29 años,Mujer,7
2021S007136,2021-04-28T19:10:00Z,CALLE_CARLOS_MARTIN_ALVAREZ_,2,PUENTE_DE_VALLECAS,Caída,Despejado,Bicicleta,10216,Conductor,De 25 a 29 años,Mujer,7
2021S007177,2021-04-29T11:00:00Z,CALLE_ARTURO_SORIA_-_CUSTA_SAGRADO_CORAZON,251,CIUDAD_LINEAL,Atropello a persona,Nublado,Bicicleta,10217,Conductor,De 35 a 39 años,Hombre,14
2021S007177,2021-04-29T11:00:00Z,CALLE_ARTURO_SORIA_-_CUSTA_SAGRADO_CORAZON,251,CIUDAD_LINEAL,Atropello a persona,Nublado,Bicicleta,10218,Peatón,De 65 a 69 años,Hombre,3
2021S007182,2021-04-28T20:15:00Z,CAMINO_VIEJO_DE_VICALVARO_-_AVENIDA_DAROCA,7,VICALVARO,Caída,Nublado,Bicicleta,10219,Conductor,De 55 a 59 años,Hombre,2
2021S007197,2021-04-29T17:20:00Z,CALLE_CHIQUINQUIRA_,60,HORTALEZA,Caída,Despejado,Bicicleta,10220,Conductor,De 35 a 39 años,Hombre,1
2021S007285,2021-04-30T18:35:00Z,CALLE_CONDESA_DE_VENADITO_-_CALLE_MARTINEZ_VILLERGAS,7,CIUDAD_LINEAL,Colisión fronto-lateral,Despejado,Bicicleta,10221,Conductor,De 40 a 44 años,Mujer,3
2021S007365,2021-01-05T18:50:00Z,AVENIDA_VALDEMARIN_-_CAMINO_LAVADERO,100E,MONCLOA-ARAVACA,Caída,Despejado,Bicicleta,10222,Conductor,De 55 a 59 años,Hombre,6
2021S007427,2021-02-05T10:40:00Z,PARQUE_MADRID_RIO_SENDA_CICLABLE_PK_,+00500I,ARGANZUELA,Caída,Despejado,Bicicleta,10223,Conductor,De 55 a 59 años,Hombre,2
2021S007427,2021-02-05T10:40:00Z,PARQUE_MADRID_RIO_SENDA_CICLABLE_PK_,+00500I,ARGANZUELA,Caída,Despejado,Bicicleta,10224,Peatón,De 18 a 20 años,Mujer,14
2021S007454,2021-02-05T22:10:00Z,CALLE_DOCTOR_ESQUERDO_,47,SALAMANCA,Caída,Despejado,Bicicleta,10225,Conductor,De 15 a 17 años,Hombre,1
2021S007478,2021-02-05T11:00:00Z,CALLE_AFUERAS_A_VALVERDE_-_CALLE_ISLA_DE_RODAS,1,FUENCARRAL-EL_PARDO,Colisión fronto-lateral,Despejado,Bicicleta,10226,Conductor,De 30 a 34 años,Hombre,7
2021S007563,2021-03-05T17:30:00Z,PISTA_CRISTO_DE_EL_PARDO_,17,FUENCARRAL-EL_PARDO,Colisión fronto-lateral,Despejado,Bicicleta,10227,Conductor,De 45 a 49 años,Hombre,2
2021S007566,2021-04-05T20:40:00Z,CALLE_AZUCENAS_,2,TETUAN,Alcance,Despejado,Bicicleta,10228,Conductor,De 30 a 34 años,Mujer,
2021S007583,2021-04-05T13:20:00Z,CALLE_LOS_YEBENES_,6,LATINA,Colisión fronto-lateral,Despejado,Bicicleta,10229,Conductor,De 45 a 49 años,Hombre,7
2021S007593,2021-05-05T12:20:00Z,CALLE_ALHAMBRA_-_CALLE_CUART_DE_POBLET,2,LATINA,Colisión fronto-lateral,Despejado,Bicicleta,10230,Conductor,De 55 a 59 años,Hombre,3
2021S007611,2021-05-05T16:40:00Z,CALLE_VICENTE_BLASCO_IBAÑEZ_-_CALLE_ENRIQUE_AZCOAGA,82,HORTALEZA,Colisión fronto-lateral,Despejado,Bicicleta,10231,Conductor,De 15 a 17 años,Hombre,3
2021S007645,2021-05-05T13:15:00Z,CALLE_MANUEL_AGUILAR_MUÑOZ_-_PASEO_ALAMEDA_DE_OSUNA,15,BARAJAS,Colisión frontal,Despejado,Bicicleta,10232,Conductor,De 60 a 64 años,Hombre,7
2021S007727,2021-07-05T15:55:00Z,PLAZA_SAN_JUAN_DE_LA_CRUZ_-_CALLE_ZURBANO,2,CHAMBERI,Colisión fronto-lateral,Despejado,Bicicleta,10233,Conductor,De 50 a 54 años,Hombre,3
2021S007918,2021-09-05T11:00:00Z,AVENIDA_MIGUEL_HERNANDEZ_-_CALLE_TORREMOLINOS,11,PUENTE_DE_VALLECAS,Caída,Nublado,Bicicleta,10234,Conductor,De 60 a 64 años,Hombre,2
2021S007930,2021-09-05T15:55:00Z,AVENIDA_CAMILO_JOSE_CELA_,29,SALAMANCA,Caída,Lluvia débil,Bicicleta,10235,Conductor,De 30 a 34 años,Mujer,7
2021S007953,2021-09-05T20:15:00Z,CALLE_ALCALA_,211,SALAMANCA,Alcance,Despejado,Bicicleta,10236,Conductor,De 21 a 24 años,Hombre,7
2021S007960,2021-09-05T22:52:00Z,CALLE_SANTA_ENGRACIA_,80,CHAMBERI,Alcance,Despejado,Bicicleta,10237,Conductor,De 35 a 39 años,Hombre,7
2021S007983,2021-09-05T13:05:00Z,CALLE_MAYORAZGO_DE_DUARTE_,40,VICALVARO,Caída,Despejado,Bicicleta,10238,Conductor,De 10 a 14 años,Hombre,2
2021S007989,2021-04-05T23:29:00Z,CALLE_JOSE_ANTONIO_NOVAIS_-_CALLE_RAMIRO_DE_MAEZTU,1,MONCLOA-ARAVACA,Caída,Despejado,Bicicleta,10239,Conductor,De 21 a 24 años,Mujer,14
2021S007989,2021-04-05T23:29:00Z,CALLE_JOSE_ANTONIO_NOVAIS_-_CALLE_RAMIRO_DE_MAEZTU,1,MONCLOA-ARAVACA,Caída,Despejado,Bicicleta,10240,Conductor,De 21 a 24 años,Mujer,3
2021S008016,2021-10-05T18:10:00Z,PLAZA_MANUEL_BECERRA_,6,SALAMANCA,Caída,Despejado,Bicicleta,10241,Conductor,De 18 a 20 años,Hombre,2
2021S008025,2021-08-05T12:05:00Z,AVENIDA_LOS_ROSALES_-_AUTOV_M-,19,USERA,Alcance,Despejado,Bicicleta,10242,Conductor,De 30 a 34 años,Hombre,2
2021S008075,2021-08-05T21:50:00Z,CALLE_MARCELO_USERA_,131,USERA,Alcance,Despejado,Bicicleta,10243,Conductor,De 30 a 34 años,Hombre,7
2021S008088,2021-11-05T14:30:00Z,GLORIETA_QUEVEDO_-_CALLE_ARAPILES,2,CHAMBERI,Colisión fronto-lateral,Despejado,Bicicleta,10244,Conductor,De 70 a 74 años,Hombre,2
2021S008110,2021-07-05T12:50:00Z,CAMINO_PRINCIPE_,2,MONCLOA-ARAVACA,Caída,Despejado,Bicicleta,10245,Conductor,De 21 a 24 años,Mujer,2
2021S008139,2021-11-05T21:10:00Z,CALLE_GOLONDRINA_,52,MONCLOA-ARAVACA,Caída,Despejado,Bicicleta,10246,Conductor,De 10 a 14 años,Hombre,6
2021S008192,2021-12-05T13:50:00Z,CALLE_ALMAGRO_,21,CHAMBERI,Colisión lateral,Despejado,Bicicleta,10247,Conductor,De 50 a 54 años,Hombre,1
2021S008264,2021-05-14T10:21:00Z,"AVENIDA_MANUEL_FRAGA_IRIBARNE_-_GLORIETA_ANTONIO_CHENEL_""ANTOÑETE""",35,BARAJAS,Colisión fronto-lateral,Despejado,Bicicleta,10248,Conductor,De 40 a 44 años,Hombre,2
2021S008288,2021-05-14T15:10:00Z,CALLE_MORALZARZAL_-_CALLE_LA_MASO,80,FUENCARRAL-EL_PARDO,Colisión fronto-lateral,Despejado,Bicicleta,10249,Conductor,De 45 a 49 años,Hombre,3
2021S008364,2021-05-15T10:35:00Z,CALLE_CEA_BERMUDEZ_,52,CHAMBERI,Colisión lateral,Despejado,Bicicleta,10250,Conductor,De 40 a 44 años,Hombre,7
2021S008384,2021-05-14T20:20:00Z,PASEO_PONTONES_-_PASEO_MELANCOLICOS,28,ARGANZUELA,Colisión fronto-lateral,,Bicicleta,10251,Conductor,De 40 a 44 años,Hombre,14
2021S008396,2021-05-15T20:45:00Z,CALLE_SAN_HILARIO_,5,SAN_BLAS-CANILLEJAS,Caída,Despejado,Bicicleta,10252,Conductor,De 15 a 17 años,Hombre,7
2021S008408,2021-05-15T23:35:00Z,CALLE_SAN_BERNARDO_-_CALLE_PALMA,61,CENTRO,Alcance,Despejado,Bicicleta,10253,Conductor,De 30 a 34 años,Hombre,
2021S008458,2021-05-16T15:40:00Z,AVENIDA_LAS_FUERZAS_ARMADAS_-_CALLE_EDUARDO_HARO,1,HORTALEZA,Caída,Despejado,Bicicleta,10254,Conductor,De 10 a 14 años,Mujer,6
2021S008466,2021-05-16T18:45:00Z,CALLE_VELAZQUEZ_-_CALLE_GOYA,33,SALAMANCA,Colisión fronto-lateral,Despejado,Bicicleta,10255,Conductor,De 30 a 34 años,Hombre,14
2021S008496,2021-05-16T08:50:00Z,AVENIDA_DOCTOR_GARCIA_TAPIA_-_AUTOV_M-,232,MORATALAZ,Colisión fronto-lateral,Despejado,Bicicleta,10256,Conductor,De 40 a 44 años,Hombre,7
2021S008501,2021-04-30T11:06:00Z,CALLE_CONDE_DE_PEÑALVER_,51,SALAMANCA,Colisión lateral,Despejado,Bicicleta,10257,Conductor,De 15 a 17 años,Hombre,
2021S008525,2021-05-17T19:33:00Z,PLAZA_MANUEL_BECERRA_-_CALLE_ALCALA,2,SALAMANCA,Alcance,Despejado,Bicicleta,10258,Conductor,De 40 a 44 años,Hombre,5
2021S008532,2021-05-16T22:28:00Z,CALLE_SEPULVEDA_,1,LATINA,Caída,Despejado,Bicicleta,10259,Conductor,De 40 a 44 años,Hombre,7
2021S008569,2021-05-18T16:40:00Z,CALLE_CERRO_DE_LA_PLATA_,6,RETIRO,Caída,Despejado,Bicicleta,10260,Conductor,De 50 a 54 años,Hombre,
2021S008583,2021-05-18T20:25:00Z,CALLE_BRAVO_MURILLO_-_CALLE_LOPE_DE_HARO,227,TETUAN,Colisión fronto-lateral,Despejado,Bicicleta,10261,Conductor,De 30 a 34 años,Mujer,3
2021S008604,2021-05-15T09:25:00Z,CALLE_ANTONIO_LOPEZ_E,195E,USERA,Colisión lateral,,Bicicleta,10262,Conductor,De 50 a 54 años,Hombre,
2021S008660,2021-05-19T19:50:00Z,CARRETERA_ALCOBENDAS_A_BARAJAS_,30,BARAJAS,Colisión lateral,Despejado,Bicicleta,10263,Conductor,De 15 a 17 años,Hombre,1
2021S008670,2021-05-19T23:40:00Z,AVENIDA_POBLADOS_,70,LATINA,Colisión lateral,Despejado,Bicicleta,10264,Conductor,De 50 a 54 años,Hombre,7
2021S008766,2021-05-20T10:45:00Z,GLORIETA_OLGA_RAMOS_(FAROLA_),0,FUENCARRAL-EL_PARDO,Colisión fronto-lateral,Se desconoce,Bicicleta,10265,Conductor,De 65 a 69 años,Hombre,1
2021S008803,2021-05-20T20:15:00Z,CAMINO_VIEJO_DE_VICALVARO_FRENTE_AL_N_,9,VICALVARO,Caída,Despejado,Bicicleta,10266,Conductor,De 55 a 59 años,Hombre,7
2021S008811,2021-05-21T19:05:00Z,CARRETERA_ESTACION_DE_HORTALEZA_,56,HORTALEZA,Colisión frontal,Despejado,Bicicleta,10267,Conductor,De 55 a 59 años,Hombre,14
2021S008866,2021-05-22T08:40:00Z,CALLE_ALCALA_,253,CIUDAD_LINEAL,Alcance,Despejado,Bicicleta,10268,Conductor,De 35 a 39 años,Hombre,6
2021S008881,2021-05-21T20:15:00Z,CARRETERA_RODAJOS_,2,MONCLOA-ARAVACA,Caída,Despejado,Bicicleta,10269,Conductor,De 45 a 49 años,Hombre,2
2021S008907,2021-05-22T21:40:00Z,CALLE_TOLEDO_,52,CENTRO,Alcance,Despejado,Bicicleta,10270,Conductor,De 18 a 20 años,Hombre,
2021S008970,2021-05-23T14:55:00Z,CALLE_MINERVA_-_CALLE_TITANIO,3,VICALVARO,Alcance,Nublado,Bicicleta,10271,Conductor,De 40 a 44 años,Hombre,
2021S008974,2021-05-23T16:45:00Z,CALLE_PUERTO_ALTO_-_CALLE_MONTE_PERDIDO,3,PUENTE_DE_VALLECAS,Colisión fronto-lateral,Nublado,Bicicleta,10272,Conductor,De 35 a 39 años,Hombre,
2021S008998,2021-05-20T13:27:00Z,CARRETERA_CASTILLA_+S,+00300S,MONCLOA-ARAVACA,Caída,Despejado,Bicicleta,10273,Conductor,De 15 a 17 años,Hombre,7
2021S009051,2021-05-25T04:45:00Z,CALLE_MESON_DE_PAREDES_-_CALLE_MIGUEL_SERVET,30,CENTRO,Colisión múltiple,Despejado,Bicicleta,10274,Conductor,De 30 a 34 años,Hombre,7
2021S009054,2021-05-24T13:20:00Z,AVENIDA_ENTREVIAS_-_AVENIDA_BUENOS_AIRES,140,PUENTE_DE_VALLECAS,Caída,Despejado,Bicicleta,10275,Conductor,De 55 a 59 años,Hombre,5
2021S009087,2021-05-25T17:15:00Z,AVENIDA_ARCENTALES_,7,SAN_BLAS-CANILLEJAS,Colisión lateral,Despejado,Bicicleta,10276,Conductor,De 25 a 29 años,Mujer,
2021S009096,2021-05-25T19:40:00Z,CALLE_VIRGEN_DE_LOS_ROSALES_-_CALLE_VELETA,106,MONCLOA-ARAVACA,Caída,Despejado,Bicicleta,10277,Conductor,De 55 a 59 años,Hombre,6
2021S009101,2021-05-25T20:00:00Z,CALLE_MATEO_INURRIA_,5,CHAMARTIN,Alcance,Despejado,Bicicleta,10278,Conductor,De 25 a 29 años,Hombre,7
2021S009116,2021-05-25T14:50:00Z,PASEO_CHOPERA_,10,ARGANZUELA,Caída,Despejado,Bicicleta,10279,Conductor,De 40 a 44 años,Hombre,7
2021S009147,2021-05-26T17:40:00Z,AVENIDA_MONASTERIO_DE_SILOS_B,7B,FUENCARRAL-EL_PARDO,Colisión fronto-lateral,Despejado,Bicicleta,10280,Conductor,Desconocido,Desconocido,
2021S009147,2021-05-26T17:40:00Z,AVENIDA_MONASTERIO_DE_SILOS_B,7B,FUENCARRAL-EL_PARDO,Colisión fronto-lateral,Despejado,Bicicleta,10281,Conductor,De 45 a 49 años,Mujer,3
2021S009154,2021-05-26T20:00:00Z,AVENIDA_ANDES_,52,HORTALEZA,Caída,Despejado,Bicicleta,10282,Conductor,De 30 a 34 años,Hombre,6
2021S009168,2021-05-26T22:20:00Z,PASEO_MELANCOLICOS_,4,ARGANZUELA,Caída,Despejado,Bicicleta,10283,Conductor,De 30 a 34 años,Hombre,3
2021S009224,2021-05-27T19:30:00Z,CALLE_ANTONIO_MACHADO_-_CALLE_VALDERREY,24,MONCLOA-ARAVACA,Colisión lateral,Despejado,Bicicleta,10284,Conductor,De 25 a 29 años,Hombre,6
2021S009241,2021-05-27T23:45:00Z,CALLE_SANTA_ENGRACIA_,140,CHAMBERI,Choque contra obstáculo fijo,Despejado,Bicicleta,10285,Conductor,De 30 a 34 años,Hombre,1
2021S009258,2021-05-28T03:40:00Z,PASEO_CASTELLANA_,180,CHAMARTIN,Choque contra obstáculo fijo,Despejado,Bicicleta,10286,Conductor,De 30 a 34 años,Mujer,1
2021S009261,2021-05-27T14:05:00Z,CAMINO_POZO_DEL_TIO_RAIMUNDO_,37,VILLA_DE_VALLECAS,Colisión lateral,Despejado,Bicicleta,10287,Conductor,De 30 a 34 años,Hombre,1
2021S009357,2021-05-29T12:30:00Z,CALLE_SEGOVIA_,21,CENTRO,Caída,Despejado,Bicicleta,10288,Conductor,De 50 a 54 años,Hombre,6
2021S009421,2021-05-29T10:00:00Z,AVENIDA_CARDENAL_HERRERA_ORIA_-_AVENIDA_LLANO_CASTELLANO,2,FUENCARRAL-EL_PARDO,Caída,Despejado,Bicicleta,10289,Conductor,De 50 a 54 años,Hombre,7
2021S009421,2021-05-29T10:00:00Z,AVENIDA_CARDENAL_HERRERA_ORIA_-_AVENIDA_LLANO_CASTELLANO,2,FUENCARRAL-EL_PARDO,Caída,Despejado,Bicicleta,10290,Conductor,De 60 a 64 años,Hombre,6
2021S009423,2021-05-30T11:45:00Z,CALLE_EMBAJADORES_-_ACCESO_CAJA_MAGICA,286,ARGANZUELA,Colisión fronto-lateral,Despejado,Bicicleta,10291,Conductor,De 45 a 49 años,Mujer,2
2021S009484,2021-05-29T11:15:00Z,PASEO_PIÑONEROS_KM__VIA_VERDE_CASA_DE_CAMPO,4,MONCLOA-ARAVACA,Colisión fronto-lateral,Despejado,Bicicleta,10292,Conductor,De 35 a 39 años,Hombre,2
2021S009484,2021-05-29T11:15:00Z,PASEO_PIÑONEROS_KM__VIA_VERDE_CASA_DE_CAMPO,4,MONCLOA-ARAVACA,Colisión fronto-lateral,Despejado,Bicicleta,10293,Conductor,De 45 a 49 años,Hombre,7
2021S009492,2021-05-28T07:40:00Z,CALLE_EMBAJADORES_,300,ARGANZUELA,Caída,Despejado,Bicicleta,10294,Conductor,De 35 a 39 años,Mujer,7
2021S009511,2021-05-30T15:10:00Z,CALLE_PEDRO_RICO_-_CALLE_ARTURO_DUPERIER,19,FUENCARRAL-EL_PARDO,Caída,Despejado,Bicicleta,10295,Conductor,De 60 a 64 años,Hombre,2
2021S009532,2021-05-31T20:35:00Z,CALLE_VIA_CARPETANA_,57,CARABANCHEL,Caída,,Bicicleta,10296,Conductor,Desconocido,Desconocido,
2021S009537,2021-05-31T22:15:00Z,PASEO_RECOLETOS_-_CALLE_ARMADA_ESPAÑOLA,20,SALAMANCA,Caída,Lluvia débil,Bicicleta,10297,Conductor,De 40 a 44 años,Hombre,5
2021S009606,2021-01-06T19:30:00Z,CUSTA_SAN_VICENTE_-_CALLE_BAILEN,2,MONCLOA-ARAVACA,Caída,Despejado,Bicicleta,10298,Conductor,De 25 a 29 años,Mujer,6
2021S009635,2021-01-06T11:05:00Z,GLORIETA_EMBAJADORES_-_RONDA_VALENCIA,1,CENTRO,Atropello a persona,Despejado,Bicicleta,10299,Conductor,Desconocido,Desconocido,
2021S009635,2021-01-06T11:05:00Z,GLORIETA_EMBAJADORES_-_RONDA_VALENCIA,1,CENTRO,Atropello a persona,Despejado,Bicicleta,10300,Peatón,De 30 a 34 años,Hombre,5
2021S009665,2021-01-06T15:34:00Z,RONDA_VALENCIA_-_CALLE_ALONSO_DEL_BARCO,9,ARGANZUELA,Alcance,Despejado,Bicicleta,10301,Conductor,De 35 a 39 años,Hombre,1
2021S009673,2021-02-06T16:40:00Z,CALLE_ALCALDE_SAINZ_DE_BARANDA_-_AUTOV_M-,80,RETIRO,Colisión frontal,Despejado,Bicicleta,10302,Conductor,De 50 a 54 años,Hombre,14
2021S009686,2021-01-06T21:35:00Z,AVENIDA_BRASILIA_-_AVENIDA_BADAJOZ,27,SALAMANCA,Alcance,Despejado,Bicicleta,10303,Conductor,De 55 a 59 años,Hombre,7
2021S009724,2021-02-06T13:10:00Z,CALLE_ALEJANDRO_SANCHEZ_,72,CARABANCHEL,Choque contra obstáculo fijo,Despejado,Bicicleta,10304,Conductor,De 30 a 34 años,Hombre,7
2021S009732,2021-02-06T12:30:00Z,AVENIDA_MENENDEZ_PELAYO_-_CALLE_DOCTOR_CASTELO,21,RETIRO,Colisión fronto-lateral,Despejado,Bicicleta,10305,Conductor,De 55 a 59 años,Hombre,
2021S009753,2021-02-06T14:55:00Z,PASEO_CASTELLANA_,216,CHAMARTIN,Colisión lateral,Despejado,Bicicleta,10306,Conductor,De 40 a 44 años,Hombre,7
2021S009776,2021-03-06T19:45:00Z,GLORIETA_MARQUES_DE_VADILLO_,1,CARABANCHEL,Alcance,Despejado,Bicicleta,10307,Conductor,De 60 a 64 años,Hombre,7
2021S009839,2021-04-06T19:05:00Z,CALLE_FUENCARRAL_-_CALLE_JERONIMO_DE_LA_QUINTANA,134,CHAMBERI,Colisión fronto-lateral,Despejado,Bicicleta,10308,Conductor,De 40 a 44 años,Hombre,3
2021S009902,2021-05-06T05:30:00Z,PLAZA_LEGAZPI_CON_PASEO_DE_LA_CHOPERA,9,ARGANZUELA,Caída,Despejado,Bicicleta,10309,Conductor,De 30 a 34 años,Hombre,6
2021S009947,2021-05-06T23:00:00Z,CALLE_ALCALA_-_AUTOV_M-,217,SALAMANCA,Colisión lateral,Despejado,Bicicleta,10310,Conductor,De 30 a 34 años,Hombre,3
2021S010047,2021-06-06T11:30:00Z,AVENIDA_LAS_FUERZAS_ARMADAS_,136,HORTALEZA,Caída,Despejado,Bicicleta,10311,Conductor,De 40 a 44 años,Mujer,1
2021S010076,2021-07-06T15:00:00Z,PLAZA_CORTES_,2,CENTRO,Colisión fronto-lateral,Despejado,Bicicleta,10312,Conductor,De 25 a 29 años,Mujer,7
2021S010099,2021-07-06T19:45:00Z,PLAZA_ALSACIA_-_AVENIDA_INSTITUCION_LIBRE_DE_ENSEÑANZA,1,SAN_BLAS-CANILLEJAS,Colisión fronto-lateral,Despejado,Bicicleta,10313,Conductor,De 21 a 24 años,Hombre,
2021S010125,2021-06-06T13:35:00Z,AVENIDA_MONASTERIO_DE_SILOS_,96,FUENCARRAL-EL_PARDO,Colisión frontal,Despejado,Bicicleta,10314,Conductor,De 50 a 54 años,Hombre,6
2021S010125,2021-06-06T13:35:00Z,AVENIDA_MONASTERIO_DE_SILOS_,96,FUENCARRAL-EL_PARDO,Colisión frontal,Despejado,Bicicleta,10315,Conductor,De 55 a 59 años,Hombre,7
2021S010131,2021-08-06T08:50:00Z,PLAZA_CIBELES_-_CALLEE_ALCALA,1,RETIRO,Colisión lateral,Despejado,Bicicleta,10316,Conductor,De 50 a 54 años,Mujer,3
2021S010149,2021-06-06T11:35:00Z,CALLE_ISABEL_COLBRAND_-_CALLE_MARIA_TUBAU,1,FUENCARRAL-EL_PARDO,Caída,Despejado,Bicicleta,10317,Conductor,De 10 a 14 años,Mujer,5
2021S010188,2021-07-06T06:47:00Z,AVENIDA_PORTUGAL_-_AVENIDA_PRINCIPAL,157,LATINA,Colisión fronto-lateral,Despejado,Bicicleta,10318,Conductor,De 50 a 54 años,Hombre,1
2021S010245,2021-09-06T19:15:00Z,CALLE_PINOS_ALTA_,5,TETUAN,Atropello a persona,Despejado,Bicicleta,10319,Conductor,De 21 a 24 años,Hombre,14
2021S010245,2021-09-06T19:15:00Z,CALLE_PINOS_ALTA_,5,TETUAN,Atropello a persona,Despejado,Bicicleta,10320,Peatón,De 40 a 44 años,Mujer,2
2021S010276,2021-10-06T12:39:00Z,CALLE_SAN_DALMACIO_,19,VILLAVERDE,Colisión lateral,Despejado,Bicicleta,10321,Conductor,De 25 a 29 años,Hombre,
2021S010414,2021-10-06T16:05:00Z,CALLE_PLANETA_TIERRA_-_CALLE_EROS,1,ARGANZUELA,Caída,Despejado,Bicicleta,10322,Conductor,De 40 a 44 años,Hombre,1
2021S010419,2021-10-06T14:20:00Z,PASEO_SANTA_MARIA_DE_LA_CABEZA_,18,ARGANZUELA,Caída,Despejado,Bicicleta,10323,Conductor,De 18 a 20 años,Hombre,1
2021S010483,2021-12-06T10:15:00Z,CALLE_ALEGRIA_DE_ORIA_-_CALLE_TESEO,5,SAN_BLAS-CANILLEJAS,Colisión lateral,Despejado,Bicicleta,10324,Conductor,De 55 a 59 años,Hombre,7
2021S010514,2021-12-06T21:30:00Z,CALLE_GENOVA_,24,CENTRO,Caída,Despejado,Bicicleta,10325,Conductor,De 30 a 34 años,Hombre,2
2021S010564,2021-06-13T11:50:00Z,REAL_DE_ARGANDA_,74,VILLA_DE_VALLECAS,Colisión fronto-lateral,Despejado,Bicicleta,10326,Conductor,De 65 a 69 años,Hombre,
2021S010567,2021-12-06T09:45:00Z,CALLE_SAMARIA_-_CALLE_DOCTOR_ESQUERDO,14,RETIRO,Caída,Despejado,Bicicleta,10327,Conductor,De 50 a 54 años,Hombre,1
2021S010572,2021-11-06T19:25:00Z,CALLE_MONASTERIO_DE_LAS_HUELGAS_,5,FUENCARRAL-EL_PARDO,Caída,Despejado,Bicicleta,10328,Conductor,De 15 a 17 años,Hombre,7
2021S010587,2021-06-13T21:20:00Z,CALLE_GENOVA_,16,CENTRO,Colisión fronto-lateral,Nublado,Bicicleta,10329,Conductor,De 25 a 29 años,Hombre,2
2021S010594,2021-06-13T05:05:00Z,CALLE_PRINCESA_,31,MONCLOA-ARAVACA,Alcance,Despejado,Bicicleta,10330,Conductor,De 25 a 29 años,Hombre,2
2021S010682,2021-06-15T08:55:00Z,CALLE_LOMBIA_-_CALLE_JORGE_JUAN,1,SALAMANCA,Colisión fronto-lateral,,Bicicleta,10331,Conductor,De 40 a 44 años,Hombre,14
2021S010698,2021-06-15T15:00:00Z,PASEO_ERMITA_DEL_SANTO_,16,LATINA,Colisión fronto-lateral,Despejado,Bicicleta,10332,Conductor,De 25 a 29 años,Hombre,14
2021S010698,2021-06-15T15:00:00Z,PASEO_ERMITA_DEL_SANTO_,16,LATINA,Colisión fronto-lateral,Despejado,Bicicleta,10333,Conductor,De 55 a 59 años,Hombre,7
2021S010709,2021-06-14T21:41:00Z,CALLE_MONASTERIO_DE_EL_PAULAR_-_AVENIDA_MONASTERIO_DE_SILOS,2,FUENCARRAL-EL_PARDO,Caída,Despejado,Bicicleta,10334,Conductor,De 50 a 54 años,Hombre,7
2021S010725,2021-06-15T23:02:00Z,AVENIDA_MARQUES_DE_CORBERA_,22,CIUDAD_LINEAL,Colisión lateral,Despejado,Bicicleta,10335,Conductor,De 25 a 29 años,Hombre,1
2021S010739,2021-06-15T11:30:00Z,PASEO_CAMOENS_Y_VALERO_-_PASEO_RUPERTO_CHAPI,2,MONCLOA-ARAVACA,Colisión fronto-lateral,Despejado,Bicicleta,10336,Conductor,De 40 a 44 años,Hombre,1
2021S010803,2021-06-17T08:25:00Z,CALLE_VELAZQUEZ_,6,SALAMANCA,Alcance,Lluvia débil,Bicicleta,10337,Conductor,De 35 a 39 años,Mujer,2
2021S010810,2021-09-06T07:00:00Z,PASEO_PRADO_,1,RETIRO,Caída,Despejado,Bicicleta,10338,Conductor,De 30 a 34 años,Hombre,1
2021S010831,2021-06-15T10:20:00Z,AVENIDA_FRANCISCO_PI_Y_MARGALL_-_CALLE_MARIA_DE_PORTUGAL,98,HORTALEZA,Colisión frontal,Despejado,Bicicleta,10339,Conductor,De 35 a 39 años,Hombre,
2021S010916,2021-06-16T20:00:00Z,CALLE_RICARDO_BELTRAN_Y_ROZPIDE_-_CALLE_ALBARDIN,1,USERA,Alcance,Despejado,Bicicleta,10340,Conductor,De 10 a 14 años,Hombre,7
2021S010978,2021-06-19T01:40:00Z,CALLE_JUAN_BRAVO_-_CALLE_ALCANTARA,32,SALAMANCA,Caída,Despejado,Bicicleta,10341,Conductor,De 25 a 29 años,Hombre,6
2021S011089,2021-06-19T21:35:00Z,GLORIETA_EDIMBURGO_,1,BARAJAS,Colisión fronto-lateral,Despejado,Bicicleta,10342,Conductor,De 45 a 49 años,Hombre,14
2021S011097,2021-06-20T18:10:00Z,CALLE_TOLEDO_,74,CENTRO,Caída,Despejado,Bicicleta,10343,Conductor,De 25 a 29 años,Mujer,1
2021S011098,2021-06-20T18:55:00Z,CALLE_LUIS_DE_HOYOS_SAINZ_-_CALLE_VALDEBERNARDO,162,MORATALAZ,Alcance,Despejado,Bicicleta,10344,Conductor,De 15 a 17 años,Hombre,3
2021S011192,2021-06-21T07:50:00Z,CALLE_BIGASTRO_-_CALLE_NAVACEPEDILLA,6,LATINA,Caída,Despejado,Bicicleta,10345,Conductor,De 45 a 49 años,Hombre,7
2021S011221,2021-06-21T20:39:00Z,AVENIDA_DOCTOR_GARCIA_TAPIA_,232,MORATALAZ,Choque contra obstáculo fijo,Despejado,Bicicleta,10346,Conductor,De 10 a 14 años,Hombre,7
2021S011227,2021-06-19T21:05:00Z,CALLE_BLAS_CABRERA_,125,LATINA,Choque contra obstáculo fijo,,Bicicleta,10347,Conductor,De 50 a 54 años,Hombre,14
2021S011286,2021-06-23T18:20:00Z,CALLE_TOLEDO_,107,CENTRO,Caída,Despejado,Bicicleta,10348,Conductor,De 30 a 34 años,Mujer,1
2021S011347,2021-06-24T17:05:00Z,CALLE_O'DONNELL_,44,RETIRO,Colisión fronto-lateral,Despejado,Bicicleta,10349,Conductor,De 30 a 34 años,Hombre,6
2021S011380,2021-06-25T01:10:00Z,CALLE_BALTASAR_SANTOS_,2,PUENTE_DE_VALLECAS,Caída,Despejado,Bicicleta,10350,Conductor,De 40 a 44 años,Mujer,7
2021S011439,2021-06-24T22:15:00Z,AVENIDA_PLANETARIO_,18,ARGANZUELA,Caída,Despejado,Bicicleta,10351,Conductor,De 25 a 29 años,Hombre,1
2021S011442,2021-06-24T21:50:00Z,PASEO_OLMOS_,14,ARGANZUELA,Caída,Despejado,Bicicleta,10352,Conductor,De 25 a 29 años,Hombre,7
2021S011478,2021-06-25T23:25:00Z,CALLE_PRINCIPE_DE_VERGARA_-_CALLE_MALDONADO,69,SALAMANCA,Caída,Despejado,Bicicleta,10353,Conductor,De 30 a 34 años,Mujer,7
2021S011535,2021-06-26T13:52:00Z,CALLE_HORTALEZA_,73,CENTRO,Colisión lateral,Despejado,Bicicleta,10354,Conductor,De 30 a 34 años,Hombre,
2021S011544,2021-06-26T18:00:00Z,CALLE_CRUZ_-_CALLE_BARCELONA,33,CENTRO,Colisión lateral,Despejado,Bicicleta,10355,Conductor,De 35 a 39 años,Hombre,
2021S011553,2021-06-26T21:00:00Z,AVENIDA_INSTITUCION_LIBRE_DE_ENSEÑANZA_-_CALLE_CASTILLO_DE_UCLES,79,SAN_BLAS-CANILLEJAS,Colisión fronto-lateral,Despejado,Bicicleta,10356,Conductor,De 6  a  9 años,Hombre,
2021S011563,2021-06-27T00:00:00Z,CALLE_JORGE_JUAN_,38,SALAMANCA,Colisión fronto-lateral,Despejado,Bicicleta,10357,Conductor,De 21 a 24 años,Mujer,6
2021S011606,2021-06-26T11:12:00Z,CALLE_FERMIN_CABALLERO_,89,FUENCARRAL-EL_PARDO,Colisión fronto-lateral,Despejado,Bicicleta,10358,Conductor,De 35 a 39 años,Hombre,7
2021S011675,2021-06-27T23:35:00Z,CALLE_PRINCIPE_DE_VERGARA_A,209A,CHAMARTIN,Caída,Despejado,Bicicleta,10359,Conductor,De 25 a 29 años,Mujer,2
2021S011676,2021-06-27T10:30:00Z,CALLE_LA_TABERNERA_DEL_PUERTO_,2,VILLAVERDE,Colisión fronto-lateral,Despejado,Bicicleta,10360,Conductor,De 60 a 64 años,Hombre,6
2021S011682,2021-06-27T10:30:00Z,CALLE_ENCOMIENDA_DE_PALACIOS_,1,MORATALAZ,Caída,Despejado,Bicicleta,10361,Conductor,De 18 a 20 años,Hombre,7
2021S011690,2021-06-27T13:05:00Z,CALLE_LA_ALBERCA_,7,FUENCARRAL-EL_PARDO,Caída,Despejado,Bicicleta,10362,Conductor,De 25 a 29 años,Hombre,6
2021S011716,2021-06-28T17:55:00Z,PASEO_EMBARCADERO_,6,MONCLOA-ARAVACA,Caída,Despejado,Bicicleta,10363,Conductor,De 10 a 14 años,Hombre,6
2021S011762,2021-06-25T20:04:00Z,CAMINO_PERALES_,98,USERA,Caída,Despejado,Bicicleta,10364,Conductor,De 30 a 34 años,Hombre,7
2021S011845,2021-06-29T19:00:00Z,CALLE_SAN_EPIFANIO_,5,ARGANZUELA,Colisión fronto-lateral,,Bicicleta,10365,Conductor,De 30 a 34 años,Hombre,14
2021S011847,2021-06-30T16:45:00Z,PASEO_RECOLETOS_-_CALLE_ARMADA_ESPAÑOLA,22,SALAMANCA,Colisión lateral,Despejado,Bicicleta,10366,Conductor,De 30 a 34 años,Hombre,14
2021S011873,2021-01-07T01:30:00Z,AVENIDA_MIGUEL_HERNANDEZ_-_CALLE_ANDALUCES,48,PUENTE_DE_VALLECAS,Caída,Despejado,Bicicleta,10367,Conductor,De 55 a 59 años,Hombre,2
2021S011906,2021-01-07T16:21:00Z,AVENIDA_LOS_ROSALES_,42,VILLAVERDE,Caída,Despejado,Bicicleta,10368,Conductor,De 65 a 69 años,Hombre,2
2021S011983,2021-02-07T12:10:00Z,AVENIDA_LOS_ROSALES_-_PARQUE_MADRID_RIO,42,VILLAVERDE,Caída,Despejado,Bicicleta,10369,Conductor,De 60 a 64 años,Hombre,3
2021S012045,2021-03-07T12:30:00Z,AVENIDA_POBLADOS_-_CALLE_ILDEFONSO_GONZALEZ_VALENCIA,110,CARABANCHEL,Colisión fronto-lateral,Despejado,Bicicleta,10370,Conductor,De 21 a 24 años,Mujer,7
2021S012099,2021-03-07T11:45:00Z,CALLE_JULIO_CANO_LASSO_-_AVENIDA_JOSE_ANTONIO_CORRALES,4,BARAJAS,Colisión fronto-lateral,Despejado,Bicicleta,10371,Conductor,De 55 a 59 años,Hombre,14
2021S012109,2021-03-07T21:30:00Z,CALLE_COSTA_BRAVA_-_CALLE_MONASTERIO_DE_LAS_HUELGAS,16,FUENCARRAL-EL_PARDO,Caída,Despejado,Bicicleta,10372,Conductor,De 55 a 59 años,Mujer,2
2021S012134,2021-04-07T02:05:00Z,CALLE_RIBERA_DE_CURTIDORES_-_RONDA_TOLEDO,28,ARGANZUELA,Caída,Despejado,Bicicleta,10373,Conductor,De 40 a 44 años,Hombre,2
2021S012177,2021-05-07T15:45:00Z,GLORIETA_HAMBURGO_,1,BARAJAS,Choque contra obstáculo fijo,Despejado,Bicicleta,10374,Conductor,De 10 a 14 años,Mujer,2
2021S012177,2021-05-07T15:45:00Z,GLORIETA_HAMBURGO_,1,BARAJAS,Choque contra obstáculo fijo,Despejado,Bicicleta,10375,Conductor,De 25 a 29 años,Mujer,2
2021S012191,2021-05-07T20:50:00Z,CALLE_EMBAJADORES_,70,CENTRO,Otro,Despejado,Bicicleta,10376,Conductor,De 25 a 29 años,Mujer,2
2021S012197,2021-05-07T22:30:00Z,CALLE_VALLEHERMOSO_-_CALLE_JOAQUIN_MARIA_LOPEZ,70,CHAMBERI,Alcance,Despejado,Bicicleta,10377,Conductor,De 30 a 34 años,Mujer,2
2021S012202,2021-04-07T09:30:00Z,CARRETERA_ZARZON_-_ARRY_MEAQUES,6,MONCLOA-ARAVACA,Atropello a animal,Despejado,Bicicleta,10378,Conductor,De 50 a 54 años,Hombre,7
2021S012216,2021-06-07T12:45:00Z,CALLE_GOYA_,70,SALAMANCA,Caída,Lluvia débil,Bicicleta,10379,Conductor,De 15 a 17 años,Hombre,7
2021S012216,2021-06-07T12:45:00Z,CALLE_GOYA_,70,SALAMANCA,Caída,Lluvia débil,Bicicleta,10380,Conductor,De 55 a 59 años,Mujer,7
2021S012242,2021-06-07T16:45:00Z,CALLE_ARROYO_DEL_OLIVAR_-_CALLE_SIERRA_DE_ALMIJARA,70,PUENTE_DE_VALLECAS,Caída,Nublado,Bicicleta,10381,Conductor,De 45 a 49 años,Hombre,1
2021S012261,2021-06-07T20:15:00Z,PARQUE_MADRID_RIO_+E,+00460E,CARABANCHEL,Colisión fronto-lateral,Despejado,Bicicleta,10382,Conductor,De 55 a 59 años,Hombre,14
2021S012268,2021-07-07T01:15:00Z,AVENIDA_AMERICA_,1,CHAMARTIN,Alcance,Despejado,Bicicleta,10383,Conductor,De 45 a 49 años,Mujer,2
2021S012276,2021-06-07T10:20:00Z,CALLE_SEPULVEDA_,9,LATINA,Caída,Despejado,Bicicleta,10384,Conductor,De 25 a 29 años,Hombre,2
2021S012280,2021-06-07T12:50:00Z,PASEO_CASTELLANA_-_PLAZA_SAN_JUAN_DE_LA_CRUZ,63,CHAMBERI,Caída,Lluvia débil,Bicicleta,10385,Conductor,De 40 a 44 años,Hombre,7
2021S012287,2021-06-07T13:00:00Z,CALLE_ANTONIO_MAURA_-_CALLE_RUIZ_DE_ALARCON,5,RETIRO,Caída,Lluvia débil,Bicicleta,10386,Conductor,De 45 a 49 años,Hombre,7
2021S012316,2021-06-07T16:25:00Z,AVENIDA_CORDOBA_,2,USERA,Caída,Lluvia débil,Bicicleta,10387,Conductor,De 40 a 44 años,Hombre,7
2021S012329,2021-07-07T20:15:00Z,CALLE_BRAVO_MURILLO_,102,TETUAN,Alcance,Despejado,Bicicleta,10388,Conductor,De 40 a 44 años,Hombre,
2021S012441,2021-09-07T16:15:00Z,CALLE_HILERAS_,12,CENTRO,Alcance,Despejado,Bicicleta,10389,Conductor,De 18 a 20 años,Hombre,7
2021S012454,2021-09-07T20:50:00Z,CALLE_CASTILLA_-_CALLE_GOIRI,3,TETUAN,Colisión fronto-lateral,Despejado,Bicicleta,10390,Conductor,De 25 a 29 años,Hombre,14
2021S012454,2021-09-07T20:50:00Z,CALLE_CASTILLA_-_CALLE_GOIRI,3,TETUAN,Colisión fronto-lateral,Despejado,Bicicleta,10391,Pasajero,De 21 a 24 años,Hombre,14
2021S012530,2021-11-07T07:00:00Z,AVENIDA_CARABANCHEL_ALTO_-_AVENIDA_PESETA,100,CARABANCHEL,Colisión fronto-lateral,Despejado,Bicicleta,10392,Conductor,De 45 a 49 años,Hombre,2
2021S012574,2021-12-07T00:32:00Z,CALLE_ARTURO_SORIA_,197,CIUDAD_LINEAL,Caída,Despejado,Bicicleta,10393,Conductor,De 45 a 49 años,Hombre,2
2021S012589,2021-11-07T11:40:00Z,CARRETERA_ESTACION_DE_HORTALEZA_-_AUTOV_M-,8,HORTALEZA,Caída,Despejado,Bicicleta,10394,Conductor,De 50 a 54 años,Hombre,14
2021S012589,2021-11-07T11:40:00Z,CARRETERA_ESTACION_DE_HORTALEZA_-_AUTOV_M-,8,HORTALEZA,Caída,Despejado,Bicicleta,10395,Conductor,De 70 a 74 años,Hombre,6
2021S012596,2021-12-07T11:30:00Z,CALLE_SAN_SEVERO_,22,BARAJAS,Caída,Despejado,Bicicleta,10396,Conductor,De 15 a 17 años,Hombre,7
2021S012603,2021-09-07T21:10:00Z,CALLE_MORALZARZAL_,4,FUENCARRAL-EL_PARDO,Colisión fronto-lateral,,Bicicleta,10397,Conductor,De 30 a 34 años,Hombre,
2021S012617,2021-12-07T17:22:00Z,CAMINO_VALDERRIBAS_-_CALLE_ANGELA_GONZALEZ,99,PUENTE_DE_VALLECAS,Colisión fronto-lateral,Despejado,Bicicleta,10398,Conductor,De 35 a 39 años,Hombre,6
2021S012628,2021-12-07T17:55:00Z,CALLE_AVELINO_FERNANDEZ_DE_LA_POZA_-_CALLE_SIERRA_DE_ALBARRACIN,2,PUENTE_DE_VALLECAS,Colisión fronto-lateral,Despejado,Bicicleta,10399,Conductor,De 10 a 14 años,Hombre,7
2021S012642,2021-12-07T22:45:00Z,CALLE_HIJAS_DE_JESUS_-_AVENIDA_CORDOBA,1,USERA,Colisión lateral,Despejado,Bicicleta,10400,Conductor,De 35 a 39 años,Mujer,7
2021S012666,2021-12-07T19:00:00Z,CALLE_ENRIQUE_VELASCO_,25,PUENTE_DE_VALLECAS,Caída,Despejado,Bicicleta,10401,Conductor,De 45 a 49 años,Hombre,14
2021S012749,2021-07-14T19:35:00Z,AVENIDA_MANZANARES_,48,LATINA,Atropello a persona,Despejado,Bicicleta,10402,Conductor,De 50 a 54 años,Hombre,7
2021S012749,2021-07-14T19:35:00Z,AVENIDA_MANZANARES_,48,LATINA,Atropello a persona,Despejado,Bicicleta,10403,Peatón,Menor de 5 años,Mujer,7
2021S012818,2021-07-15T20:40:00Z,AVENIDA_PORTUGAL_-_Explanada_Puente_del_Rey,1,LATINA,Caída,Despejado,Bicicleta,10404,Conductor,De 55 a 59 años,Mujer,6
2021S012885,2021-07-16T19:57:00Z,CALLE_PRINCIPE_DE_VERGARA_,197,CHAMARTIN,Alcance,Despejado,Bicicleta,10405,Conductor,De 30 a 34 años,Hombre,2
2021S012981,2021-07-18T20:45:00Z,CARRETERA_PARQUE_DE_ATRACCIONES_,1,MONCLOA-ARAVACA,Choque contra obstáculo fijo,Despejado,Bicicleta,10406,Conductor,De 40 a 44 años,Hombre,7
2021S013003,2021-07-19T13:00:00Z,GLORIETA_JAIME_CAMPMANY_,0,SALAMANCA,Colisión fronto-lateral,Despejado,Bicicleta,10407,Conductor,De 25 a 29 años,Hombre,14
2021S013025,2021-07-19T18:29:00Z,CALLE_ARGOS_-_AVENIDA_INSTITUCION_LIBRE_DE_ENSEÑANZA,21,SAN_BLAS-CANILLEJAS,Atropello a persona,Despejado,Bicicleta,10408,Conductor,De 10 a 14 años,Hombre,14
2021S013025,2021-07-19T18:29:00Z,CALLE_ARGOS_-_AVENIDA_INSTITUCION_LIBRE_DE_ENSEÑANZA,21,SAN_BLAS-CANILLEJAS,Atropello a persona,Despejado,Bicicleta,10409,Peatón,De 50 a 54 años,Mujer,7
2021S013065,2021-07-15T18:15:00Z,CALLE_AMOR_HERMOSO_,10,USERA,Colisión fronto-lateral,Despejado,Bicicleta,10410,Conductor,De 50 a 54 años,Hombre,7
2021S013083,2021-07-20T18:27:00Z,AVENIDA_NICETO_ALCALA_ZAMORA_-_AVENIDA_INGENIERO_EMILIO_HERRERA,20,HORTALEZA,Otro,Despejado,Bicicleta,10411,Conductor,De 45 a 49 años,Hombre,5
2021S013112,2021-07-21T09:15:00Z,CALLE_MEJIA_LEQUERICA_,8,CENTRO,Caída,Despejado,Bicicleta,10412,Conductor,De 55 a 59 años,Hombre,7
2021S013150,2021-07-21T20:30:00Z,AVENIDA_LAS_FUERZAS_ARMADAS_-_GLORIETA_ISIDRO_GONZALEZ_VELAZQUEZ,10,HORTALEZA,Colisión fronto-lateral,Despejado,Bicicleta,10413,Conductor,De 30 a 34 años,Hombre,2
2021S013169,2021-07-21T22:55:00Z,CALLE_ALCALDE_SAINZ_DE_BARANDA_,101,RETIRO,Otro,Despejado,Bicicleta,10414,Conductor,De 35 a 39 años,Hombre,1
2021S013299,2021-07-22T16:40:00Z,CALLE_CIGARRERAS_,8,ARGANZUELA,Colisión fronto-lateral,Despejado,Bicicleta,10415,Conductor,De 45 a 49 años,Hombre,7
2021S013310,2021-07-25T20:10:00Z,CALLE_INFANTAS_,40,CENTRO,Caída,Despejado,Bicicleta,10416,Conductor,De 45 a 49 años,Hombre,1
2021S013386,2021-07-21T21:15:00Z,PLAZA_ALONSO_MARTINEZ_-_CALLE_GENOVA,1,CHAMBERI,Colisión fronto-lateral,Despejado,Bicicleta,10417,Conductor,De 50 a 54 años,Hombre,
2021S013394,2021-07-26T21:00:00Z,CALLE_MONSEÑOR_OSCAR_ROMERO_-_CALLE_FERNANDO_DELGADO,54,CARABANCHEL,Colisión fronto-lateral,Despejado,Bicicleta,10418,Conductor,De 35 a 39 años,Hombre,6
2021S013403,2021-07-27T08:10:00Z,CALLE_PIO_BAROJA_,10,RETIRO,Colisión fronto-lateral,Despejado,Bicicleta,10419,Conductor,De 40 a 44 años,Hombre,2
2021S013434,2021-07-26T15:50:00Z,PASEO_SANTA_MARIA_DE_LA_CABEZA_,1,ARGANZUELA,Alcance,Despejado,Bicicleta,10420,Conductor,De 30 a 34 años,Hombre,14
2021S013471,2021-07-27T12:50:00Z,CALLE_ANCORA_,15,ARGANZUELA,Otro,Despejado,Bicicleta,10421,Conductor,De 40 a 44 años,Hombre,7
2021S013604,2021-07-25T00:07:00Z,PASEO_PRADO_-_ZORRILLA,8,CENTRO,Caída,Despejado,Bicicleta,10422,Conductor,De 21 a 24 años,Mujer,1
2021S013686,2021-07-31T11:15:00Z,CALLE_PADRE_LLANOS_,24,PUENTE_DE_VALLECAS,Colisión frontal,Lluvia débil,Bicicleta,10423,Conductor,De 40 a 44 años,Hombre,7
2021S013696,2021-07-31T16:15:00Z,CALLE_EL_TOBOSO_-_CALLE_PRIMULA,49,CARABANCHEL,Colisión fronto-lateral,Despejado,Bicicleta,10424,Conductor,De 15 a 17 años,Hombre,7
2021S013744,2021-01-08T15:00:00Z,PARQUE_RETIRO_-_PASEO_FERNAN_NUÑEZ,0,RETIRO,Atropello a persona,Despejado,Bicicleta,10425,Conductor,De 10 a 14 años,Mujer,14
2021S013744,2021-01-08T15:00:00Z,PARQUE_RETIRO_-_PASEO_FERNAN_NUÑEZ,0,RETIRO,Atropello a persona,Despejado,Bicicleta,10426,Peatón,De 65 a 69 años,Hombre,14
2021S013755,2021-01-08T19:45:00Z,CALLE_MISTERIOS_,97,CIUDAD_LINEAL,Choque contra obstáculo fijo,Despejado,Bicicleta,10427,Conductor,De 35 a 39 años,Hombre,2
2021S013834,2021-02-08T10:00:00Z,CARRETERA_BOADILLA_DEL_MONTE_-_CALLE_GALICIA,34,LATINA,Colisión frontal,Despejado,Bicicleta,10428,Conductor,De 40 a 44 años,Hombre,14
2021S013834,2021-02-08T10:00:00Z,CARRETERA_BOADILLA_DEL_MONTE_-_CALLE_GALICIA,34,LATINA,Colisión frontal,Despejado,Bicicleta,10429,Conductor,De 55 a 59 años,Hombre,2
2021S013839,2021-03-08T12:00:00Z,CALLE_AYALA_,72,SALAMANCA,Caída,Despejado,Bicicleta,10430,Conductor,De 25 a 29 años,Mujer,1
2021S013842,2021-07-25T01:00:00Z,AVENIDA_ASTURIAS_,62,TETUAN,Caída,Despejado,Bicicleta,10431,Conductor,De 25 a 29 años,Mujer,
2021S013863,2021-03-08T20:35:00Z,CALLE_PARROCO_DON_EMILIO_FRANCO_,10,PUENTE_DE_VALLECAS,Colisión fronto-lateral,Despejado,Bicicleta,10432,Conductor,De 50 a 54 años,Hombre,7
2021S013873,2021-07-31T00:45:00Z,CALLE_MAYOR_,25,CENTRO,Colisión lateral,Despejado,Bicicleta,10433,Conductor,De 21 a 24 años,Mujer,7
2021S013891,2021-03-08T22:38:00Z,AVENIDA_DEMOCRACIA_-_BULEV_JOSE_PRAT,19,PUENTE_DE_VALLECAS,Colisión fronto-lateral,Despejado,Bicicleta,10434,Conductor,De 45 a 49 años,Hombre,6
2021S013972,2021-04-08T19:55:00Z,AVENIDA_AMERICA_,38,SALAMANCA,Caída,Despejado,Bicicleta,10435,Conductor,De 35 a 39 años,Hombre,7
2021S013974,2021-05-08T19:50:00Z,PASEO_MELANCOLICOS_-_CALLE_SAN_ALEJANDRO,47,ARGANZUELA,Colisión fronto-lateral,Despejado,Bicicleta,10436,Conductor,De 21 a 24 años,Mujer,2
2021S013975,2021-05-08T20:12:00Z,AVENIDA_ALBUFERA_,323,PUENTE_DE_VALLECAS,Caída,Despejado,Bicicleta,10437,Conductor,De 60 a 64 años,Hombre,7
2021S013982,2021-06-08T00:15:00Z,AVENIDA_HELLIN_-_CALLE_ALBERIQUE,21,SAN_BLAS-CANILLEJAS,Colisión fronto-lateral,Despejado,Bicicleta,10438,Conductor,De 21 a 24 años,Hombre,
2021S014018,2021-05-08T21:55:00Z,CALLE_RIBERA_DE_CURTIDORES_,47,ARGANZUELA,Colisión fronto-lateral,Despejado,Bicicleta,10439,Conductor,De 30 a 34 años,Mujer,7
2021S014084,2021-07-08T19:20:00Z,PASEO_CASTELLANA_,81,TETUAN,Choque contra obstáculo fijo,Despejado,Bicicleta,10440,Conductor,De 40 a 44 años,Hombre,3
2021S014116,2021-08-08T13:50:00Z,CALLE_INFANTAS_,3,CENTRO,Caída,Despejado,Bicicleta,10441,Conductor,De 25 a 29 años,Hombre,7
2021S014130,2021-08-08T17:30:00Z,PASEO_FERNAN_NUÑEZ_,26,RETIRO,Otro,Despejado,Bicicleta,10442,Conductor,De 6  a  9 años,Hombre,7
2021S014146,2021-04-08T12:00:00Z,CARRETERA_CIUDAD_UNIVERSITARIA_-_PARQUE_CASA_DE_CAMPO,0,MONCLOA-ARAVACA,Solo salida de la vía,Despejado,Bicicleta,10443,Conductor,De 55 a 59 años,Hombre,1
2021S014147,2021-08-08T08:40:00Z,PASEO_YESERIAS_,33,ARGANZUELA,Colisión lateral,Despejado,Bicicleta,10444,Conductor,De 70 a 74 años,Hombre,14
2021S014148,2021-08-08T10:20:00Z,CALLE_NURIA_-_CALLE_LA_MASO,1,FUENCARRAL-EL_PARDO,Atropello a persona,Despejado,Bicicleta,10445,Conductor,Desconocido,Desconocido,
2021S014148,2021-08-08T10:20:00Z,CALLE_NURIA_-_CALLE_LA_MASO,1,FUENCARRAL-EL_PARDO,Atropello a persona,Despejado,Bicicleta,10446,Peatón,De 40 a 44 años,Mujer,1
2021S014174,2021-09-08T20:02:00Z,CALLE_MINERVA_-_CALLE_CAMPO_DE_LA_TORRE,58,VICALVARO,Colisión lateral,Despejado,Bicicleta,10447,Conductor,De 10 a 14 años,Hombre,2
2021S014182,2021-09-08T23:34:00Z,AVENIDA_PABLO_IGLESIAS_,40,TETUAN,Colisión lateral,,Bicicleta,10448,Conductor,De 30 a 34 años,Hombre,
2021S014189,2021-09-08T10:45:00Z,CARRETERA_CANILLAS_,122,HORTALEZA,Colisión fronto-lateral,Despejado,Bicicleta,10449,Conductor,De 50 a 54 años,Hombre,14
2021S014240,2021-10-08T16:50:00Z,PLAZA_BEATA_MARIA_ANA_DE_JESUS_-_CALLE_EMBAJADORES,14,ARGANZUELA,Colisión lateral,Despejado,Bicicleta,10450,Conductor,De 40 a 44 años,Hombre,7
2021S014406,2021-08-14T02:30:00Z,CALLE_BRAVO_MURILLO_,211,TETUAN,Caída,Despejado,Bicicleta,10451,Conductor,De 25 a 29 años,Hombre,7
2021S014441,2021-08-14T16:00:00Z,RONDA_TOLEDO_,14,ARGANZUELA,Alcance,Despejado,Bicicleta,10452,Conductor,De 18 a 20 años,Mujer,7
2021S014441,2021-08-14T16:00:00Z,RONDA_TOLEDO_,14,ARGANZUELA,Alcance,Despejado,Bicicleta,10453,Conductor,De 21 a 24 años,Mujer,14
2021S014570,2021-08-19T01:30:00Z,AVENIDA_OPORTO_-_TRVA_ANTONIA_LANCHA,8,CARABANCHEL,Colisión lateral,Despejado,Bicicleta,10454,Conductor,De 35 a 39 años,Hombre,7
2021S014602,2021-08-19T20:00:00Z,CALLE_NUMANCIA_-_AVENIDA_PABLO_IGLESIAS,2,TETUAN,Caída,Despejado,Bicicleta,10455,Conductor,De 50 a 54 años,Mujer,6
2021S014625,2021-08-19T11:30:00Z,CALLE_ARTURO_SORIA_,71,CIUDAD_LINEAL,Caída,Despejado,Bicicleta,10456,Conductor,De 50 a 54 años,Hombre,
2021S014828,2021-08-24T22:10:00Z,AVENIDA_COMPLUTENSE_,40,MONCLOA-ARAVACA,Caída,Despejado,Bicicleta,10457,Conductor,De 60 a 64 años,Hombre,2
2021S014841,2021-08-25T11:55:00Z,AVENIDA_BLAS_DE_LEZO_-_CALLE_CERRO_DEL_CAMPO,26,VICALVARO,Caída,Despejado,Bicicleta,10458,Conductor,De 70 a 74 años,Hombre,1
2021S014844,2021-08-25T14:50:00Z,CALLEE_SERRANO_,240,CHAMARTIN,Colisión lateral,Despejado,Bicicleta,10459,Conductor,De 30 a 34 años,Mujer,6
2021S014868,2021-08-25T05:50:00Z,CALLE_ARROYO_DE_LA_MEDIA_LEGUA_-_CALLE_ALCALDE_GARRIDO_JUARISTI,72,MORATALAZ,Caída,Despejado,Bicicleta,10460,Conductor,De 40 a 44 años,Hombre,2
2021S014870,2021-08-26T08:20:00Z,AVENIDA_REAL_DE_PINTO_-_CALLE_SAN_NORBERTO,32,VILLAVERDE,Caída,Despejado,Bicicleta,10461,Conductor,De 60 a 64 años,Hombre,2
2021S014934,2021-08-27T10:40:00Z,CALLE_ALCALA_,81,SALAMANCA,Caída,,Bicicleta,10462,Conductor,De 30 a 34 años,Hombre,
2021S014984,2021-08-28T10:20:00Z,CALLE_SAN_DALMACIO_-_CALLE_SAN_NORBERTO,43,VILLAVERDE,Caída,Despejado,Bicicleta,10463,Conductor,De 60 a 64 años,Hombre,7
2021S015034,2021-08-29T19:26:00Z,CALLE_ALCALA_,249,CIUDAD_LINEAL,Colisión fronto-lateral,Despejado,Bicicleta,10464,Conductor,De 10 a 14 años,Hombre,1
2021S015036,2021-08-29T19:20:00Z,CALLE_AZCONA_-_CALLE_AMOROS,27,SALAMANCA,Colisión fronto-lateral,Despejado,Bicicleta,10465,Conductor,De 25 a 29 años,Hombre,6
2021S015057,2021-08-30T08:25:00Z,CALLE_EMBAJADORES_,320,PUENTE_DE_VALLECAS,Colisión fronto-lateral,Despejado,Bicicleta,10466,Conductor,De 45 a 49 años,Hombre,1
2021S015139,2021-08-31T16:15:00Z,PASEO_MARQUES_DE_MONISTROL_-_CARRETERA_DEHESA_DE_LA_VILLA,140,MONCLOA-ARAVACA,Colisión fronto-lateral,Despejado,Bicicleta,10467,Conductor,De 60 a 64 años,Hombre,5
2021S015141,2021-08-30T21:38:00Z,PASEO_RECOLETOS_,15,CENTRO,Colisión lateral,Despejado,Bicicleta,10468,Conductor,De 55 a 59 años,Hombre,7
2021S015143,2021-08-31T17:35:00Z,PASEO_VENEZUELA_,1,RETIRO,Caída,Despejado,Bicicleta,10469,Conductor,De 10 a 14 años,Mujer,7
2021S015169,2021-08-31T08:00:00Z,PASEO_DELICIAS_-_PLAZA_EMPERADOR_CARLOS_V,1,ARGANZUELA,Colisión fronto-lateral,Despejado,Bicicleta,10470,Conductor,De 30 a 34 años,Hombre,7
